ledger_id,customer_id,transaction_type,payment_created_at,ledger_status_updated_at,provider_transaction_id,currency,local_amount,platform_fx_rate,customer_balance_change_usd,customer_balance_before_usd,customer_balance_after_usd,status,decline_reason
LED000001,CUS0090,deposit,2026-05-18 08:24:00,2026-05-18 09:48:00,PAY000001,INR,27693.6,85.504905,323.88,894.07,1217.95,credited,
LED000002,CUS0044,deposit,2026-05-18 08:42:00,2026-05-18 12:21:00,PAY000002,MYR,170.35,4.406502,38.66,796.29,834.95,credited,
LED000003,CUS0013,deposit,2026-05-18 09:43:00,2026-05-18 12:46:00,PAY000003,MYR,286.25,4.405912,64.97,1184.57,1249.54,credited,
LED000004,CUS0014,deposit,2026-05-18 11:30:00,2026-05-18 13:27:00,PAY000004,INR,4762.92,85.47044,55.73,1559.57,1615.3,credited,
LED000005,CUS0080,deposit,2026-05-18 11:56:00,2026-05-18 13:37:00,PAY000005,MYR,684.69,4.407247,155.36,1980.53,2135.89,credited,
LED000006,CUS0120,deposit,2026-05-18 13:15:00,2026-05-18 14:36:00,PAY000006,INR,28605.57,85.767578,333.52,1303.85,1637.37,credited,
LED000007,CUS0080,deposit,2026-05-18 14:08:00,2026-05-18 16:43:00,PAY000007,MYR,1378.42,4.3981,313.41,2135.89,2449.3,credited,
LED000008,CUS0037,deposit,2026-05-18 14:12:00,2026-05-18 17:11:00,PAY000008,INR,43124.27,85.758595,502.86,1251.88,1754.74,credited,
LED000009,CUS0085,payout,2026-05-18 16:23:00,2026-05-18 18:21:00,PAY000009,MYR,1040.83,4.359481,-238.75,1096.6,857.85,debited,
LED000010,CUS0122,deposit,2026-05-18 17:22:00,2026-05-18 19:59:00,PAY000010,MYR,252.39,4.39692,57.4,1846.42,1903.82,credited,
LED000011,CUS0090,deposit,2026-05-18 17:33:00,2026-05-18 18:43:00,PAY000011,INR,30419.79,85.530819,355.66,1217.95,1573.61,credited,
LED000012,CUS0028,deposit,2026-05-18 17:56:00,2026-05-18 20:52:00,PAY000012,INR,16630.55,85.573084,194.34,288.06,482.4,credited,
LED000013,CUS0103,deposit,2026-05-18 19:13:00,2026-05-18 20:59:00,PAY000013,MYR,1193.36,4.405774,270.86,534.45,805.31,credited,
LED000014,CUS0124,deposit,2026-05-18 19:13:00,2026-05-18 20:59:00,PAY000014,INR,19498.91,85.621798,227.73,1912.02,2139.75,credited,
LED000015,CUS0112,deposit,2026-05-18 19:36:00,2026-05-18 21:43:00,PAY000015,MYR,1147.41,4.410207,260.17,589.74,849.91,credited,
LED000016,CUS0020,deposit,2026-05-18 20:01:00,2026-05-18 23:26:00,PAY000016,INR,37098.67,85.493436,433.94,372.34,806.28,credited,
LED000017,CUS0119,deposit,2026-05-18 20:42:00,2026-05-18 22:04:00,PAY000017,MYR,670.99,4.398401,152.55,1182.46,1335.01,credited,
LED000018,CUS0104,deposit,2026-05-18 20:43:00,2026-05-18 21:59:00,PAY000018,MYR,167.13,4.399491,37.99,520.09,558.08,credited,
LED000019,CUS0016,deposit,2026-05-18 20:54:00,2026-05-18 22:31:00,PAY000019,MYR,208.35,4.402156,47.33,517.14,564.47,credited,
LED000020,CUS0039,deposit,2026-05-19 09:27:00,2026-05-19 11:11:00,PAY000020,INR,22922.23,85.443875,268.27,1422.65,1690.92,credited,
LED000021,CUS0082,deposit,2026-05-19 09:49:00,2026-05-19 13:07:00,PAY000021,MYR,620.48,4.406837,140.8,1793.07,1933.87,credited,
LED000022,CUS0089,deposit,2026-05-19 10:26:00,2026-05-19 13:01:00,PAY000022,MYR,1980.87,4.416052,448.56,1742.98,2191.54,credited,
LED000023,CUS0076,deposit,2026-05-19 11:02:00,2026-05-19 13:31:00,PAY000023,MYR,152.95,4.418343,34.62,1826.35,1860.97,credited,
LED000024,CUS0092,deposit,2026-05-19 11:05:00,2026-05-19 13:18:00,PAY000024,INR,5930.07,85.425532,69.42,367.32,436.74,credited,
LED000025,CUS0101,deposit,2026-05-19 11:59:00,2026-05-19 14:07:00,PAY000025,INR,31448.11,85.265707,368.82,789.23,1158.05,credited,
LED000026,CUS0055,payout,2026-05-19 12:13:00,2026-05-19 14:28:00,PAY000026,MYR,882.69,4.367174,-202.12,1944.51,1742.39,debited,
LED000027,CUS0093,deposit,2026-05-19 12:26:00,2026-05-19 13:29:00,PAY000027,INR,42078.15,85.375024,492.86,570.97,1063.83,credited,
LED000028,CUS0019,payout,2026-05-19 12:41:00,2026-05-19 14:09:00,PAY000028,INR,16677.01,84.214561,-198.03,876.54,678.51,debited,
LED000029,CUS0035,deposit,2026-05-19 15:31:00,2026-05-19 19:12:00,PAY000029,MYR,196.79,4.414995,44.57,385.47,430.04,credited,
LED000030,CUS0109,payout,2026-05-19 18:15:00,2026-05-19 20:49:00,PAY000030,MYR,834.41,4.374599,-190.74,1925.88,1735.14,debited,
LED000031,CUS0116,deposit,2026-05-19 18:49:00,2026-05-19 20:03:00,PAY000031,MYR,787.89,4.413127,178.53,1024.97,1203.5,credited,
LED000032,CUS0148,deposit,2026-05-19 18:59:00,2026-05-19 20:50:00,PAY000032,MYR,1011.37,4.414054,229.12,1365.53,1594.65,credited,
LED000033,CUS0140,deposit,2026-05-19 19:16:00,2026-05-19 19:32:00,PAY000033,MYR,1165.41,4.410634,264.23,440.95,705.18,credited,
LED000034,CUS0029,deposit,2026-05-20 08:15:00,2026-05-20 08:50:00,PAY000034,MYR,1173.13,4.43188,264.7,310.18,574.88,credited,
LED000035,CUS0021,deposit,2026-05-20 08:34:00,2026-05-20 11:21:00,PAY000035,MYR,1061.01,4.42763,239.63,1122.37,1362.0,credited,
LED000036,CUS0020,deposit,2026-05-20 08:44:00,2026-05-20 11:59:00,PAY000036,INR,34361.66,85.662325,401.13,806.28,1207.41,credited,
LED000037,CUS0088,deposit,2026-05-20 10:03:00,2026-05-20 10:41:00,PAY000037,MYR,1084.02,4.430253,244.69,1718.63,1963.32,credited,
LED000038,CUS0121,deposit,2026-05-20 10:46:00,2026-05-20 12:42:00,PAY000038,MYR,1160.71,4.428475,262.1,1119.51,1381.61,credited,
LED000039,CUS0076,deposit,2026-05-20 11:13:00,2026-05-20 12:12:00,PAY000039,MYR,599.74,4.436409,135.19,1860.97,1996.16,credited,
LED000040,CUS0145,deposit,2026-05-20 11:33:00,2026-05-20 14:50:00,PAY000040,MYR,543.07,4.432271,122.53,682.82,805.35,credited,
LED000041,CUS0075,deposit,2026-05-20 13:21:00,2026-05-20 16:07:00,PAY000041,INR,40540.34,85.696733,473.07,204.54,677.61,credited,
LED000042,CUS0033,deposit,2026-05-20 13:50:00,2026-05-20 15:23:00,PAY000042,MYR,1026.02,4.427981,231.71,1799.75,2031.46,credited,
LED000043,CUS0071,deposit,2026-05-20 16:08:00,2026-05-20 17:04:00,PAY000043,INR,42963.99,85.711447,501.26,396.09,897.35,credited,
LED000044,CUS0039,deposit,2026-05-20 16:46:00,2026-05-20 19:17:00,PAY000044,INR,33128.2,85.707343,386.53,1690.92,2077.45,credited,
LED000045,CUS0061,deposit,2026-05-20 16:52:00,2026-05-20 20:08:00,PAY000045,INR,24503.47,85.589949,286.29,1487.32,1773.61,credited,
LED000046,CUS0022,deposit,2026-05-20 17:04:00,2026-05-20 20:41:00,PAY000046,INR,48383.61,85.617911,565.11,1092.76,1657.87,credited,
LED000047,CUS0106,deposit,2026-05-20 19:24:00,2026-05-20 21:12:00,PAY000047,INR,38633.21,85.787461,450.34,1471.18,1921.52,credited,
LED000048,CUS0043,deposit,2026-05-20 19:46:00,2026-05-20 21:23:00,PAY000048,MYR,445.39,4.432254,100.49,1818.04,1918.53,credited,
LED000049,CUS0030,deposit,2026-05-21 09:02:00,2026-05-21 11:31:00,PAY000049,MYR,133.47,4.411892,30.25,1895.43,1925.68,credited,
LED000050,CUS0137,deposit,2026-05-21 09:22:00,2026-05-21 13:07:00,PAY000050,MYR,490.31,4.403886,111.34,877.04,988.38,credited,
LED000051,CUS0038,payout,2026-05-21 11:10:00,2026-05-21 13:07:00,PAY000051,MYR,714.8,4.363089,-163.83,1879.02,1715.19,debited,
LED000052,CUS0115,payout,2026-05-21 11:23:00,2026-05-21 13:22:00,PAY000052,MYR,527.93,4.37099,-120.78,604.76,483.98,debited,
LED000053,CUS0137,deposit,2026-05-21 13:38:00,2026-05-21 16:13:00,PAY000053,INR,32052.5,85.640132,374.27,988.38,1362.65,credited,
LED000054,CUS0069,payout,2026-05-21 13:51:00,2026-05-21 15:43:00,PAY000054,MYR,1058.2,4.360652,-242.67,477.39,234.72,debited,
LED000055,CUS0062,payout,2026-05-21 14:03:00,2026-05-21 17:28:00,PAY000055,MYR,890.76,4.362854,-204.17,274.42,70.25,debited,
LED000056,CUS0047,deposit,2026-05-21 14:41:00,2026-05-21 15:32:00,PAY000056,INR,16006.86,85.785128,186.59,500.27,686.86,credited,
LED000057,CUS0004,deposit,2026-05-21 15:06:00,2026-05-21 17:32:00,PAY000057,INR,20856.81,85.892089,242.83,1032.56,1275.39,credited,
LED000058,CUS0073,deposit,2026-05-21 16:52:00,2026-05-21 17:07:00,PAY000058,MYR,526.24,4.40477,119.47,997.54,1117.01,credited,
LED000059,CUS0056,deposit,2026-05-21 18:31:00,2026-05-21 21:27:00,PAY000059,INR,47549.2,85.626242,555.31,1193.55,1748.86,credited,
LED000060,CUS0034,deposit,2026-05-21 20:30:00,2026-05-21 23:57:00,PAY000060,INR,19109.94,85.636366,223.15,1140.05,1363.2,credited,
LED000061,CUS0048,payout,2026-05-21 20:39:00,2026-05-21 23:26:00,PAY000061,INR,7085.71,84.889335,-83.47,1727.05,1643.58,debited,
LED000062,CUS0071,payout,2026-05-22 09:49:00,2026-05-22 13:34:00,PAY000062,INR,19694.09,84.484098,-233.11,897.35,664.24,debited,
LED000063,CUS0019,deposit,2026-05-22 10:26:00,2026-05-22 11:11:00,PAY000063,MYR,576.26,4.40109,130.94,678.51,809.45,credited,
LED000064,CUS0016,deposit,2026-05-22 10:38:00,2026-05-22 12:02:00,PAY000064,MYR,538.73,4.402417,122.37,564.47,686.84,credited,
LED000065,CUS0052,payout,2026-05-22 11:06:00,2026-05-22 12:38:00,PAY000065,MYR,814.16,4.35402,-186.99,862.49,675.5,debited,
LED000066,CUS0139,deposit,2026-05-22 11:29:00,2026-05-22 13:09:00,PAY000066,MYR,1544.35,4.398466,351.11,670.05,1021.16,credited,
LED000067,CUS0067,deposit,2026-05-22 12:01:00,2026-05-22 12:29:00,PAY000067,INR,5612.71,85.597629,65.57,355.21,420.78,credited,
LED000068,CUS0005,deposit,2026-05-22 12:38:00,2026-05-22 14:03:00,PAY000068,MYR,1796.13,4.410251,407.26,1408.96,1816.22,credited,
LED000069,CUS0100,deposit,2026-05-22 13:05:00,2026-05-22 15:32:00,PAY000069,INR,13688.61,85.604562,159.91,1842.42,2002.33,credited,
LED000070,CUS0132,payout,2026-05-22 14:56:00,2026-05-22 17:37:00,PAY000070,MYR,938.93,4.362834,-215.21,424.13,208.92,debited,
LED000071,CUS0018,deposit,2026-05-22 15:03:00,2026-05-22 15:33:00,PAY000071,MYR,1094.05,4.403673,248.44,1676.4,1924.84,credited,
LED000072,CUS0138,deposit,2026-05-22 15:24:00,2026-05-22 17:22:00,PAY000072,MYR,1872.03,4.398691,425.59,791.09,1216.68,credited,
LED000073,CUS0024,deposit,2026-05-22 15:38:00,2026-05-22 17:16:00,PAY000073,MYR,749.75,4.403615,170.26,1274.99,1445.25,credited,
LED000074,CUS0075,deposit,2026-05-22 16:06:00,2026-05-22 17:32:00,PAY000074,MYR,1306.15,4.409956,296.18,677.61,973.79,credited,
LED000075,CUS0049,deposit,2026-05-22 16:16:00,2026-05-22 18:58:00,PAY000075,INR,15294.08,85.616396,178.63,1605.56,1784.19,credited,
LED000076,CUS0092,deposit,2026-05-22 16:22:00,2026-05-22 19:37:00,PAY000076,INR,24581.93,85.501236,287.5,436.74,724.24,credited,
LED000077,CUS0050,deposit,2026-05-22 16:36:00,2026-05-22 19:28:00,PAY000077,INR,1755.55,85.333511,20.57,290.18,310.75,credited,
LED000078,CUS0139,deposit,2026-05-22 16:51:00,2026-05-22 19:38:00,PAY000078,MYR,1297.51,4.403406,294.66,1021.16,1315.82,credited,
LED000079,CUS0005,deposit,2026-05-22 17:41:00,2026-05-22 18:22:00,PAY000079,MYR,102.97,4.413588,23.33,1816.22,1839.55,credited,
LED000080,CUS0055,deposit,2026-05-22 17:45:00,2026-05-22 21:14:00,PAY000080,INR,40451.63,85.424288,473.54,1742.39,2215.93,credited,
LED000081,CUS0138,deposit,2026-05-22 18:36:00,2026-05-22 21:24:00,PAY000081,MYR,323.44,4.413121,73.29,1216.68,1289.97,credited,
LED000082,CUS0037,payout,2026-05-22 19:24:00,2026-05-22 20:04:00,PAY000082,INR,12792.14,84.280806,-151.78,1754.74,1602.96,debited,
LED000083,CUS0034,payout,2026-05-22 20:12:00,2026-05-22 23:02:00,PAY000083,INR,1195.24,84.350316,-14.17,1363.2,1349.03,debited,
LED000084,CUS0025,deposit,2026-05-22 20:23:00,2026-05-22 22:05:00,PAY000084,MYR,928.68,4.411018,210.54,1112.02,1322.56,credited,
LED000085,CUS0028,payout,2026-05-22 20:41:00,2026-05-23 00:10:00,PAY000085,INR,3644.72,84.544562,-43.11,482.4,439.29,debited,
LED000086,CUS0052,payout,2026-05-23 08:02:00,2026-05-23 11:26:00,PAY000086,INR,11242.77,84.152503,-133.6,675.5,541.9,debited,
LED000087,CUS0148,deposit,2026-05-23 08:50:00,2026-05-23 11:11:00,PAY000087,MYR,1105.39,4.415481,250.34,1594.65,1844.99,credited,
LED000088,CUS0045,deposit,2026-05-23 08:54:00,2026-05-23 09:47:00,PAY000088,INR,17107.43,85.407699,200.3,1152.0,1352.3,credited,
LED000089,CUS0044,deposit,2026-05-23 09:40:00,2026-05-23 12:17:00,PAY000089,INR,34966.64,85.40542,409.42,834.95,1244.37,credited,
LED000090,CUS0149,deposit,2026-05-23 10:36:00,2026-05-23 11:57:00,PAY000090,MYR,110.18,4.417654,24.94,332.4,357.34,credited,
LED000091,CUS0005,deposit,2026-05-23 11:12:00,2026-05-23 11:38:00,PAY000091,MYR,1762.87,4.4271,398.2,1839.55,2237.75,credited,
LED000092,CUS0023,deposit,2026-05-23 11:13:00,2026-05-23 14:46:00,PAY000092,INR,35483.69,85.208119,416.44,1590.14,2006.58,credited,
LED000093,CUS0122,deposit,2026-05-23 11:33:00,2026-05-23 12:40:00,PAY000093,MYR,1393.95,4.420707,315.32,1903.82,2219.14,credited,
LED000094,CUS0106,payout,2026-05-23 12:10:00,2026-05-23 13:39:00,PAY000094,MYR,347.57,4.378592,-79.38,1921.52,1842.14,debited,
LED000095,CUS0128,deposit,2026-05-23 12:23:00,2026-05-23 13:31:00,PAY000095,INR,30796.47,85.350381,360.82,1575.59,1936.41,credited,
LED000096,CUS0002,deposit,2026-05-23 12:57:00,2026-05-23 13:59:00,PAY000096,MYR,1128.69,4.419498,255.39,1453.2,1708.59,credited,
LED000097,CUS0139,deposit,2026-05-23 14:17:00,2026-05-23 17:10:00,PAY000097,INR,25623.27,85.35811,300.19,1315.82,1616.01,credited,
LED000098,CUS0050,deposit,2026-05-23 14:28:00,2026-05-23 15:55:00,PAY000098,INR,6077.62,85.241227,71.3,310.75,382.05,credited,
LED000099,CUS0041,deposit,2026-05-23 16:24:00,2026-05-23 16:44:00,PAY000099,MYR,1350.18,4.422145,305.32,1320.95,1626.27,credited,
LED000100,CUS0112,payout,2026-05-23 16:31:00,2026-05-23 20:05:00,PAY000100,MYR,362.64,4.374424,-82.9,849.91,767.01,debited,
LED000101,CUS0014,deposit,2026-05-23 19:33:00,2026-05-23 20:34:00,PAY000101,MYR,1851.98,4.414111,419.56,1615.3,2034.86,credited,
LED000102,CUS0030,deposit,2026-05-23 19:59:00,2026-05-23 21:51:00,PAY000102,INR,4007.55,85.312428,46.97,1925.68,1972.65,credited,
LED000103,CUS0084,deposit,2026-05-23 20:10:00,2026-05-24 00:06:00,PAY000103,MYR,855.56,4.423829,193.4,1491.1,1684.5,credited,
LED000104,CUS0029,deposit,2026-05-23 20:46:00,2026-05-23 21:32:00,PAY000104,MYR,672.48,4.417414,152.23,574.88,727.11,credited,
LED000105,CUS0097,deposit,2026-05-24 08:49:00,2026-05-24 09:43:00,PAY000105,MYR,1785.99,4.417873,404.26,1236.14,1640.4,credited,
LED000106,CUS0112,payout,2026-05-24 10:14:00,2026-05-24 13:25:00,PAY000106,MYR,226.83,4.359666,-52.03,767.01,714.98,debited,
LED000107,CUS0035,deposit,2026-05-24 10:24:00,2026-05-24 11:59:00,PAY000107,INR,23158.14,85.147721,271.98,430.04,702.02,credited,
LED000108,CUS0052,deposit,2026-05-24 11:18:00,2026-05-24 12:16:00,PAY000108,MYR,691.71,4.419737,156.5,541.9,698.4,credited,
LED000109,CUS0029,deposit,2026-05-24 11:39:00,2026-05-24 14:08:00,PAY000109,INR,42656.74,85.111355,501.19,727.11,1228.3,credited,
LED000110,CUS0057,deposit,2026-05-24 11:47:00,2026-05-24 14:37:00,PAY000110,INR,44377.24,85.274822,520.4,403.94,924.34,credited,
LED000111,CUS0142,deposit,2026-05-24 11:54:00,2026-05-24 12:48:00,PAY000111,INR,42822.7,85.212732,502.54,1446.62,1949.16,credited,
LED000112,CUS0056,deposit,2026-05-24 12:31:00,2026-05-24 14:52:00,PAY000112,MYR,1195.41,4.417737,270.59,1748.86,2019.45,credited,
LED000113,CUS0064,deposit,2026-05-24 13:41:00,2026-05-24 16:15:00,PAY000113,INR,12767.66,85.26449,149.74,1283.35,1433.09,credited,
LED000114,CUS0039,payout,2026-05-24 14:19:00,2026-05-24 14:52:00,PAY000114,INR,23182.18,84.301895,-274.99,2077.45,1802.46,debited,
LED000115,CUS0121,deposit,2026-05-24 14:24:00,2026-05-24 16:41:00,PAY000115,INR,36807.08,85.029391,432.87,1381.61,1814.48,credited,
LED000116,CUS0123,deposit,2026-05-24 16:59:00,2026-05-24 17:58:00,PAY000116,MYR,1625.14,4.411895,368.35,1749.79,2118.14,credited,
LED000117,CUS0143,deposit,2026-05-24 17:30:00,2026-05-24 19:33:00,PAY000117,MYR,1513.57,4.406767,343.46,559.45,902.91,credited,
LED000118,CUS0062,payout,2026-05-24 17:35:00,2026-05-24 18:05:00,PAY000118,INR,4123.68,84.122304,-49.02,70.25,21.23,debited,
LED000119,CUS0042,deposit,2026-05-24 18:13:00,2026-05-24 21:32:00,PAY000119,MYR,1415.51,4.414329,320.66,1616.4,1937.06,credited,
LED000120,CUS0119,deposit,2026-05-24 18:21:00,2026-05-24 20:21:00,PAY000120,INR,38705.83,85.348451,453.5,1335.01,1788.51,credited,
LED000121,CUS0001,deposit,2026-05-24 18:57:00,2026-05-24 19:45:00,PAY000121,MYR,1724.95,4.413584,390.83,269.39,660.22,credited,
LED000122,CUS0076,deposit,2026-05-24 19:30:00,2026-05-24 21:29:00,PAY000122,MYR,869.03,4.411892,196.97,1996.16,2193.13,credited,
LED000123,CUS0021,deposit,2026-05-24 19:33:00,2026-05-24 21:51:00,PAY000123,INR,31212.53,85.284142,365.98,1362.0,1727.98,credited,
LED000124,CUS0094,deposit,2026-05-25 08:28:00,2026-05-25 09:26:00,PAY000124,INR,44454.91,85.61758,519.23,1885.83,2405.06,credited,
LED000125,CUS0011,deposit,2026-05-25 09:33:00,2026-05-25 11:04:00,PAY000125,MYR,750.18,4.422977,169.61,870.27,1039.88,credited,
LED000126,CUS0053,deposit,2026-05-25 09:42:00,2026-05-25 11:28:00,PAY000126,INR,7351.09,85.63334,85.84,534.81,620.65,credited,
LED000127,CUS0149,deposit,2026-05-25 10:06:00,2026-05-25 11:53:00,PAY000127,INR,43621.0,85.663571,509.21,357.34,866.55,credited,
LED000128,CUS0069,deposit,2026-05-25 10:28:00,2026-05-25 12:39:00,PAY000128,INR,25426.52,85.551051,297.21,234.72,531.93,credited,
LED000129,CUS0089,deposit,2026-05-25 10:32:00,2026-05-25 13:19:00,PAY000129,INR,22894.33,85.463009,267.89,2191.54,2459.43,credited,
LED000130,CUS0137,deposit,2026-05-25 10:48:00,2026-05-25 14:07:00,PAY000130,INR,34076.26,85.602316,398.08,1362.65,1760.73,credited,
LED000131,CUS0095,payout,2026-05-25 11:52:00,2026-05-25 12:26:00,PAY000131,MYR,1059.52,4.378733,-241.97,928.39,686.42,debited,
LED000132,CUS0101,deposit,2026-05-25 12:12:00,2026-05-25 13:35:00,PAY000132,MYR,1798.95,4.416288,407.34,1158.05,1565.39,credited,
LED000133,CUS0029,deposit,2026-05-25 12:42:00,2026-05-25 15:04:00,PAY000133,INR,35005.56,85.497732,409.43,1228.3,1637.73,credited,
LED000134,CUS0006,deposit,2026-05-25 14:52:00,2026-05-25 18:26:00,PAY000134,INR,15011.89,85.619617,175.33,1627.31,1802.64,credited,
LED000135,CUS0108,deposit,2026-05-25 15:08:00,2026-05-25 18:00:00,PAY000135,INR,22471.07,85.603597,262.5,1405.37,1667.87,credited,
LED000136,CUS0006,deposit,2026-05-25 16:26:00,2026-05-25 18:24:00,PAY000136,MYR,1747.43,4.418088,395.52,1802.64,2198.16,credited,
LED000137,CUS0088,deposit,2026-05-25 16:57:00,2026-05-25 18:57:00,PAY000137,MYR,1321.85,4.422027,298.92,1963.32,2262.24,credited,
LED000138,CUS0146,deposit,2026-05-25 17:17:00,2026-05-25 18:51:00,PAY000138,MYR,289.95,4.422847,65.56,1458.82,1524.38,credited,
LED000139,CUS0096,deposit,2026-05-25 17:22:00,2026-05-25 17:49:00,PAY000139,MYR,1942.33,4.418756,439.56,1433.08,1872.64,credited,
LED000140,CUS0043,deposit,2026-05-25 17:40:00,2026-05-25 19:12:00,PAY000140,MYR,1248.7,4.419775,282.53,1918.53,2201.06,credited,
LED000141,CUS0045,deposit,2026-05-25 18:00:00,2026-05-25 21:46:00,PAY000141,MYR,1683.48,4.417968,381.05,1352.3,1733.35,credited,
LED000142,CUS0030,payout,2026-05-25 18:07:00,2026-05-25 20:10:00,PAY000142,INR,1852.57,84.47669,-21.93,1972.65,1950.72,debited,
LED000143,CUS0095,deposit,2026-05-25 18:16:00,2026-05-25 21:30:00,PAY000143,INR,9632.58,85.59229,112.54,686.42,798.96,credited,
LED000144,CUS0089,deposit,2026-05-25 19:08:00,2026-05-25 21:42:00,PAY000144,INR,7823.24,85.669227,91.32,2459.43,2550.75,credited,
LED000145,CUS0032,deposit,2026-05-25 19:50:00,2026-05-25 22:38:00,PAY000145,INR,46061.48,85.624054,537.95,733.09,1271.04,credited,
LED000146,CUS0118,payout,2026-05-25 20:05:00,2026-05-25 20:50:00,PAY000146,MYR,1015.92,4.384278,-231.72,248.97,17.25,debited,
LED000147,CUS0076,deposit,2026-05-25 20:14:00,2026-05-25 22:22:00,PAY000147,MYR,963.6,4.426195,217.7,2193.13,2410.83,credited,
LED000148,CUS0114,deposit,2026-05-25 20:14:00,2026-05-25 21:34:00,PAY000148,INR,17264.88,85.715123,201.42,1981.26,2182.68,credited,
LED000149,CUS0036,deposit,2026-05-25 20:21:00,2026-05-25 21:15:00,PAY000149,MYR,1365.68,4.430671,308.23,1740.24,2048.47,credited,
LED000150,CUS0057,payout,2026-05-26 08:19:00,2026-05-26 09:08:00,PAY000150,INR,11741.04,84.267869,-139.33,924.34,785.01,debited,
LED000151,CUS0050,deposit,2026-05-26 08:53:00,2026-05-26 10:45:00,PAY000151,INR,29379.86,85.355668,344.21,382.05,726.26,credited,
LED000152,CUS0022,deposit,2026-05-26 09:24:00,2026-05-26 12:07:00,PAY000152,MYR,1090.67,4.419772,246.77,1657.87,1904.64,credited,
LED000153,CUS0101,deposit,2026-05-26 09:35:00,2026-05-26 11:40:00,PAY000153,INR,10125.28,85.481151,118.45,1565.39,1683.84,credited,
LED000154,CUS0093,deposit,2026-05-26 09:38:00,2026-05-26 11:56:00,PAY000154,INR,20179.12,85.458152,236.13,1063.83,1299.96,credited,
LED000155,CUS0073,deposit,2026-05-26 10:08:00,2026-05-26 12:00:00,PAY000155,MYR,709.49,4.422907,160.41,1117.01,1277.42,credited,
LED000156,CUS0114,deposit,2026-05-26 10:59:00,2026-05-26 13:42:00,PAY000156,INR,37205.62,85.221733,436.57,2182.68,2619.25,credited,
LED000157,CUS0109,deposit,2026-05-26 11:24:00,2026-05-26 13:24:00,PAY000157,MYR,1465.35,4.421417,331.42,1735.14,2066.56,credited,
LED000158,CUS0078,deposit,2026-05-26 11:42:00,2026-05-26 14:23:00,PAY000158,INR,23993.35,85.197142,281.62,423.78,705.4,credited,
LED000159,CUS0097,deposit,2026-05-26 11:49:00,2026-05-26 14:19:00,PAY000159,INR,4878.19,85.466583,57.08,1640.4,1697.48,credited,
LED000160,CUS0143,deposit,2026-05-26 12:14:00,2026-05-26 15:33:00,PAY000160,MYR,940.38,4.423645,212.58,902.91,1115.49,credited,
LED000161,CUS0098,deposit,2026-05-26 12:19:00,2026-05-26 14:32:00,PAY000161,INR,14828.43,85.216123,174.01,668.58,842.59,credited,
LED000162,CUS0078,payout,2026-05-26 12:41:00,2026-05-26 14:59:00,PAY000162,MYR,672.48,4.386989,-153.29,705.4,552.11,debited,
LED000163,CUS0040,deposit,2026-05-26 12:44:00,2026-05-26 16:26:00,PAY000163,INR,13502.51,85.418145,158.08,369.38,527.46,credited,
LED000164,CUS0074,deposit,2026-05-26 12:45:00,2026-05-26 15:54:00,PAY000164,MYR,851.8,4.418506,192.78,268.35,461.13,credited,
LED000165,CUS0071,deposit,2026-05-26 13:15:00,2026-05-26 14:16:00,PAY000165,INR,24905.99,85.157828,292.47,664.24,956.71,credited,
LED000166,CUS0145,deposit,2026-05-26 14:42:00,2026-05-26 16:34:00,PAY000166,MYR,889.05,4.426593,200.84,805.35,1006.19,credited,
LED000167,CUS0031,deposit,2026-05-26 15:02:00,2026-05-26 17:36:00,PAY000167,MYR,765.21,4.433553,172.6,1710.38,1882.98,credited,
LED000168,CUS0015,deposit,2026-05-26 15:35:00,2026-05-26 18:35:00,PAY000168,MYR,317.89,4.41919,71.93,981.32,1053.25,credited,
LED000169,CUS0014,deposit,2026-05-26 15:55:00,2026-05-26 18:28:00,PAY000169,INR,13997.18,85.270088,164.15,2034.86,2199.01,credited,
LED000170,CUS0075,deposit,2026-05-26 16:03:00,2026-05-26 17:00:00,PAY000170,MYR,1073.34,4.41717,242.99,973.79,1216.78,credited,
LED000171,CUS0047,deposit,2026-05-26 16:09:00,2026-05-26 19:36:00,PAY000171,INR,38352.12,85.409689,449.04,686.86,1135.9,credited,
LED000172,CUS0081,deposit,2026-05-26 16:34:00,2026-05-26 20:26:00,PAY000172,INR,41427.69,85.333677,485.48,1826.87,2312.35,credited,
LED000173,CUS0093,deposit,2026-05-26 16:34:00,2026-05-26 19:30:00,PAY000173,MYR,218.79,4.421113,49.49,1299.96,1349.45,credited,
LED000174,CUS0133,deposit,2026-05-26 16:34:00,2026-05-26 19:10:00,PAY000174,INR,14430.18,85.152523,169.46,1320.4,1489.86,credited,
LED000175,CUS0042,deposit,2026-05-26 17:06:00,2026-05-26 18:23:00,PAY000175,MYR,231.76,4.432608,52.29,1937.06,1989.35,credited,
LED000176,CUS0144,payout,2026-05-26 18:34:00,2026-05-26 21:48:00,PAY000176,INR,14769.72,84.412848,-174.97,278.93,103.96,debited,
LED000177,CUS0020,deposit,2026-05-27 08:04:00,2026-05-27 09:42:00,PAY000177,INR,6270.0,85.693334,73.17,1207.41,1280.58,credited,
LED000178,CUS0080,deposit,2026-05-27 08:11:00,2026-05-27 09:44:00,PAY000178,INR,34707.01,85.714652,404.91,2449.3,2854.21,credited,
LED000179,CUS0134,payout,2026-05-27 08:54:00,2026-05-27 10:38:00,PAY000179,MYR,1010.82,4.367514,-231.44,561.83,330.39,debited,
LED000180,CUS0031,deposit,2026-05-27 08:59:00,2026-05-27 10:25:00,PAY000180,MYR,468.04,4.39624,106.46,1882.98,1989.44,credited,
LED000181,CUS0054,deposit,2026-05-27 09:10:00,2026-05-27 10:03:00,PAY000181,INR,6945.8,85.655645,81.09,1288.06,1369.15,credited,
LED000182,CUS0124,deposit,2026-05-27 10:37:00,2026-05-27 11:05:00,PAY000182,INR,37988.03,85.576886,443.91,2139.75,2583.66,credited,
LED000183,CUS0132,deposit,2026-05-27 11:51:00,2026-05-27 14:04:00,PAY000183,INR,29862.22,85.561476,349.01,208.92,557.93,credited,
LED000184,CUS0078,deposit,2026-05-27 12:04:00,2026-05-27 13:24:00,PAY000184,MYR,1345.15,4.396495,305.96,552.11,858.07,credited,
LED000185,CUS0053,deposit,2026-05-27 13:10:00,2026-05-27 14:18:00,PAY000185,INR,29586.35,85.865721,344.57,620.65,965.22,credited,
LED000186,CUS0038,deposit,2026-05-27 13:16:00,2026-05-27 15:10:00,PAY000186,MYR,1696.35,4.396248,385.86,1715.19,2101.05,credited,
LED000187,CUS0129,payout,2026-05-27 13:38:00,2026-05-27 16:35:00,PAY000187,MYR,1030.39,4.358138,-236.43,478.3,241.87,debited,
LED000188,CUS0149,payout,2026-05-27 13:59:00,2026-05-27 16:33:00,PAY000188,INR,19562.88,84.563328,-231.34,866.55,635.21,debited,
LED000189,CUS0044,deposit,2026-05-27 15:29:00,2026-05-27 17:52:00,PAY000189,INR,45132.18,85.880865,525.52,1244.37,1769.89,credited,
LED000190,CUS0130,payout,2026-05-27 16:18:00,2026-05-27 18:48:00,PAY000190,INR,15366.74,84.842878,-181.12,211.01,29.89,debited,
LED000191,CUS0028,deposit,2026-05-27 16:57:00,2026-05-27 18:57:00,PAY000191,INR,9452.0,85.700987,110.29,439.29,549.58,credited,
LED000192,CUS0059,deposit,2026-05-27 17:07:00,2026-05-27 18:40:00,PAY000192,MYR,832.93,4.399508,189.32,1602.44,1791.76,credited,
LED000193,CUS0035,deposit,2026-05-27 17:23:00,2026-05-27 19:46:00,PAY000193,MYR,1006.76,4.397676,228.93,702.02,930.95,credited,
LED000194,CUS0011,payout,2026-05-27 18:03:00,2026-05-27 20:22:00,PAY000194,MYR,147.64,4.361713,-33.85,1039.88,1006.03,debited,
LED000195,CUS0080,deposit,2026-05-27 18:59:00,2026-05-27 21:12:00,PAY000195,MYR,1383.48,4.40073,314.38,2854.21,3168.59,credited,
LED000196,CUS0110,deposit,2026-05-27 19:20:00,2026-05-27 20:40:00,PAY000196,MYR,401.91,4.400853,91.33,599.48,690.81,credited,
LED000197,CUS0095,deposit,2026-05-27 19:43:00,2026-05-27 23:12:00,PAY000197,MYR,383.22,4.412278,86.85,798.96,885.81,credited,
LED000198,CUS0134,deposit,2026-05-27 20:45:00,2026-05-27 21:19:00,PAY000198,INR,33098.14,85.686142,386.27,330.39,716.66,credited,
LED000199,CUS0027,deposit,2026-05-28 09:16:00,2026-05-28 10:09:00,PAY000199,INR,37200.89,85.683138,434.17,878.47,1312.64,credited,
LED000200,CUS0087,deposit,2026-05-28 09:47:00,2026-05-28 11:43:00,PAY000200,MYR,424.52,4.437428,95.67,1465.43,1561.1,credited,
LED000201,CUS0128,deposit,2026-05-28 09:49:00,2026-05-28 13:00:00,PAY000201,INR,14286.66,85.835135,166.44,1936.41,2102.85,credited,
LED000202,CUS0103,deposit,2026-05-28 09:53:00,2026-05-28 13:27:00,PAY000202,MYR,731.51,4.43355,164.99,805.31,970.3,credited,
LED000203,CUS0131,deposit,2026-05-28 11:10:00,2026-05-28 13:18:00,PAY000203,MYR,579.41,4.437646,130.57,1458.65,1589.22,credited,
LED000204,CUS0128,deposit,2026-05-28 11:35:00,2026-05-28 12:16:00,PAY000204,INR,11925.68,85.633722,139.26,2102.85,2242.11,credited,
LED000205,CUS0018,deposit,2026-05-28 12:09:00,2026-05-28 12:32:00,PAY000205,INR,25157.68,85.800741,293.21,1924.84,2218.05,credited,
LED000206,CUS0084,payout,2026-05-28 13:42:00,2026-05-28 17:06:00,PAY000206,MYR,238.16,4.386774,-54.29,1684.5,1630.21,debited,
LED000207,CUS0134,deposit,2026-05-28 14:32:00,2026-05-28 16:49:00,PAY000207,INR,38494.82,85.808412,448.61,716.66,1165.27,credited,
LED000208,CUS0126,deposit,2026-05-28 14:40:00,2026-05-28 17:25:00,PAY000208,MYR,1024.45,4.431881,231.15,674.29,905.44,credited,
LED000209,CUS0009,deposit,2026-05-28 14:57:00,2026-05-28 15:57:00,PAY000209,INR,49540.22,85.874384,576.89,234.48,811.37,credited,
LED000210,CUS0097,deposit,2026-05-28 15:51:00,2026-05-28 16:08:00,PAY000210,MYR,901.84,4.425724,203.77,1697.48,1901.25,credited,
LED000211,CUS0078,deposit,2026-05-28 16:23:00,2026-05-28 17:42:00,PAY000211,INR,44292.66,85.738635,516.6,858.07,1374.67,credited,
LED000212,CUS0100,deposit,2026-05-28 16:28:00,2026-05-28 17:38:00,PAY000212,MYR,990.29,4.422534,223.92,2002.33,2226.25,credited,
LED000213,CUS0139,deposit,2026-05-28 16:45:00,2026-05-28 19:27:00,PAY000213,MYR,1157.25,4.431845,261.12,1616.01,1877.13,credited,
LED000214,CUS0101,deposit,2026-05-28 16:47:00,2026-05-28 19:48:00,PAY000214,INR,13537.85,85.721497,157.93,1683.84,1841.77,credited,
LED000215,CUS0073,deposit,2026-05-28 17:01:00,2026-05-28 17:51:00,PAY000215,MYR,661.35,4.43373,149.16,1277.42,1426.58,credited,
LED000216,CUS0094,deposit,2026-05-28 17:06:00,2026-05-28 19:42:00,PAY000216,INR,17769.4,85.591723,207.61,2405.06,2612.67,credited,
LED000217,CUS0110,deposit,2026-05-28 17:38:00,2026-05-28 19:41:00,PAY000217,MYR,709.93,4.426893,160.37,690.81,851.18,credited,
LED000218,CUS0063,deposit,2026-05-28 18:08:00,2026-05-28 21:18:00,PAY000218,MYR,517.8,4.421151,117.12,1939.8,2056.92,credited,
LED000219,CUS0017,deposit,2026-05-28 18:54:00,2026-05-28 19:50:00,PAY000219,INR,43512.53,85.859918,506.79,1731.58,2238.37,credited,
LED000220,CUS0084,deposit,2026-05-28 19:49:00,2026-05-28 23:38:00,PAY000220,INR,2350.19,85.554525,27.47,1630.21,1657.68,credited,
LED000221,CUS0108,payout,2026-05-28 19:57:00,2026-05-28 22:40:00,PAY000221,MYR,383.0,4.386134,-87.32,1667.87,1580.55,debited,
LED000222,CUS0097,deposit,2026-05-29 08:06:00,2026-05-29 10:10:00,PAY000222,INR,28732.5,85.566658,335.79,1901.25,2237.04,credited,
LED000223,CUS0026,deposit,2026-05-29 08:14:00,2026-05-29 09:33:00,PAY000223,INR,34697.77,85.506044,405.79,1235.29,1641.08,credited,
LED000224,CUS0087,deposit,2026-05-29 09:19:00,2026-05-29 11:04:00,PAY000224,MYR,358.26,4.409861,81.24,1561.1,1642.34,credited,
LED000225,CUS0020,deposit,2026-05-29 09:53:00,2026-05-29 12:29:00,PAY000225,MYR,1685.55,4.404551,382.68,1280.58,1663.26,credited,
LED000226,CUS0077,deposit,2026-05-29 10:27:00,2026-05-29 13:06:00,PAY000226,MYR,1992.57,4.40567,452.27,1957.89,2410.16,credited,
LED000227,CUS0024,deposit,2026-05-29 10:30:00,2026-05-29 13:10:00,PAY000227,INR,36026.49,85.443273,421.64,1445.25,1866.89,credited,
LED000228,CUS0146,deposit,2026-05-29 10:39:00,2026-05-29 13:13:00,PAY000228,MYR,1608.34,4.405814,365.05,1524.38,1889.43,credited,
LED000229,CUS0020,deposit,2026-05-29 11:10:00,2026-05-29 13:05:00,PAY000229,INR,32751.07,85.348562,383.73,1663.26,2046.99,credited,
LED000230,CUS0139,payout,2026-05-29 11:28:00,2026-05-29 13:45:00,PAY000230,MYR,440.27,4.364762,-100.87,1877.13,1776.26,debited,
LED000231,CUS0117,deposit,2026-05-29 12:24:00,2026-05-29 15:01:00,PAY000231,MYR,1352.97,4.412016,306.66,310.2,616.86,credited,
LED000232,CUS0133,payout,2026-05-29 12:48:00,2026-05-29 15:52:00,PAY000232,INR,21966.59,84.425173,-260.19,1489.86,1229.67,debited,
LED000233,CUS0120,deposit,2026-05-29 12:52:00,2026-05-29 16:15:00,PAY000233,INR,13762.83,85.455651,161.05,1637.37,1798.42,credited,
LED000234,CUS0016,deposit,2026-05-29 13:14:00,2026-05-29 15:22:00,PAY000234,MYR,1058.87,4.417479,239.7,686.84,926.54,credited,
LED000235,CUS0077,deposit,2026-05-29 13:38:00,2026-05-29 15:49:00,PAY000235,INR,42284.04,85.31203,495.64,2410.16,2905.8,credited,
LED000236,CUS0106,payout,2026-05-29 13:52:00,2026-05-29 15:52:00,PAY000236,INR,7379.78,84.427226,-87.41,1842.14,1754.73,debited,
LED000237,CUS0061,deposit,2026-05-29 14:07:00,2026-05-29 14:51:00,PAY000237,INR,20590.36,85.31752,241.34,1773.61,2014.95,credited,
LED000238,CUS0080,deposit,2026-05-29 14:24:00,2026-05-29 17:20:00,PAY000238,INR,23475.91,85.239381,275.41,3168.59,3444.0,credited,
LED000239,CUS0010,deposit,2026-05-29 14:32:00,2026-05-29 15:55:00,PAY000239,MYR,427.92,4.412404,96.98,978.3,1075.28,credited,
LED000240,CUS0072,deposit,2026-05-29 14:32:00,2026-05-29 16:04:00,PAY000240,INR,33104.2,85.318187,388.01,1163.34,1551.35,credited,
LED000241,CUS0125,deposit,2026-05-29 14:42:00,2026-05-29 15:57:00,PAY000241,INR,39220.57,85.55915,458.4,1242.09,1700.49,credited,
LED000242,CUS0077,deposit,2026-05-29 14:43:00,2026-05-29 17:30:00,PAY000242,INR,43425.0,85.337148,508.86,2905.8,3414.66,credited,
LED000243,CUS0024,payout,2026-05-29 15:32:00,2026-05-29 16:28:00,PAY000243,MYR,546.55,4.368932,-125.1,1866.89,1741.79,debited,
LED000244,CUS0129,deposit,2026-05-29 15:55:00,2026-05-29 18:56:00,PAY000244,INR,46680.3,85.424964,546.45,241.87,788.32,credited,
LED000245,CUS0024,deposit,2026-05-29 16:41:00,2026-05-29 18:07:00,PAY000245,MYR,499.01,4.409749,113.16,1741.79,1854.95,credited,
LED000246,CUS0150,deposit,2026-05-29 17:25:00,2026-05-29 19:30:00,PAY000246,MYR,1482.36,4.406801,336.38,1466.01,1802.39,credited,
LED000247,CUS0028,payout,2026-05-29 19:06:00,2026-05-29 20:50:00,PAY000247,MYR,265.11,4.361009,-60.79,549.58,488.79,debited,
LED000248,CUS0015,deposit,2026-05-29 19:29:00,2026-05-29 21:54:00,PAY000248,MYR,996.01,4.405478,226.08,1053.25,1279.33,credited,
LED000249,CUS0109,deposit,2026-05-29 19:42:00,2026-05-29 21:08:00,PAY000249,INR,24005.28,85.338031,281.3,2066.56,2347.86,credited,
LED000250,CUS0095,deposit,2026-05-29 20:38:00,2026-05-29 21:30:00,PAY000250,INR,41157.59,85.353919,482.2,885.81,1368.01,credited,
LED000251,CUS0014,deposit,2026-05-29 20:43:00,2026-05-29 23:55:00,PAY000251,INR,34688.78,85.517367,405.63,2199.01,2604.64,credited,
LED000252,CUS0080,deposit,2026-05-30 08:18:00,2026-05-30 10:53:00,PAY000252,MYR,1288.73,4.41715,291.76,3444.0,3735.76,credited,
LED000253,CUS0061,deposit,2026-05-30 08:25:00,2026-05-30 10:10:00,PAY000253,INR,42953.53,85.834755,500.42,2014.95,2515.37,credited,
LED000254,CUS0066,payout,2026-05-30 08:29:00,2026-05-30 09:54:00,PAY000254,MYR,425.97,4.379754,-97.26,428.88,331.62,debited,
LED000255,CUS0042,deposit,2026-05-30 09:36:00,2026-05-30 12:43:00,PAY000255,INR,45836.59,85.946155,533.32,1989.35,2522.67,credited,
LED000256,CUS0071,deposit,2026-05-30 10:08:00,2026-05-30 12:49:00,PAY000256,MYR,1736.9,4.42133,392.85,956.71,1349.56,credited,
LED000257,CUS0086,deposit,2026-05-30 10:48:00,2026-05-30 12:11:00,PAY000257,MYR,1443.25,4.423753,326.25,1887.22,2213.47,credited,
LED000258,CUS0130,deposit,2026-05-30 10:55:00,2026-05-30 13:26:00,PAY000258,INR,3785.18,85.890907,44.07,29.89,73.96,credited,
LED000259,CUS0008,deposit,2026-05-30 11:08:00,2026-05-30 14:39:00,PAY000259,MYR,1531.09,4.415393,346.76,1096.89,1443.65,credited,
LED000260,CUS0035,deposit,2026-05-30 11:42:00,2026-05-30 13:19:00,PAY000260,INR,652.25,85.867452,7.6,930.95,938.55,credited,
LED000261,CUS0022,deposit,2026-05-30 11:46:00,2026-05-30 13:28:00,PAY000261,MYR,248.33,4.412928,56.27,1904.64,1960.91,credited,
LED000262,CUS0106,payout,2026-05-30 12:14:00,2026-05-30 14:09:00,PAY000262,INR,20368.98,84.916727,-239.87,1754.73,1514.86,debited,
LED000263,CUS0035,deposit,2026-05-30 12:41:00,2026-05-30 16:19:00,PAY000263,MYR,543.54,4.422817,122.89,938.55,1061.44,credited,
LED000264,CUS0051,deposit,2026-05-30 13:13:00,2026-05-30 15:04:00,PAY000264,MYR,196.27,4.42151,44.39,1264.54,1308.93,credited,
LED000265,CUS0147,deposit,2026-05-30 13:31:00,2026-05-30 14:41:00,PAY000265,MYR,472.24,4.422868,106.77,691.91,798.68,credited,
LED000266,CUS0119,deposit,2026-05-30 14:42:00,2026-05-30 15:34:00,PAY000266,INR,10314.18,85.962436,119.98,1788.51,1908.49,credited,
LED000267,CUS0067,deposit,2026-05-30 16:09:00,2026-05-30 17:59:00,PAY000267,MYR,324.02,4.418304,73.34,420.78,494.12,credited,
LED000268,CUS0135,deposit,2026-05-30 16:42:00,2026-05-30 19:36:00,PAY000268,INR,22040.36,85.65597,257.31,965.18,1222.49,credited,
LED000269,CUS0053,deposit,2026-05-30 16:42:00,2026-05-30 18:14:00,PAY000269,MYR,405.37,4.40948,91.93,965.22,1057.15,credited,
LED000270,CUS0111,deposit,2026-05-30 16:43:00,2026-05-30 19:35:00,PAY000270,MYR,1716.99,4.414136,388.98,538.01,926.99,credited,
LED000271,CUS0049,deposit,2026-05-30 16:58:00,2026-05-30 19:38:00,PAY000271,MYR,854.11,4.420224,193.23,1784.19,1977.42,credited,
LED000272,CUS0068,deposit,2026-05-30 17:41:00,2026-05-30 20:40:00,PAY000272,INR,12156.54,85.661002,141.91,1396.65,1538.56,credited,
LED000273,CUS0118,payout,2026-05-30 18:33:00,2026-05-30 20:47:00,PAY000273,INR,900.1,84.754821,-10.62,17.25,6.63,debited,
LED000274,CUS0102,deposit,2026-05-30 19:10:00,2026-05-30 21:39:00,PAY000274,MYR,1383.1,4.424599,312.59,824.59,1137.18,credited,
LED000275,CUS0066,payout,2026-05-30 19:14:00,2026-05-30 21:45:00,PAY000275,MYR,136.5,4.376406,-31.19,331.62,300.43,debited,
LED000276,CUS0061,deposit,2026-05-30 19:17:00,2026-05-30 21:31:00,PAY000276,INR,23811.15,85.765393,277.63,2515.37,2793.0,credited,
LED000277,CUS0130,deposit,2026-05-30 20:18:00,2026-05-30 22:06:00,PAY000277,INR,31173.06,85.652965,363.95,73.96,437.91,credited,
LED000278,CUS0144,deposit,2026-05-31 08:18:00,2026-05-31 09:25:00,PAY000278,MYR,111.02,4.401249,25.22,103.96,129.18,credited,
LED000279,CUS0087,deposit,2026-05-31 08:32:00,2026-05-31 09:16:00,PAY000279,INR,43955.89,85.232683,515.72,1642.34,2158.06,credited,
LED000280,CUS0111,deposit,2026-05-31 08:57:00,2026-05-31 09:52:00,PAY000280,MYR,309.34,4.41144,70.12,926.99,997.11,credited,
LED000281,CUS0128,deposit,2026-05-31 09:00:00,2026-05-31 11:04:00,PAY000281,INR,43648.14,85.394545,511.13,2242.11,2753.24,credited,
LED000282,CUS0073,deposit,2026-05-31 09:20:00,2026-05-31 11:12:00,PAY000282,MYR,1808.5,4.415248,409.6,1426.58,1836.18,credited,
LED000283,CUS0112,deposit,2026-05-31 10:11:00,2026-05-31 12:24:00,PAY000283,MYR,1788.56,4.408032,405.75,714.98,1120.73,credited,
LED000284,CUS0039,deposit,2026-05-31 10:28:00,2026-05-31 14:02:00,PAY000284,MYR,1124.68,4.412382,254.89,1802.46,2057.35,credited,
LED000285,CUS0039,deposit,2026-05-31 10:41:00,2026-05-31 11:35:00,PAY000285,MYR,137.5,4.399856,31.25,2057.35,2088.6,credited,
LED000286,CUS0121,payout,2026-05-31 11:34:00,2026-05-31 13:48:00,PAY000286,MYR,595.36,4.35969,-136.56,1814.48,1677.92,debited,
LED000287,CUS0144,deposit,2026-05-31 12:17:00,2026-05-31 14:36:00,PAY000287,MYR,985.84,4.405203,223.79,129.18,352.97,credited,
LED000288,CUS0024,deposit,2026-05-31 13:15:00,2026-05-31 14:44:00,PAY000288,INR,10584.82,85.1031,124.38,1854.95,1979.33,credited,
LED000289,CUS0070,payout,2026-05-31 13:18:00,2026-05-31 16:50:00,PAY000289,INR,14612.38,84.298922,-173.34,1653.44,1480.1,debited,
LED000290,CUS0002,deposit,2026-05-31 14:32:00,2026-05-31 17:15:00,PAY000290,INR,26537.76,85.259889,311.26,1708.59,2019.85,credited,
LED000291,CUS0064,payout,2026-05-31 15:04:00,2026-05-31 18:09:00,PAY000291,MYR,1017.57,4.371214,-232.79,1433.09,1200.3,debited,
LED000292,CUS0032,deposit,2026-05-31 15:09:00,2026-05-31 18:45:00,PAY000292,MYR,806.51,4.399375,183.32,1271.04,1454.36,credited,
LED000293,CUS0040,deposit,2026-05-31 16:46:00,2026-05-31 19:42:00,PAY000293,INR,1929.29,85.34629,22.61,527.46,550.07,credited,
LED000294,CUS0069,deposit,2026-05-31 17:43:00,2026-05-31 18:11:00,PAY000294,MYR,1200.58,4.406923,272.43,531.93,804.36,credited,
LED000295,CUS0116,payout,2026-05-31 17:46:00,2026-05-31 20:25:00,PAY000295,INR,8783.18,84.267337,-104.23,1203.5,1099.27,debited,
LED000296,CUS0073,payout,2026-05-31 18:53:00,2026-05-31 20:00:00,PAY000296,INR,8747.44,84.337103,-103.72,1836.18,1732.46,debited,
LED000297,CUS0098,deposit,2026-05-31 20:40:00,2026-05-31 22:02:00,PAY000297,INR,5081.28,85.247483,59.61,842.59,902.2,credited,
LED000298,CUS0103,deposit,2026-06-01 08:47:00,2026-06-01 09:56:00,PAY000298,INR,4914.82,85.907222,57.21,970.3,1027.51,credited,
LED000299,CUS0073,deposit,2026-06-01 08:51:00,2026-06-01 11:53:00,PAY000299,MYR,1304.92,4.430617,294.52,1732.46,2026.98,credited,
LED000300,CUS0111,deposit,2026-06-01 08:54:00,2026-06-01 11:16:00,PAY000300,INR,36926.52,85.678617,430.99,997.11,1428.1,credited,
LED000301,CUS0025,deposit,2026-06-01 09:54:00,2026-06-01 12:23:00,PAY000301,INR,41686.62,85.699367,486.43,1322.56,1808.99,credited,
LED000302,CUS0100,deposit,2026-06-01 10:42:00,2026-06-01 13:50:00,PAY000302,MYR,968.59,4.424703,218.91,2226.25,2445.16,credited,
LED000303,CUS0109,deposit,2026-06-01 10:44:00,2026-06-01 13:38:00,PAY000303,MYR,1627.66,4.418415,368.38,2347.86,2716.24,credited,
LED000304,CUS0024,deposit,2026-06-01 11:31:00,2026-06-01 13:33:00,PAY000304,MYR,109.66,4.427982,24.77,1979.33,2004.1,credited,
LED000305,CUS0040,deposit,2026-06-01 11:40:00,2026-06-01 14:40:00,PAY000305,INR,46568.05,85.798343,542.76,550.07,1092.83,credited,
LED000306,CUS0112,deposit,2026-06-01 11:47:00,2026-06-01 14:14:00,PAY000306,INR,4419.56,85.675927,51.58,1120.73,1172.31,credited,
LED000307,CUS0077,deposit,2026-06-01 12:04:00,2026-06-01 14:50:00,PAY000307,INR,42156.13,85.913785,490.68,3414.66,3905.34,credited,
LED000308,CUS0142,deposit,2026-06-01 12:28:00,2026-06-01 13:17:00,PAY000308,MYR,180.77,4.426882,40.83,1949.16,1989.99,credited,
LED000309,CUS0106,deposit,2026-06-01 12:42:00,2026-06-01 16:23:00,PAY000309,INR,5176.98,85.751367,60.37,1514.86,1575.23,credited,
LED000310,CUS0150,deposit,2026-06-01 13:10:00,2026-06-01 15:25:00,PAY000310,MYR,191.09,4.42311,43.2,1802.39,1845.59,credited,
LED000311,CUS0119,deposit,2026-06-01 13:22:00,2026-06-01 15:07:00,PAY000311,INR,9387.83,85.830209,109.38,1908.49,2017.87,credited,
LED000312,CUS0107,deposit,2026-06-01 13:50:00,2026-06-01 15:32:00,PAY000312,MYR,1757.21,4.417619,397.77,1937.0,2334.77,credited,
LED000313,CUS0116,deposit,2026-06-01 14:16:00,2026-06-01 15:50:00,PAY000313,MYR,1258.91,4.430225,284.16,1099.27,1383.43,credited,
LED000314,CUS0021,deposit,2026-06-01 14:28:00,2026-06-01 17:24:00,PAY000314,INR,37477.95,85.648613,437.58,1727.98,2165.56,credited,
LED000315,CUS0005,payout,2026-06-01 15:38:00,2026-06-01 16:13:00,PAY000315,INR,991.02,84.702442,-11.7,2237.75,2226.05,debited,
LED000316,CUS0118,deposit,2026-06-01 15:43:00,2026-06-01 19:24:00,PAY000316,INR,34744.41,85.801152,404.94,6.63,411.57,credited,
LED000317,CUS0093,payout,2026-06-01 17:07:00,2026-06-01 20:30:00,PAY000317,MYR,920.69,4.378177,-210.29,1349.45,1139.16,debited,
LED000318,CUS0035,deposit,2026-06-01 18:13:00,2026-06-01 19:39:00,PAY000318,MYR,57.34,4.418369,12.98,1061.44,1074.42,credited,
LED000319,CUS0049,deposit,2026-06-01 20:06:00,2026-06-01 21:35:00,PAY000319,INR,43021.1,85.814951,501.32,1977.42,2478.74,credited,
LED000320,CUS0112,deposit,2026-06-01 20:48:00,2026-06-01 23:23:00,PAY000320,INR,42183.44,85.799073,491.65,1172.31,1663.96,credited,
LED000321,CUS0119,deposit,2026-06-02 08:00:00,2026-06-02 09:55:00,PAY000321,INR,7834.2,85.651839,91.47,2017.87,2109.34,credited,
LED000322,CUS0040,deposit,2026-06-02 08:29:00,2026-06-02 10:59:00,PAY000322,INR,37069.67,85.605614,433.03,1092.83,1525.86,credited,
LED000323,CUS0116,deposit,2026-06-02 08:45:00,2026-06-02 10:00:00,PAY000323,MYR,1182.9,4.421615,267.53,1383.43,1650.96,credited,
LED000324,CUS0003,deposit,2026-06-02 09:07:00,2026-06-02 11:29:00,PAY000324,MYR,232.25,4.422169,52.52,459.08,511.6,credited,
LED000325,CUS0142,deposit,2026-06-02 09:10:00,2026-06-02 09:56:00,PAY000325,MYR,1998.08,4.434328,450.59,1989.99,2440.58,credited,
LED000326,CUS0125,deposit,2026-06-02 09:30:00,2026-06-02 10:24:00,PAY000326,MYR,486.85,4.429881,109.9,1700.49,1810.39,credited,
LED000327,CUS0081,deposit,2026-06-02 09:43:00,2026-06-02 11:54:00,PAY000327,INR,27886.16,85.693357,325.42,2312.35,2637.77,credited,
LED000328,CUS0030,deposit,2026-06-02 10:06:00,2026-06-02 13:19:00,PAY000328,MYR,1004.73,4.437023,226.44,1950.72,2177.16,credited,
LED000329,CUS0006,deposit,2026-06-02 10:20:00,2026-06-02 11:45:00,PAY000329,MYR,347.83,4.433627,78.45,2198.16,2276.61,credited,
LED000330,CUS0130,deposit,2026-06-02 11:50:00,2026-06-02 15:12:00,PAY000330,MYR,462.81,4.42903,104.49,437.91,542.4,credited,
LED000331,CUS0076,deposit,2026-06-02 13:45:00,2026-06-02 15:56:00,PAY000331,MYR,1454.3,4.423591,328.76,2410.83,2739.59,credited,
LED000332,CUS0042,deposit,2026-06-02 14:13:00,2026-06-02 16:15:00,PAY000332,MYR,1255.03,4.435372,282.96,2522.67,2805.63,credited,
LED000333,CUS0034,deposit,2026-06-02 15:03:00,2026-06-02 16:27:00,PAY000333,INR,9077.91,85.77738,105.83,1349.03,1454.86,credited,
LED000334,CUS0107,payout,2026-06-02 15:47:00,2026-06-02 18:18:00,PAY000334,MYR,1241.42,4.379044,-283.49,2334.77,2051.28,debited,
LED000335,CUS0013,deposit,2026-06-02 16:00:00,2026-06-02 18:33:00,PAY000335,INR,49963.43,85.62047,583.55,1249.54,1833.09,credited,
LED000336,CUS0041,deposit,2026-06-02 16:22:00,2026-06-02 18:38:00,PAY000336,MYR,374.19,4.427594,84.51,1626.27,1710.78,credited,
LED000337,CUS0030,deposit,2026-06-02 16:43:00,2026-06-02 17:54:00,PAY000337,INR,31069.36,85.664462,362.69,2177.16,2539.85,credited,
LED000338,CUS0088,deposit,2026-06-02 17:46:00,2026-06-02 18:52:00,PAY000338,INR,39351.85,85.715425,459.1,2262.24,2721.34,credited,
LED000339,CUS0132,deposit,2026-06-02 18:14:00,2026-06-02 19:31:00,PAY000339,MYR,1220.45,4.43715,275.05,557.93,832.98,credited,
LED000340,CUS0113,payout,2026-06-02 19:55:00,2026-06-02 20:35:00,PAY000340,INR,20507.19,84.842133,-241.71,890.8,649.09,debited,
LED000341,CUS0011,deposit,2026-06-02 20:14:00,2026-06-02 21:42:00,PAY000341,INR,25611.63,85.83106,298.4,1006.03,1304.43,credited,
LED000342,CUS0093,deposit,2026-06-02 20:28:00,2026-06-02 22:33:00,PAY000342,INR,8273.11,85.847264,96.37,1139.16,1235.53,credited,
LED000343,CUS0128,deposit,2026-06-02 20:51:00,2026-06-02 21:31:00,PAY000343,MYR,1473.13,4.434769,332.18,2753.24,3085.42,credited,
LED000344,CUS0036,deposit,2026-06-02 20:57:00,2026-06-02 22:22:00,PAY000344,MYR,272.28,4.427196,61.5,2048.47,2109.97,credited,
LED000345,CUS0002,deposit,2026-06-02 20:57:00,2026-06-02 23:25:00,PAY000345,MYR,513.27,4.434898,115.73,2019.85,2135.58,credited,
LED000346,CUS0022,deposit,2026-06-03 08:33:00,2026-06-03 10:48:00,PAY000346,MYR,554.05,4.438826,124.82,1960.91,2085.73,credited,
LED000347,CUS0136,deposit,2026-06-03 09:24:00,2026-06-03 10:36:00,PAY000347,INR,21375.25,85.415586,250.25,226.53,476.78,credited,
LED000348,CUS0105,deposit,2026-06-03 09:57:00,2026-06-03 13:05:00,PAY000348,MYR,1799.19,4.4372,405.48,1689.26,2094.74,credited,
LED000349,CUS0114,deposit,2026-06-03 10:33:00,2026-06-03 11:26:00,PAY000349,MYR,316.8,4.446616,71.25,2619.25,2690.5,credited,
LED000350,CUS0081,deposit,2026-06-03 10:55:00,2026-06-03 12:10:00,PAY000350,INR,20381.72,85.392719,238.68,2637.77,2876.45,credited,
LED000351,CUS0010,deposit,2026-06-03 11:00:00,2026-06-03 13:59:00,PAY000351,INR,33178.72,85.498265,388.06,1075.28,1463.34,credited,
LED000352,CUS0134,deposit,2026-06-03 11:09:00,2026-06-03 13:27:00,PAY000352,INR,48646.73,85.698234,567.65,1165.27,1732.92,credited,
LED000353,CUS0081,deposit,2026-06-03 11:46:00,2026-06-03 12:46:00,PAY000353,MYR,1821.18,4.442671,409.93,2876.45,3286.38,credited,
LED000354,CUS0038,deposit,2026-06-03 11:52:00,2026-06-03 14:33:00,PAY000354,MYR,1409.58,4.445843,317.06,2101.05,2418.11,credited,
LED000355,CUS0114,deposit,2026-06-03 13:41:00,2026-06-03 16:58:00,PAY000355,INR,35024.81,85.667389,408.85,2690.5,3099.35,credited,
LED000356,CUS0022,deposit,2026-06-03 13:45:00,2026-06-03 15:40:00,PAY000356,INR,2330.02,85.665129,27.2,2085.73,2112.93,credited,
LED000357,CUS0139,deposit,2026-06-03 14:32:00,2026-06-03 15:33:00,PAY000357,INR,14554.43,85.541786,170.14,1776.26,1946.4,credited,
LED000358,CUS0041,deposit,2026-06-03 15:14:00,2026-06-03 18:15:00,PAY000358,MYR,76.14,4.439116,17.15,1710.78,1727.93,credited,
LED000359,CUS0078,deposit,2026-06-03 15:58:00,2026-06-03 18:20:00,PAY000359,MYR,1461.22,4.434145,329.54,1374.67,1704.21,credited,
LED000360,CUS0067,deposit,2026-06-03 17:36:00,2026-06-03 19:19:00,PAY000360,INR,31535.98,85.651652,368.19,494.12,862.31,credited,
LED000361,CUS0032,deposit,2026-06-03 17:56:00,2026-06-03 21:15:00,PAY000361,INR,22712.48,85.622562,265.26,1454.36,1719.62,credited,
LED000362,CUS0061,payout,2026-06-03 18:11:00,2026-06-03 21:21:00,PAY000362,INR,20580.49,84.498648,-243.56,2793.0,2549.44,debited,
LED000363,CUS0073,deposit,2026-06-03 19:14:00,2026-06-03 22:29:00,PAY000363,INR,33512.66,85.483577,392.04,2026.98,2419.02,credited,
LED000364,CUS0134,deposit,2026-06-03 19:16:00,2026-06-03 20:08:00,PAY000364,INR,37006.86,85.608121,432.28,1732.92,2165.2,credited,
LED000365,CUS0093,deposit,2026-06-03 19:28:00,2026-06-03 20:56:00,PAY000365,INR,22988.32,85.64524,268.41,1235.53,1503.94,credited,
LED000366,CUS0021,deposit,2026-06-03 19:49:00,2026-06-03 22:39:00,PAY000366,MYR,211.73,4.444568,47.64,2165.56,2213.2,credited,
LED000367,CUS0115,deposit,2026-06-03 20:08:00,2026-06-03 23:40:00,PAY000367,INR,4364.6,85.526658,51.03,483.98,535.01,credited,
LED000368,CUS0133,deposit,2026-06-03 20:35:00,2026-06-03 22:25:00,PAY000368,MYR,1564.28,4.440304,352.29,1229.67,1581.96,credited,
LED000369,CUS0113,payout,2026-06-04 08:35:00,2026-06-04 11:32:00,PAY000369,MYR,919.48,4.382214,-209.82,649.09,439.27,debited,
LED000370,CUS0037,deposit,2026-06-04 09:00:00,2026-06-04 11:55:00,PAY000370,MYR,1026.4,4.429571,231.72,1602.96,1834.68,credited,
LED000371,CUS0132,deposit,2026-06-04 09:28:00,2026-06-04 10:48:00,PAY000371,MYR,1730.65,4.417283,391.79,832.98,1224.77,credited,
LED000372,CUS0009,deposit,2026-06-04 09:39:00,2026-06-04 12:31:00,PAY000372,INR,37451.57,85.411679,438.48,811.37,1249.85,credited,
LED000373,CUS0105,deposit,2026-06-04 09:45:00,2026-06-04 12:01:00,PAY000373,INR,5961.64,85.461626,69.76,2094.74,2164.5,credited,
LED000374,CUS0040,deposit,2026-06-04 09:46:00,2026-06-04 11:33:00,PAY000374,MYR,261.95,4.415706,59.32,1525.86,1585.18,credited,
LED000375,CUS0008,deposit,2026-06-04 10:12:00,2026-06-04 11:44:00,PAY000375,MYR,1588.67,4.420195,359.41,1443.65,1803.06,credited,
LED000376,CUS0079,deposit,2026-06-04 10:26:00,2026-06-04 11:38:00,PAY000376,MYR,1781.44,4.415854,403.42,1522.26,1925.68,credited,
LED000377,CUS0141,deposit,2026-06-04 10:46:00,2026-06-04 11:29:00,PAY000377,MYR,716.84,4.41503,162.36,1236.16,1398.52,credited,
LED000378,CUS0145,deposit,2026-06-04 11:50:00,2026-06-04 14:12:00,PAY000378,MYR,921.18,4.425134,208.17,1006.19,1214.36,credited,
LED000379,CUS0034,deposit,2026-06-04 11:52:00,2026-06-04 14:47:00,PAY000379,MYR,1531.04,4.423403,346.12,1454.86,1800.98,credited,
LED000380,CUS0115,deposit,2026-06-04 12:00:00,2026-06-04 13:34:00,PAY000380,MYR,323.5,4.428472,73.05,535.01,608.06,credited,
LED000381,CUS0102,deposit,2026-06-04 12:20:00,2026-06-04 13:19:00,PAY000381,MYR,697.83,4.421846,157.81,1137.18,1294.99,credited,
LED000382,CUS0023,deposit,2026-06-04 12:30:00,2026-06-04 13:18:00,PAY000382,MYR,1735.93,4.428016,392.03,2006.58,2398.61,credited,
LED000383,CUS0032,deposit,2026-06-04 12:46:00,2026-06-04 13:25:00,PAY000383,MYR,1298.51,4.424921,293.45,1719.62,2013.07,credited,
LED000384,CUS0134,deposit,2026-06-04 13:18:00,2026-06-04 15:57:00,PAY000384,INR,9875.1,85.583168,115.39,2165.2,2280.59,credited,
LED000385,CUS0137,deposit,2026-06-04 14:12:00,2026-06-04 14:39:00,PAY000385,INR,9397.3,85.297156,110.17,1760.73,1870.9,credited,
LED000386,CUS0149,deposit,2026-06-04 14:15:00,2026-06-04 17:15:00,PAY000386,INR,22489.36,85.339871,263.53,635.21,898.74,credited,
LED000387,CUS0012,deposit,2026-06-04 14:26:00,2026-06-04 14:58:00,PAY000387,MYR,998.2,4.422103,225.73,1734.12,1959.85,credited,
LED000388,CUS0007,deposit,2026-06-04 14:53:00,2026-06-04 16:44:00,PAY000388,MYR,1723.51,4.418187,390.09,1015.74,1405.83,credited,
LED000389,CUS0026,deposit,2026-06-04 15:09:00,2026-06-04 16:37:00,PAY000389,MYR,1097.31,4.416604,248.45,1641.08,1889.53,credited,
LED000390,CUS0023,deposit,2026-06-04 16:29:00,2026-06-04 19:02:00,PAY000390,INR,8134.25,85.343379,95.31,2398.61,2493.92,credited,
LED000391,CUS0084,payout,2026-06-04 18:19:00,2026-06-04 18:58:00,PAY000391,INR,5276.3,84.258974,-62.62,1657.68,1595.06,debited,
LED000392,CUS0037,deposit,2026-06-04 18:41:00,2026-06-04 20:25:00,PAY000392,MYR,843.26,4.416741,190.92,1834.68,2025.6,credited,
LED000393,CUS0031,deposit,2026-06-04 18:43:00,2026-06-04 20:38:00,PAY000393,MYR,132.2,4.431655,29.83,1989.44,2019.27,credited,
LED000394,CUS0130,deposit,2026-06-04 19:00:00,2026-06-04 19:52:00,PAY000394,INR,19559.91,85.424509,228.97,542.4,771.37,credited,
LED000395,CUS0142,deposit,2026-06-04 19:21:00,2026-06-04 21:31:00,PAY000395,INR,20650.28,85.364832,241.91,2440.58,2682.49,credited,
LED000396,CUS0005,deposit,2026-06-04 19:25:00,2026-06-04 22:44:00,PAY000396,MYR,560.24,4.426204,126.57,2226.05,2352.62,credited,
LED000397,CUS0143,deposit,2026-06-04 20:41:00,2026-06-04 21:38:00,PAY000397,INR,32751.77,85.340222,383.78,1115.49,1499.27,credited,
LED000398,CUS0129,deposit,2026-06-04 20:44:00,2026-06-04 21:49:00,PAY000398,MYR,430.81,4.422885,97.4,788.32,885.72,credited,
LED000399,CUS0138,deposit,2026-06-05 08:16:00,2026-06-05 11:12:00,PAY000399,INR,47654.33,85.832057,555.2,1289.97,1845.17,credited,
LED000400,CUS0119,deposit,2026-06-05 08:17:00,2026-06-05 11:19:00,PAY000400,INR,48075.16,85.564212,561.86,2109.34,2671.2,credited,
LED000401,CUS0124,deposit,2026-06-05 08:41:00,2026-06-05 10:44:00,PAY000401,INR,14028.5,85.564055,163.95,2583.66,2747.61,credited,
LED000402,CUS0055,deposit,2026-06-05 09:33:00,2026-06-05 12:07:00,PAY000402,MYR,1182.76,4.435032,266.69,2215.93,2482.62,credited,
LED000403,CUS0137,deposit,2026-06-05 10:49:00,2026-06-05 12:16:00,PAY000403,INR,28372.54,85.619225,331.38,1870.9,2202.28,credited,
LED000404,CUS0036,payout,2026-06-05 11:38:00,2026-06-05 13:51:00,PAY000404,MYR,966.02,4.385629,-220.27,2109.97,1889.7,debited,
LED000405,CUS0130,deposit,2026-06-05 12:00:00,2026-06-05 14:23:00,PAY000405,MYR,1916.11,4.421074,433.4,771.37,1204.77,credited,
LED000406,CUS0116,deposit,2026-06-05 12:02:00,2026-06-05 15:17:00,PAY000406,MYR,567.84,4.428586,128.22,1650.96,1779.18,credited,
LED000407,CUS0085,deposit,2026-06-05 12:27:00,2026-06-05 13:48:00,PAY000407,MYR,61.27,4.42107,13.86,857.85,871.71,credited,
LED000408,CUS0002,deposit,2026-06-05 12:43:00,2026-06-05 15:52:00,PAY000408,INR,45121.53,85.772646,526.06,2135.58,2661.64,credited,
LED000409,CUS0126,payout,2026-06-05 13:19:00,2026-06-05 15:47:00,PAY000409,MYR,1012.98,4.383129,-231.11,905.44,674.33,debited,
LED000410,CUS0114,deposit,2026-06-05 13:55:00,2026-06-05 16:23:00,PAY000410,INR,33776.17,85.748593,393.9,3099.35,3493.25,credited,
LED000411,CUS0092,deposit,2026-06-05 15:53:00,2026-06-05 16:08:00,PAY000411,MYR,791.9,4.431991,178.68,724.24,902.92,credited,
LED000412,CUS0050,deposit,2026-06-05 17:12:00,2026-06-05 19:01:00,PAY000412,MYR,905.82,4.4239,204.76,726.26,931.02,credited,
LED000413,CUS0092,deposit,2026-06-05 17:38:00,2026-06-05 21:01:00,PAY000413,INR,9979.83,85.823962,116.28,902.92,1019.2,credited,
LED000414,CUS0057,deposit,2026-06-05 17:40:00,2026-06-05 20:15:00,PAY000414,MYR,491.49,4.431653,110.9,785.01,895.91,credited,
LED000415,CUS0054,deposit,2026-06-05 17:43:00,2026-06-05 20:57:00,PAY000415,INR,853.2,85.660151,9.96,1369.15,1379.11,credited,
LED000416,CUS0146,deposit,2026-06-05 17:45:00,2026-06-05 19:09:00,PAY000416,INR,25266.12,85.862199,294.26,1889.43,2183.69,credited,
LED000417,CUS0145,payout,2026-06-05 18:33:00,2026-06-05 21:49:00,PAY000417,INR,17371.26,84.766812,-204.93,1214.36,1009.43,debited,
LED000418,CUS0033,deposit,2026-06-05 18:59:00,2026-06-05 19:53:00,PAY000418,INR,37425.69,85.586283,437.29,2031.46,2468.75,credited,
LED000419,CUS0071,deposit,2026-06-05 19:01:00,2026-06-05 22:01:00,PAY000419,INR,9996.65,85.866001,116.42,1349.56,1465.98,credited,
LED000420,CUS0117,deposit,2026-06-05 19:44:00,2026-06-05 22:20:00,PAY000420,MYR,33.85,4.429392,7.64,616.86,624.5,credited,
LED000421,CUS0083,payout,2026-06-05 19:46:00,2026-06-05 21:53:00,PAY000421,INR,11489.72,84.832557,-135.44,807.75,672.31,debited,
LED000422,CUS0120,payout,2026-06-05 20:07:00,2026-06-05 23:13:00,PAY000422,INR,13031.41,84.773703,-153.72,1798.42,1644.7,debited,
LED000423,CUS0058,deposit,2026-06-05 20:29:00,2026-06-05 22:56:00,PAY000423,INR,2824.75,85.866961,32.9,1090.87,1123.77,credited,
LED000424,CUS0101,deposit,2026-06-05 20:37:00,2026-06-05 21:59:00,PAY000424,MYR,413.38,4.42294,93.46,1841.77,1935.23,credited,
LED000425,CUS0058,deposit,2026-06-06 08:09:00,2026-06-06 10:07:00,PAY000425,INR,48915.73,85.925611,569.28,1123.77,1693.05,credited,
LED000426,CUS0085,deposit,2026-06-06 08:13:00,2026-06-06 11:39:00,PAY000426,INR,15884.89,85.653456,185.46,871.71,1057.17,credited,
LED000427,CUS0111,deposit,2026-06-06 08:29:00,2026-06-06 11:57:00,PAY000427,INR,40498.92,85.595482,473.14,1428.1,1901.24,credited,
LED000428,CUS0064,deposit,2026-06-06 08:31:00,2026-06-06 09:59:00,PAY000428,MYR,242.45,4.430763,54.72,1200.3,1255.02,credited,
LED000429,CUS0134,deposit,2026-06-06 09:49:00,2026-06-06 11:02:00,PAY000429,INR,39808.5,85.867766,463.6,2280.59,2744.19,credited,
LED000430,CUS0115,payout,2026-06-06 10:12:00,2026-06-06 10:42:00,PAY000430,MYR,780.11,4.385337,-177.89,608.06,430.17,debited,
LED000431,CUS0017,deposit,2026-06-06 10:36:00,2026-06-06 11:55:00,PAY000431,INR,39240.99,85.715379,457.81,2238.37,2696.18,credited,
LED000432,CUS0111,deposit,2026-06-06 10:42:00,2026-06-06 13:44:00,PAY000432,MYR,159.61,4.416856,36.14,1901.24,1937.38,credited,
LED000433,CUS0098,deposit,2026-06-06 10:59:00,2026-06-06 14:31:00,PAY000433,INR,20383.31,85.687086,237.88,902.2,1140.08,credited,
LED000434,CUS0003,deposit,2026-06-06 11:44:00,2026-06-06 14:38:00,PAY000434,MYR,923.22,4.420012,208.87,511.6,720.47,credited,
LED000435,CUS0026,deposit,2026-06-06 12:05:00,2026-06-06 15:53:00,PAY000435,MYR,699.04,4.431461,157.74,1889.53,2047.27,credited,
LED000436,CUS0085,deposit,2026-06-06 12:10:00,2026-06-06 12:49:00,PAY000436,INR,29596.76,85.741683,345.19,1057.17,1402.36,credited,
LED000437,CUS0018,deposit,2026-06-06 13:32:00,2026-06-06 15:24:00,PAY000437,INR,29847.88,85.790084,347.92,2218.05,2565.97,credited,
LED000438,CUS0066,deposit,2026-06-06 13:49:00,2026-06-06 16:44:00,PAY000438,INR,18091.87,85.804556,210.85,300.43,511.28,credited,
LED000439,CUS0036,deposit,2026-06-06 14:41:00,2026-06-06 15:10:00,PAY000439,MYR,1600.14,4.419177,362.09,1889.7,2251.79,credited,
LED000440,CUS0132,deposit,2026-06-06 15:51:00,2026-06-06 17:47:00,PAY000440,MYR,1920.69,4.426232,433.93,1224.77,1658.7,credited,
LED000441,CUS0080,deposit,2026-06-06 16:48:00,2026-06-06 18:31:00,PAY000441,INR,30364.81,85.636487,354.58,3735.76,4090.34,credited,
LED000442,CUS0038,deposit,2026-06-06 17:06:00,2026-06-06 20:13:00,PAY000442,INR,3337.22,85.763501,38.91,2418.11,2457.02,credited,
LED000443,CUS0051,deposit,2026-06-06 17:57:00,2026-06-06 21:44:00,PAY000443,INR,48837.28,85.730701,569.66,1308.93,1878.59,credited,
LED000444,CUS0088,deposit,2026-06-06 18:29:00,2026-06-06 21:20:00,PAY000444,INR,9873.1,85.85529,115.0,2721.34,2836.34,credited,
LED000445,CUS0085,payout,2026-06-06 19:27:00,2026-06-06 22:18:00,PAY000445,MYR,1126.64,4.382457,-257.08,1402.36,1145.28,debited,
LED000446,CUS0042,deposit,2026-06-06 20:06:00,2026-06-06 20:53:00,PAY000446,MYR,236.55,4.423297,53.48,2805.63,2859.11,credited,
LED000447,CUS0058,deposit,2026-06-06 20:12:00,2026-06-06 22:56:00,PAY000447,INR,34814.42,85.901493,405.28,1693.05,2098.33,credited,
LED000448,CUS0085,deposit,2026-06-07 08:22:00,2026-06-07 10:17:00,PAY000448,INR,40459.93,85.560532,472.88,1145.28,1618.16,credited,
LED000449,CUS0002,deposit,2026-06-07 09:13:00,2026-06-07 09:59:00,PAY000449,MYR,744.75,4.400368,169.25,2661.64,2830.89,credited,
LED000450,CUS0037,deposit,2026-06-07 09:17:00,2026-06-07 10:52:00,PAY000450,INR,14883.52,85.668681,173.73,2025.6,2199.33,credited,
LED000451,CUS0008,deposit,2026-06-07 09:19:00,2026-06-07 10:48:00,PAY000451,MYR,422.27,4.397895,96.02,1803.06,1899.08,credited,
LED000452,CUS0045,deposit,2026-06-07 10:14:00,2026-06-07 12:56:00,PAY000452,INR,17320.97,85.781976,201.92,1733.35,1935.27,credited,
LED000453,CUS0046,deposit,2026-06-07 10:36:00,2026-06-07 11:08:00,PAY000453,INR,42222.63,85.545789,493.57,1462.08,1955.65,credited,
LED000454,CUS0029,deposit,2026-06-07 12:43:00,2026-06-07 14:01:00,PAY000454,INR,17249.97,85.608463,201.5,1637.73,1839.23,credited,
LED000455,CUS0096,deposit,2026-06-07 12:47:00,2026-06-07 15:58:00,PAY000455,MYR,1331.99,4.401353,302.63,1872.64,2175.27,credited,
LED000456,CUS0017,deposit,2026-06-07 12:49:00,2026-06-07 14:18:00,PAY000456,MYR,263.43,4.412602,59.7,2696.18,2755.88,credited,
LED000457,CUS0097,deposit,2026-06-07 13:38:00,2026-06-07 15:43:00,PAY000457,INR,34870.52,85.544314,407.63,2237.04,2644.67,credited,
LED000458,CUS0063,deposit,2026-06-07 13:59:00,2026-06-07 17:19:00,PAY000458,MYR,1844.4,4.414339,417.82,2056.92,2474.74,credited,
LED000459,CUS0076,deposit,2026-06-07 14:41:00,2026-06-07 16:25:00,PAY000459,INR,39584.6,85.771373,461.51,2739.59,3201.1,credited,
LED000460,CUS0072,payout,2026-06-07 15:22:00,2026-06-07 18:15:00,PAY000460,INR,22279.77,84.672098,-263.13,1551.35,1288.22,debited,
LED000461,CUS0021,deposit,2026-06-07 15:29:00,2026-06-07 19:03:00,PAY000461,MYR,1575.79,4.400809,358.07,2213.2,2571.27,credited,
LED000462,CUS0100,deposit,2026-06-07 15:32:00,2026-06-07 19:11:00,PAY000462,INR,37689.75,85.536007,440.63,2445.16,2885.79,credited,
LED000463,CUS0119,deposit,2026-06-07 15:50:00,2026-06-07 18:04:00,PAY000463,MYR,382.63,4.405908,86.84,2671.2,2758.04,credited,
LED000464,CUS0127,deposit,2026-06-07 16:14:00,2026-06-07 19:13:00,PAY000464,MYR,963.3,4.409734,218.45,433.9,652.35,credited,
LED000465,CUS0052,deposit,2026-06-07 16:38:00,2026-06-07 18:09:00,PAY000465,INR,22877.96,85.549631,267.42,698.4,965.82,credited,
LED000466,CUS0097,deposit,2026-06-07 16:54:00,2026-06-07 18:51:00,PAY000466,INR,28782.83,85.583479,336.31,2644.67,2980.98,credited,
LED000467,CUS0022,deposit,2026-06-07 17:15:00,2026-06-07 19:55:00,PAY000467,INR,15104.88,85.524666,176.61,2112.93,2289.54,credited,
LED000468,CUS0120,payout,2026-06-07 17:49:00,2026-06-07 19:48:00,PAY000468,INR,13423.17,84.656696,-158.56,1644.7,1486.14,debited,
LED000469,CUS0105,deposit,2026-06-07 17:54:00,2026-06-07 20:27:00,PAY000469,MYR,754.0,4.405361,171.16,2164.5,2335.66,credited,
LED000470,CUS0046,deposit,2026-06-07 19:45:00,2026-06-07 21:39:00,PAY000470,MYR,900.13,4.40386,204.4,1955.65,2160.05,credited,
LED000471,CUS0022,deposit,2026-06-07 19:46:00,2026-06-07 22:32:00,PAY000471,INR,15078.63,85.601669,176.15,2289.54,2465.69,credited,
LED000472,CUS0059,deposit,2026-06-08 08:02:00,2026-06-08 08:49:00,PAY000472,INR,5371.25,85.421428,62.88,1791.76,1854.64,credited,
LED000473,CUS0086,deposit,2026-06-08 09:31:00,2026-06-08 11:17:00,PAY000473,INR,10233.99,85.339569,119.92,2213.47,2333.39,credited,
LED000474,CUS0071,deposit,2026-06-08 09:48:00,2026-06-08 12:36:00,PAY000474,MYR,405.57,4.418879,91.78,1465.98,1557.76,credited,
LED000475,CUS0077,deposit,2026-06-08 10:54:00,2026-06-08 13:18:00,PAY000475,MYR,585.24,4.405871,132.83,3905.34,4038.17,credited,
LED000476,CUS0149,deposit,2026-06-08 11:04:00,2026-06-08 11:43:00,PAY000476,MYR,1522.88,4.422421,344.35,898.74,1243.09,credited,
LED000477,CUS0059,deposit,2026-06-08 12:59:00,2026-06-08 14:28:00,PAY000477,INR,11732.85,85.448593,137.31,1854.64,1991.95,credited,
LED000478,CUS0142,deposit,2026-06-08 13:22:00,2026-06-08 15:47:00,PAY000478,INR,38002.25,85.329262,445.36,2682.49,3127.85,credited,
LED000479,CUS0049,deposit,2026-06-08 14:17:00,2026-06-08 16:22:00,PAY000479,INR,21725.25,85.260064,254.81,2478.74,2733.55,credited,
LED000480,CUS0143,deposit,2026-06-08 14:31:00,2026-06-08 15:48:00,PAY000480,MYR,89.31,4.413666,20.23,1499.27,1519.5,credited,
LED000481,CUS0003,deposit,2026-06-08 15:08:00,2026-06-08 18:55:00,PAY000481,INR,25240.11,85.257504,296.05,720.47,1016.52,credited,
LED000482,CUS0108,deposit,2026-06-08 16:40:00,2026-06-08 19:17:00,PAY000482,MYR,868.67,4.411721,196.9,1580.55,1777.45,credited,
LED000483,CUS0006,deposit,2026-06-08 17:08:00,2026-06-08 18:21:00,PAY000483,MYR,1148.13,4.411478,260.26,2276.61,2536.87,credited,
LED000484,CUS0085,deposit,2026-06-08 17:37:00,2026-06-08 21:15:00,PAY000484,INR,28625.45,85.205667,335.96,1618.16,1954.12,credited,
LED000485,CUS0053,deposit,2026-06-08 17:38:00,2026-06-08 18:34:00,PAY000485,MYR,1898.92,4.423028,429.33,1057.15,1486.48,credited,
LED000486,CUS0028,payout,2026-06-08 17:48:00,2026-06-08 20:29:00,PAY000486,MYR,459.91,4.365175,-105.36,488.79,383.43,debited,
LED000487,CUS0027,deposit,2026-06-08 17:56:00,2026-06-08 18:49:00,PAY000487,MYR,1359.52,4.407366,308.47,1312.64,1621.11,credited,
LED000488,CUS0051,deposit,2026-06-08 18:51:00,2026-06-08 20:53:00,PAY000488,MYR,166.9,4.406194,37.88,1878.59,1916.47,credited,
LED000489,CUS0135,deposit,2026-06-08 18:56:00,2026-06-08 19:39:00,PAY000489,INR,3963.98,85.232749,46.51,1222.49,1269.0,credited,
LED000490,CUS0106,deposit,2026-06-08 19:28:00,2026-06-08 20:10:00,PAY000490,INR,19859.71,85.211857,233.06,1575.23,1808.29,credited,
LED000491,CUS0018,deposit,2026-06-08 20:17:00,2026-06-08 21:23:00,PAY000491,MYR,796.32,4.414165,180.4,2565.97,2746.37,credited,
LED000492,CUS0122,deposit,2026-06-08 20:34:00,2026-06-08 23:26:00,PAY000492,INR,8359.67,85.258932,98.05,2219.14,2317.19,credited,
LED000493,CUS0118,deposit,2026-06-09 08:25:00,2026-06-09 08:41:00,PAY000493,INR,14134.33,85.223388,165.85,411.57,577.42,credited,
LED000494,CUS0103,deposit,2026-06-09 08:53:00,2026-06-09 10:35:00,PAY000494,MYR,1221.55,4.404851,277.32,1027.51,1304.83,credited,
LED000495,CUS0126,deposit,2026-06-09 09:58:00,2026-06-09 12:33:00,PAY000495,MYR,936.6,4.419789,211.91,674.33,886.24,credited,
LED000496,CUS0117,payout,2026-06-09 10:13:00,2026-06-09 12:00:00,PAY000496,INR,9302.76,84.134537,-110.57,624.5,513.93,debited,
LED000497,CUS0046,payout,2026-06-09 11:21:00,2026-06-09 13:46:00,PAY000497,INR,22811.22,84.177361,-270.99,2160.05,1889.06,debited,
LED000498,CUS0047,deposit,2026-06-09 11:56:00,2026-06-09 12:51:00,PAY000498,MYR,1406.09,4.419798,318.13,1135.9,1454.03,credited,
LED000499,CUS0041,deposit,2026-06-09 12:25:00,2026-06-09 15:45:00,PAY000499,INR,14051.93,85.133809,165.06,1727.93,1892.99,credited,
LED000500,CUS0018,deposit,2026-06-09 13:13:00,2026-06-09 15:12:00,PAY000500,MYR,1405.15,4.415489,318.23,2746.37,3064.6,credited,
LED000501,CUS0142,deposit,2026-06-09 13:40:00,2026-06-09 15:24:00,PAY000501,MYR,268.82,4.410981,60.94,3127.85,3188.79,credited,
LED000502,CUS0084,deposit,2026-06-09 14:41:00,2026-06-09 15:45:00,PAY000502,INR,20799.76,85.224042,244.06,1595.06,1839.12,credited,
LED000503,CUS0119,deposit,2026-06-09 15:02:00,2026-06-09 18:35:00,PAY000503,INR,1822.54,85.224611,21.39,2758.04,2779.43,credited,
LED000504,CUS0103,deposit,2026-06-09 15:07:00,2026-06-09 16:56:00,PAY000504,MYR,1715.87,4.410449,389.05,1304.83,1693.88,credited,
LED000505,CUS0035,deposit,2026-06-09 15:20:00,2026-06-09 17:55:00,PAY000505,INR,16691.96,85.137528,196.06,1074.42,1270.48,credited,
LED000506,CUS0141,deposit,2026-06-09 15:37:00,2026-06-09 17:43:00,PAY000506,MYR,1324.33,4.404926,300.65,1398.52,1699.17,credited,
LED000507,CUS0042,deposit,2026-06-09 15:37:00,2026-06-09 16:25:00,PAY000507,MYR,366.06,4.418203,82.85,2859.11,2941.96,credited,
LED000508,CUS0032,deposit,2026-06-09 15:57:00,2026-06-09 17:53:00,PAY000508,INR,26965.36,85.112517,316.82,2013.07,2329.89,credited,
LED000509,CUS0003,payout,2026-06-09 15:58:00,2026-06-09 17:11:00,PAY000509,INR,17395.4,84.263702,-206.44,1016.52,810.08,debited,
LED000510,CUS0009,deposit,2026-06-09 16:10:00,2026-06-09 18:45:00,PAY000510,MYR,1788.59,4.406863,405.86,1249.85,1655.71,credited,
LED000511,CUS0134,deposit,2026-06-09 16:47:00,2026-06-09 20:38:00,PAY000511,MYR,1292.79,4.41602,292.75,2744.19,3036.94,credited,
LED000512,CUS0079,deposit,2026-06-09 18:04:00,2026-06-09 20:43:00,PAY000512,INR,22477.34,85.185257,263.86,1925.68,2189.54,credited,
LED000513,CUS0052,deposit,2026-06-09 18:31:00,2026-06-09 21:10:00,PAY000513,INR,46476.62,85.315406,544.76,965.82,1510.58,credited,
LED000514,CUS0005,deposit,2026-06-09 18:43:00,2026-06-09 19:13:00,PAY000514,INR,21373.3,85.120272,251.1,2352.62,2603.72,credited,
LED000515,CUS0017,deposit,2026-06-09 19:28:00,2026-06-09 20:49:00,PAY000515,INR,11418.11,85.28389,133.88,2755.88,2889.76,credited,
LED000516,CUS0012,deposit,2026-06-09 19:35:00,2026-06-09 21:00:00,PAY000516,INR,21076.16,85.298907,247.09,1959.85,2206.94,credited,
LED000517,CUS0049,deposit,2026-06-09 19:37:00,2026-06-09 22:26:00,PAY000517,MYR,1260.61,4.409417,285.89,2733.55,3019.44,credited,
LED000518,CUS0055,payout,2026-06-09 19:52:00,2026-06-09 21:31:00,PAY000518,MYR,177.58,4.362015,-40.71,2482.62,2441.91,debited,
LED000519,CUS0081,deposit,2026-06-09 20:54:00,2026-06-09 22:23:00,PAY000519,INR,1093.08,85.189184,12.83,3286.38,3299.21,credited,
LED000520,CUS0072,deposit,2026-06-10 08:39:00,2026-06-10 10:21:00,PAY000520,INR,32672.28,85.089087,383.98,1288.22,1672.2,credited,
LED000521,CUS0106,deposit,2026-06-10 08:47:00,2026-06-10 11:57:00,PAY000521,INR,15425.95,85.368475,180.7,1808.29,1988.99,credited,
LED000522,CUS0146,deposit,2026-06-10 09:57:00,2026-06-10 11:05:00,PAY000522,INR,8987.23,85.309515,105.35,2183.69,2289.04,credited,
LED000523,CUS0100,deposit,2026-06-10 10:47:00,2026-06-10 11:48:00,PAY000523,MYR,1365.46,4.422646,308.74,2885.79,3194.53,credited,
LED000524,CUS0082,deposit,2026-06-10 11:32:00,2026-06-10 14:58:00,PAY000524,INR,48912.07,85.283202,573.53,1933.87,2507.4,credited,
LED000525,CUS0150,deposit,2026-06-10 12:17:00,2026-06-10 15:13:00,PAY000525,INR,22721.12,85.180832,266.74,1845.59,2112.33,credited,
LED000526,CUS0004,deposit,2026-06-10 13:53:00,2026-06-10 17:24:00,PAY000526,INR,12013.99,85.238219,140.95,1275.39,1416.34,credited,
LED000527,CUS0110,deposit,2026-06-10 13:56:00,2026-06-10 16:45:00,PAY000527,INR,37983.66,85.17188,445.96,851.18,1297.14,credited,
LED000528,CUS0128,deposit,2026-06-10 15:33:00,2026-06-10 16:41:00,PAY000528,INR,15182.43,85.113478,178.38,3085.42,3263.8,credited,
LED000529,CUS0061,deposit,2026-06-10 16:04:00,2026-06-10 19:11:00,PAY000529,INR,46208.75,85.285481,541.81,2549.44,3091.25,credited,
LED000530,CUS0082,deposit,2026-06-10 16:25:00,2026-06-10 17:14:00,PAY000530,MYR,1297.9,4.407688,294.46,2507.4,2801.86,credited,
LED000531,CUS0074,deposit,2026-06-10 16:25:00,2026-06-10 18:23:00,PAY000531,MYR,1508.59,4.41676,341.56,461.13,802.69,credited,
LED000532,CUS0053,deposit,2026-06-10 17:08:00,2026-06-10 20:19:00,PAY000532,MYR,1092.44,4.411369,247.64,1486.48,1734.12,credited,
LED000533,CUS0098,payout,2026-06-10 17:14:00,2026-06-10 18:34:00,PAY000533,INR,13584.71,84.256713,-161.23,1140.08,978.85,debited,
LED000534,CUS0126,deposit,2026-06-10 17:24:00,2026-06-10 18:22:00,PAY000534,INR,3964.25,85.08861,46.59,886.24,932.83,credited,
LED000535,CUS0033,deposit,2026-06-10 17:42:00,2026-06-10 20:54:00,PAY000535,INR,5042.09,85.386482,59.05,2468.75,2527.8,credited,
LED000536,CUS0021,deposit,2026-06-10 18:37:00,2026-06-10 21:01:00,PAY000536,INR,21598.87,85.147148,253.67,2571.27,2824.94,credited,
LED000537,CUS0063,deposit,2026-06-10 18:42:00,2026-06-10 21:38:00,PAY000537,INR,21488.83,85.312632,251.88,2474.74,2726.62,credited,
LED000538,CUS0115,payout,2026-06-10 18:57:00,2026-06-10 20:11:00,PAY000538,MYR,1269.07,4.366472,-290.64,430.17,139.53,debited,
LED000539,CUS0093,deposit,2026-06-10 19:55:00,2026-06-10 21:13:00,PAY000539,MYR,814.54,4.406731,184.84,1503.94,1688.78,credited,
LED000540,CUS0111,deposit,2026-06-10 20:05:00,2026-06-10 22:15:00,PAY000540,MYR,1527.84,4.412781,346.23,1937.38,2283.61,credited,
LED000541,CUS0022,deposit,2026-06-10 20:58:00,2026-06-10 22:58:00,PAY000541,MYR,1524.95,4.412864,345.57,2465.69,2811.26,credited,
LED000542,CUS0045,deposit,2026-06-11 08:17:00,2026-06-11 10:40:00,PAY000542,INR,13235.94,85.620916,154.59,1935.27,2089.86,credited,
LED000543,CUS0144,payout,2026-06-11 08:28:00,2026-06-11 09:13:00,PAY000543,MYR,811.63,4.369474,-185.75,352.97,167.22,debited,
LED000544,CUS0051,deposit,2026-06-11 10:02:00,2026-06-11 10:56:00,PAY000544,INR,8158.86,85.676391,95.23,1916.47,2011.7,credited,
LED000545,CUS0096,deposit,2026-06-11 10:39:00,2026-06-11 12:56:00,PAY000545,INR,24826.96,85.726654,289.61,2175.27,2464.88,credited,
LED000546,CUS0079,deposit,2026-06-11 10:58:00,2026-06-11 13:38:00,PAY000546,MYR,1292.87,4.415169,292.82,2189.54,2482.36,credited,
LED000547,CUS0032,deposit,2026-06-11 12:17:00,2026-06-11 14:57:00,PAY000547,MYR,788.11,4.424021,178.14,2329.89,2508.03,credited,
LED000548,CUS0066,deposit,2026-06-11 12:22:00,2026-06-11 14:29:00,PAY000548,INR,38677.88,85.692856,451.35,511.28,962.63,credited,
LED000549,CUS0095,deposit,2026-06-11 12:28:00,2026-06-11 15:44:00,PAY000549,MYR,1402.02,4.419603,317.23,1368.01,1685.24,credited,
LED000550,CUS0063,deposit,2026-06-11 13:31:00,2026-06-11 15:49:00,PAY000550,MYR,971.12,4.421382,219.64,2726.62,2946.26,credited,
LED000551,CUS0038,deposit,2026-06-11 13:35:00,2026-06-11 16:20:00,PAY000551,INR,13435.87,85.670435,156.83,2457.02,2613.85,credited,
LED000552,CUS0149,payout,2026-06-11 14:44:00,2026-06-11 15:31:00,PAY000552,INR,24168.28,84.498581,-286.02,1243.09,957.07,debited,
LED000553,CUS0099,deposit,2026-06-11 14:56:00,2026-06-11 18:29:00,PAY000553,INR,20184.51,85.695603,235.54,1255.38,1490.92,credited,
LED000554,CUS0049,deposit,2026-06-11 16:07:00,2026-06-11 17:48:00,PAY000554,INR,43862.31,85.609166,512.36,3019.44,3531.8,credited,
LED000555,CUS0078,deposit,2026-06-11 16:42:00,2026-06-11 19:46:00,PAY000555,MYR,1016.27,4.412852,230.3,1704.21,1934.51,credited,
LED000556,CUS0106,deposit,2026-06-11 17:11:00,2026-06-11 17:45:00,PAY000556,MYR,1512.35,4.418739,342.26,1988.99,2331.25,credited,
LED000557,CUS0069,payout,2026-06-11 19:07:00,2026-06-11 21:38:00,PAY000557,MYR,994.55,4.378763,-227.13,804.36,577.23,debited,
LED000558,CUS0044,deposit,2026-06-11 19:25:00,2026-06-11 19:37:00,PAY000558,MYR,1638.29,4.408497,371.62,1769.89,2141.51,credited,
LED000559,CUS0107,deposit,2026-06-12 08:15:00,2026-06-12 11:26:00,PAY000559,INR,26485.62,85.514727,309.72,2051.28,2361.0,credited,
LED000560,CUS0096,deposit,2026-06-12 08:20:00,2026-06-12 09:12:00,PAY000560,MYR,397.21,4.405912,90.15,2464.88,2555.03,credited,
LED000561,CUS0029,deposit,2026-06-12 08:50:00,2026-06-12 10:01:00,PAY000561,MYR,917.8,4.406112,208.3,1839.23,2047.53,credited,
LED000562,CUS0047,deposit,2026-06-12 10:19:00,2026-06-12 11:30:00,PAY000562,INR,40554.34,85.270504,475.6,1454.03,1929.63,credited,
LED000563,CUS0028,deposit,2026-06-12 10:49:00,2026-06-12 11:42:00,PAY000563,MYR,1740.67,4.410678,394.65,383.43,778.08,credited,
LED000564,CUS0032,deposit,2026-06-12 11:39:00,2026-06-12 13:13:00,PAY000564,MYR,575.22,4.404413,130.6,2508.03,2638.63,credited,
LED000565,CUS0026,payout,2026-06-12 11:47:00,2026-06-12 13:49:00,PAY000565,INR,1076.88,84.394791,-12.76,2047.27,2034.51,debited,
LED000566,CUS0011,deposit,2026-06-12 13:14:00,2026-06-12 16:23:00,PAY000566,INR,5293.67,85.477681,61.93,1304.43,1366.36,credited,
LED000567,CUS0134,deposit,2026-06-12 15:05:00,2026-06-12 17:18:00,PAY000567,INR,49351.39,85.37871,578.03,3036.94,3614.97,credited,
LED000568,CUS0087,deposit,2026-06-12 15:06:00,2026-06-12 17:01:00,PAY000568,MYR,1220.61,4.411252,276.7,2158.06,2434.76,credited,
LED000569,CUS0062,payout,2026-06-12 16:00:00,2026-06-12 19:21:00,PAY000569,MYR,90.03,4.376552,-20.57,21.23,0.66,debited,
LED000570,CUS0092,deposit,2026-06-12 17:55:00,2026-06-12 18:26:00,PAY000570,MYR,1749.96,4.413679,396.49,1019.2,1415.69,credited,
LED000571,CUS0103,deposit,2026-06-12 18:28:00,2026-06-12 19:10:00,PAY000571,MYR,1458.68,4.418263,330.15,1693.88,2024.03,credited,
LED000572,CUS0072,deposit,2026-06-12 18:35:00,2026-06-12 20:07:00,PAY000572,INR,47577.57,85.547276,556.16,1672.2,2228.36,credited,
LED000573,CUS0122,deposit,2026-06-12 19:57:00,2026-06-12 23:04:00,PAY000573,MYR,1044.38,4.413813,236.62,2317.19,2553.81,credited,
LED000574,CUS0083,deposit,2026-06-12 20:13:00,2026-06-12 22:46:00,PAY000574,INR,1323.2,85.587314,15.46,672.31,687.77,credited,
LED000575,CUS0085,payout,2026-06-12 20:16:00,2026-06-12 21:59:00,PAY000575,INR,17470.26,84.560793,-206.6,1954.12,1747.52,debited,
LED000576,CUS0021,deposit,2026-06-12 20:18:00,2026-06-12 23:07:00,PAY000576,MYR,716.22,4.409962,162.41,2824.94,2987.35,credited,
LED000577,CUS0076,deposit,2026-06-13 08:11:00,2026-06-13 09:48:00,PAY000577,INR,30555.1,85.430577,357.66,3201.1,3558.76,credited,
LED000578,CUS0023,deposit,2026-06-13 11:51:00,2026-06-13 15:24:00,PAY000578,INR,15416.74,85.223545,180.9,2493.92,2674.82,credited,
LED000579,CUS0115,deposit,2026-06-13 12:48:00,2026-06-13 15:39:00,PAY000579,MYR,1911.45,4.431555,431.33,139.53,570.86,credited,
LED000580,CUS0044,payout,2026-06-13 13:12:00,2026-06-13 16:50:00,PAY000580,INR,19245.14,84.245922,-228.44,2141.51,1913.07,debited,
LED000581,CUS0008,payout,2026-06-13 13:19:00,2026-06-13 15:45:00,PAY000581,INR,4754.74,84.199409,-56.47,1899.08,1842.61,debited,
LED000582,CUS0057,deposit,2026-06-13 13:38:00,2026-06-13 17:04:00,PAY000582,MYR,1446.77,4.442174,325.69,895.91,1221.6,credited,
LED000583,CUS0137,deposit,2026-06-13 14:35:00,2026-06-13 16:51:00,PAY000583,INR,31860.64,85.407088,373.04,2202.28,2575.32,credited,
LED000584,CUS0149,payout,2026-06-13 15:19:00,2026-06-13 18:02:00,PAY000584,MYR,1021.82,4.399829,-232.24,957.07,724.83,debited,
LED000585,CUS0098,deposit,2026-06-13 15:24:00,2026-06-13 18:47:00,PAY000585,MYR,1318.22,4.435264,297.21,978.85,1276.06,credited,
LED000586,CUS0058,deposit,2026-06-13 16:30:00,2026-06-13 17:55:00,PAY000586,MYR,540.42,4.442922,121.64,2098.33,2219.97,credited,
LED000587,CUS0049,deposit,2026-06-13 17:03:00,2026-06-13 18:14:00,PAY000587,INR,37358.58,85.210325,438.43,3531.8,3970.23,credited,
LED000588,CUS0081,deposit,2026-06-13 18:08:00,2026-06-13 21:28:00,PAY000588,MYR,1909.52,4.430834,430.96,3299.21,3730.17,credited,
LED000589,CUS0138,deposit,2026-06-13 18:31:00,2026-06-13 20:43:00,PAY000589,INR,9897.95,85.286,116.06,1845.17,1961.23,credited,
LED000590,CUS0033,deposit,2026-06-13 19:34:00,2026-06-13 22:51:00,PAY000590,MYR,1053.91,4.442262,237.25,2527.8,2765.05,credited,
LED000591,CUS0003,deposit,2026-06-13 19:59:00,2026-06-13 22:22:00,PAY000591,INR,27145.5,85.216281,318.55,810.08,1128.63,credited,
LED000592,CUS0076,deposit,2026-06-13 20:09:00,2026-06-13 23:05:00,PAY000592,INR,41942.22,85.458528,490.79,3558.76,4049.55,credited,
LED000593,CUS0073,deposit,2026-06-13 20:39:00,2026-06-14 00:29:00,PAY000593,MYR,317.37,4.431189,71.62,2419.02,2490.64,credited,
LED000594,CUS0080,deposit,2026-06-14 10:11:00,2026-06-14 11:05:00,PAY000594,INR,25367.71,85.645129,296.2,4090.34,4386.54,credited,
LED000595,CUS0056,deposit,2026-06-14 11:34:00,2026-06-14 13:19:00,PAY000595,MYR,1005.2,4.428182,227.0,2019.45,2246.45,credited,
LED000596,CUS0054,deposit,2026-06-14 11:41:00,2026-06-14 13:28:00,PAY000596,MYR,1700.7,4.419713,384.8,1379.11,1763.91,credited,
LED000597,CUS0046,deposit,2026-06-14 11:52:00,2026-06-14 13:57:00,PAY000597,INR,42910.55,85.756176,500.38,1889.06,2389.44,credited,
LED000598,CUS0141,deposit,2026-06-14 13:26:00,2026-06-14 16:03:00,PAY000598,INR,19918.14,85.77943,232.2,1699.17,1931.37,credited,
LED000599,CUS0102,payout,2026-06-14 14:47:00,2026-06-14 17:54:00,PAY000599,MYR,541.82,4.390416,-123.41,1294.99,1171.58,debited,
LED000600,CUS0050,payout,2026-06-14 15:38:00,2026-06-14 18:29:00,PAY000600,MYR,933.92,4.378007,-213.32,931.02,717.7,debited,
LED000601,CUS0149,deposit,2026-06-14 16:06:00,2026-06-14 17:19:00,PAY000601,INR,43359.84,85.484872,507.22,724.83,1232.05,credited,
LED000602,CUS0042,deposit,2026-06-14 18:21:00,2026-06-14 21:04:00,PAY000602,MYR,1167.0,4.425109,263.72,2941.96,3205.68,credited,
LED000603,CUS0038,deposit,2026-06-14 19:01:00,2026-06-14 20:44:00,PAY000603,MYR,443.24,4.422162,100.23,2613.85,2714.08,credited,
LED000604,CUS0148,deposit,2026-06-14 20:15:00,2026-06-14 21:22:00,PAY000604,INR,5546.42,85.564088,64.82,1844.99,1909.81,credited,
LED000605,CUS0044,deposit,2026-06-14 20:39:00,2026-06-14 21:31:00,PAY000605,MYR,1854.19,4.429038,418.64,1913.07,2331.71,credited,
LED000606,CUS0014,deposit,2026-06-15 08:26:00,2026-06-15 11:24:00,PAY000606,MYR,261.17,4.424429,59.03,2604.64,2663.67,credited,
LED000607,CUS0039,payout,2026-06-15 08:57:00,2026-06-15 11:01:00,PAY000607,MYR,841.64,4.387663,-191.82,2088.6,1896.78,debited,
LED000608,CUS0102,deposit,2026-06-15 10:03:00,2026-06-15 12:52:00,PAY000608,INR,24686.98,85.154991,289.91,1171.58,1461.49,credited,
LED000609,CUS0023,deposit,2026-06-15 11:54:00,2026-06-15 15:10:00,PAY000609,MYR,1562.13,4.434994,352.23,2674.82,3027.05,credited,
LED000610,CUS0114,deposit,2026-06-15 12:02:00,2026-06-15 12:45:00,PAY000610,MYR,753.63,4.432451,170.03,3493.25,3663.28,credited,
LED000611,CUS0131,deposit,2026-06-15 12:36:00,2026-06-15 15:48:00,PAY000611,INR,11634.28,85.1561,136.62,1589.22,1725.84,credited,
LED000612,CUS0025,deposit,2026-06-15 12:38:00,2026-06-15 13:54:00,PAY000612,MYR,1594.86,4.426096,360.33,1808.99,2169.32,credited,
LED000613,CUS0112,deposit,2026-06-15 12:49:00,2026-06-15 13:33:00,PAY000613,MYR,617.78,4.438965,139.17,1663.96,1803.13,credited,
LED000614,CUS0138,deposit,2026-06-15 12:54:00,2026-06-15 13:30:00,PAY000614,MYR,394.23,4.422371,89.14,1961.23,2050.37,credited,
LED000615,CUS0150,deposit,2026-06-15 13:14:00,2026-06-15 16:13:00,PAY000615,MYR,1091.79,4.422379,246.88,2112.33,2359.21,credited,
LED000616,CUS0031,deposit,2026-06-15 13:33:00,2026-06-15 16:56:00,PAY000616,INR,9442.88,85.443895,110.52,2019.27,2129.79,credited,
LED000617,CUS0115,deposit,2026-06-15 14:18:00,2026-06-15 14:57:00,PAY000617,INR,40125.39,85.116279,471.42,570.86,1042.28,credited,
LED000618,CUS0042,deposit,2026-06-15 14:19:00,2026-06-15 16:24:00,PAY000618,INR,4847.14,85.310646,56.82,3205.68,3262.5,credited,
LED000619,CUS0032,deposit,2026-06-15 14:38:00,2026-06-15 16:51:00,PAY000619,INR,25554.34,85.143327,300.13,2638.63,2938.76,credited,
LED000620,CUS0001,payout,2026-06-15 16:25:00,2026-06-15 17:15:00,PAY000620,INR,6909.51,84.241779,-82.02,660.22,578.2,debited,
LED000621,CUS0114,deposit,2026-06-15 16:43:00,2026-06-15 19:38:00,PAY000621,MYR,305.51,4.432926,68.92,3663.28,3732.2,credited,
LED000622,CUS0091,deposit,2026-06-15 18:13:00,2026-06-15 20:42:00,PAY000622,MYR,1224.16,4.430508,276.3,1482.26,1758.56,credited,
LED000623,CUS0012,deposit,2026-06-15 18:34:00,2026-06-15 19:37:00,PAY000623,INR,12236.47,85.340508,143.38,2206.94,2350.32,credited,
LED000624,CUS0056,deposit,2026-06-15 18:36:00,2026-06-15 21:51:00,PAY000624,MYR,1916.12,4.436416,431.91,2246.45,2678.36,credited,
LED000625,CUS0072,deposit,2026-06-15 18:44:00,2026-06-15 21:56:00,PAY000625,INR,6860.36,85.316344,80.41,2228.36,2308.77,credited,
LED000626,CUS0067,deposit,2026-06-15 18:55:00,2026-06-15 20:07:00,PAY000626,INR,19398.22,85.302038,227.41,862.31,1089.72,credited,
LED000627,CUS0066,deposit,2026-06-15 19:08:00,2026-06-15 20:24:00,PAY000627,MYR,1362.76,4.422721,308.13,962.63,1270.76,credited,
LED000628,CUS0069,deposit,2026-06-15 19:41:00,2026-06-15 22:44:00,PAY000628,INR,49770.28,85.138533,584.58,577.23,1161.81,credited,
LED000629,CUS0132,payout,2026-06-15 19:42:00,2026-06-15 22:27:00,PAY000629,MYR,813.51,4.387142,-185.43,1658.7,1473.27,debited,
LED000630,CUS0113,payout,2026-06-15 19:47:00,2026-06-15 22:42:00,PAY000630,INR,10095.44,84.205816,-119.89,439.27,319.38,debited,
LED000631,CUS0138,payout,2026-06-15 20:31:00,2026-06-15 23:23:00,PAY000631,INR,3527.57,84.190232,-41.9,2050.37,2008.47,debited,
LED000632,CUS0023,deposit,2026-06-15 20:36:00,2026-06-15 22:56:00,PAY000632,INR,18459.56,85.22682,216.59,3027.05,3243.64,credited,
LED000633,CUS0058,deposit,2026-06-16 08:06:00,2026-06-16 09:01:00,PAY000633,MYR,569.08,4.411486,129.0,2219.97,2348.97,credited,
LED000634,CUS0027,deposit,2026-06-16 09:16:00,2026-06-16 10:04:00,PAY000634,INR,39245.31,85.238339,460.42,1621.11,2081.53,credited,
LED000635,CUS0126,deposit,2026-06-16 09:18:00,2026-06-16 11:37:00,PAY000635,MYR,218.21,4.419306,49.38,932.83,982.21,credited,
LED000636,CUS0026,deposit,2026-06-16 11:47:00,2026-06-16 12:56:00,PAY000636,MYR,1796.24,4.418647,406.51,2034.51,2441.02,credited,
LED000637,CUS0138,payout,2026-06-16 11:53:00,2026-06-16 14:12:00,PAY000637,MYR,742.51,4.368191,-169.98,2008.47,1838.49,debited,
LED000638,CUS0133,payout,2026-06-16 14:15:00,2026-06-16 17:17:00,PAY000638,INR,18253.03,84.181279,-216.83,1581.96,1365.13,debited,
LED000639,CUS0069,deposit,2026-06-16 14:41:00,2026-06-16 17:53:00,PAY000639,INR,3116.8,85.238397,36.57,1161.81,1198.38,credited,
LED000640,CUS0108,deposit,2026-06-16 15:18:00,2026-06-16 16:38:00,PAY000640,INR,35485.94,85.340533,415.82,1777.45,2193.27,credited,
LED000641,CUS0129,deposit,2026-06-16 15:50:00,2026-06-16 18:18:00,PAY000641,MYR,595.03,4.42301,134.53,885.72,1020.25,credited,
LED000642,CUS0023,deposit,2026-06-16 16:13:00,2026-06-16 18:52:00,PAY000642,INR,47399.01,85.213286,556.24,3243.64,3799.88,credited,
LED000643,CUS0021,deposit,2026-06-16 16:26:00,2026-06-16 17:38:00,PAY000643,MYR,181.09,4.423837,40.94,2987.35,3028.29,credited,
LED000644,CUS0022,deposit,2026-06-16 17:10:00,2026-06-16 20:36:00,PAY000644,INR,37298.77,85.305432,437.24,2811.26,3248.5,credited,
LED000645,CUS0003,deposit,2026-06-16 20:05:00,2026-06-16 22:42:00,PAY000645,MYR,1925.47,4.423185,435.31,1128.63,1563.94,credited,
LED000646,CUS0132,deposit,2026-06-16 20:20:00,2026-06-17 00:15:00,PAY000646,INR,34413.53,85.2728,403.57,1473.27,1876.84,credited,
LED000647,CUS0049,deposit,2026-06-16 20:25:00,2026-06-16 21:17:00,PAY000647,INR,45588.88,85.247495,534.78,3970.23,4505.01,credited,
LED000648,CUS0089,deposit,2026-06-17 08:15:00,2026-06-17 12:08:00,PAY000648,MYR,511.13,4.43054,115.37,2550.75,2666.12,credited,
LED000649,CUS0044,deposit,2026-06-17 08:51:00,2026-06-17 12:08:00,PAY000649,INR,33888.85,85.881743,394.6,2331.71,2726.31,credited,
LED000650,CUS0094,deposit,2026-06-17 09:29:00,2026-06-17 12:08:00,PAY000650,INR,42050.74,85.733211,490.48,2612.67,3103.15,credited,
LED000651,CUS0098,deposit,2026-06-17 11:39:00,2026-06-17 12:34:00,PAY000651,INR,8938.96,85.818337,104.16,1276.06,1380.22,credited,
LED000652,CUS0031,deposit,2026-06-17 11:51:00,2026-06-17 14:18:00,PAY000652,INR,14858.2,85.958781,172.85,2129.79,2302.64,credited,
LED000653,CUS0146,deposit,2026-06-17 12:13:00,2026-06-17 14:36:00,PAY000653,MYR,805.43,4.421872,182.15,2289.04,2471.19,credited,
LED000654,CUS0126,payout,2026-06-17 12:34:00,2026-06-17 13:20:00,PAY000654,INR,2266.11,84.968608,-26.67,982.21,955.54,debited,
LED000655,CUS0091,deposit,2026-06-17 12:42:00,2026-06-17 15:13:00,PAY000655,MYR,241.11,4.423917,54.5,1758.56,1813.06,credited,
LED000656,CUS0003,deposit,2026-06-17 13:20:00,2026-06-17 15:43:00,PAY000656,INR,5516.22,85.811245,64.28,1563.94,1628.22,credited,
LED000657,CUS0040,deposit,2026-06-17 13:46:00,2026-06-17 15:56:00,PAY000657,INR,20830.59,85.854864,242.63,1585.18,1827.81,credited,
LED000658,CUS0065,deposit,2026-06-17 14:40:00,2026-06-17 16:50:00,PAY000658,INR,11691.71,85.937396,136.05,350.57,486.62,credited,
LED000659,CUS0047,payout,2026-06-17 15:19:00,2026-06-17 16:39:00,PAY000659,MYR,725.24,4.380527,-165.56,1929.63,1764.07,debited,
LED000660,CUS0113,deposit,2026-06-17 15:24:00,2026-06-17 17:47:00,PAY000660,MYR,348.81,4.42972,78.74,319.38,398.12,credited,
LED000661,CUS0051,deposit,2026-06-17 16:27:00,2026-06-17 17:47:00,PAY000661,MYR,248.01,4.418202,56.13,2011.7,2067.83,credited,
LED000662,CUS0085,deposit,2026-06-17 16:48:00,2026-06-17 18:17:00,PAY000662,INR,45099.39,85.808662,525.58,1747.52,2273.1,credited,
LED000663,CUS0069,deposit,2026-06-17 17:20:00,2026-06-17 20:06:00,PAY000663,INR,6380.22,85.998836,74.19,1198.38,1272.57,credited,
LED000664,CUS0033,payout,2026-06-17 17:26:00,2026-06-17 19:46:00,PAY000664,MYR,457.33,4.388159,-104.22,2765.05,2660.83,debited,
LED000665,CUS0028,deposit,2026-06-17 18:00:00,2026-06-17 18:47:00,PAY000665,MYR,1591.64,4.420426,360.06,778.08,1138.14,credited,
LED000666,CUS0061,deposit,2026-06-17 18:16:00,2026-06-17 20:16:00,PAY000666,MYR,132.52,4.426953,29.93,3091.25,3121.18,credited,
LED000667,CUS0075,deposit,2026-06-17 18:39:00,2026-06-17 19:54:00,PAY000667,INR,14470.06,85.822323,168.6,1216.78,1385.38,credited,
LED000668,CUS0040,deposit,2026-06-18 08:02:00,2026-06-18 09:10:00,PAY000668,MYR,1466.62,4.424063,331.51,1827.81,2159.32,credited,
LED000669,CUS0069,payout,2026-06-18 08:16:00,2026-06-18 10:07:00,PAY000669,MYR,1309.41,4.389144,-298.33,1272.57,974.24,debited,
LED000670,CUS0027,payout,2026-06-18 10:00:00,2026-06-18 12:53:00,PAY000670,MYR,934.21,4.379177,-213.33,2081.53,1868.2,debited,
LED000671,CUS0039,deposit,2026-06-18 10:45:00,2026-06-18 11:49:00,PAY000671,INR,11854.52,85.442422,138.74,1896.78,2035.52,credited,
LED000672,CUS0050,deposit,2026-06-18 10:52:00,2026-06-18 12:48:00,PAY000672,INR,46490.37,85.471574,543.93,717.7,1261.63,credited,
LED000673,CUS0014,deposit,2026-06-18 11:04:00,2026-06-18 13:43:00,PAY000673,INR,19327.46,85.408978,226.29,2663.67,2889.96,credited,
LED000674,CUS0110,deposit,2026-06-18 11:44:00,2026-06-18 14:27:00,PAY000674,INR,24220.16,85.453751,283.43,1297.14,1580.57,credited,
LED000675,CUS0070,payout,2026-06-18 12:41:00,2026-06-18 15:01:00,PAY000675,INR,9750.33,84.462321,-115.44,1480.1,1364.66,debited,
LED000676,CUS0013,payout,2026-06-18 13:25:00,2026-06-18 13:34:00,PAY000676,MYR,274.67,4.380028,-62.71,1833.09,1770.38,debited,
LED000677,CUS0121,deposit,2026-06-18 14:49:00,2026-06-18 17:36:00,PAY000677,MYR,581.91,4.423429,131.55,1677.92,1809.47,credited,
LED000678,CUS0126,deposit,2026-06-18 15:22:00,2026-06-18 16:52:00,PAY000678,MYR,746.26,4.422948,168.72,955.54,1124.26,credited,
LED000679,CUS0143,payout,2026-06-18 15:35:00,2026-06-18 16:35:00,PAY000679,INR,19744.82,84.585617,-233.43,1519.5,1286.07,debited,
LED000680,CUS0093,deposit,2026-06-18 16:11:00,2026-06-18 19:20:00,PAY000680,MYR,1493.58,4.432805,336.94,1688.78,2025.72,credited,
LED000681,CUS0071,deposit,2026-06-18 17:22:00,2026-06-18 19:11:00,PAY000681,MYR,443.77,4.423894,100.31,1557.76,1658.07,credited,
LED000682,CUS0031,deposit,2026-06-18 17:40:00,2026-06-18 21:25:00,PAY000682,INR,2531.43,85.422512,29.63,2302.64,2332.27,credited,
LED000683,CUS0115,deposit,2026-06-18 18:18:00,2026-06-18 19:17:00,PAY000683,INR,46312.28,85.443879,542.02,1042.28,1584.3,credited,
LED000684,CUS0122,deposit,2026-06-18 18:42:00,2026-06-18 20:13:00,PAY000684,MYR,1979.6,4.425014,447.37,2553.81,3001.18,credited,
LED000685,CUS0050,deposit,2026-06-18 18:51:00,2026-06-18 20:58:00,PAY000685,INR,21201.52,85.392852,248.28,1261.63,1509.91,credited,
LED000686,CUS0115,deposit,2026-06-18 19:04:00,2026-06-18 20:38:00,PAY000686,MYR,1270.83,4.435527,286.51,1584.3,1870.81,credited,
LED000687,CUS0108,deposit,2026-06-18 19:14:00,2026-06-18 22:18:00,PAY000687,MYR,1061.81,4.420873,240.18,2193.27,2433.45,credited,
LED000688,CUS0071,deposit,2026-06-18 19:40:00,2026-06-18 20:37:00,PAY000688,INR,34986.96,85.434985,409.52,1658.07,2067.59,credited,
LED000689,CUS0016,deposit,2026-06-18 20:21:00,2026-06-18 22:02:00,PAY000689,INR,39822.32,85.704932,464.64,926.54,1391.18,credited,
LED000690,CUS0137,deposit,2026-06-18 20:51:00,2026-06-18 21:26:00,PAY000690,MYR,1744.4,4.428443,393.91,2575.32,2969.23,credited,
LED000691,CUS0099,deposit,2026-06-19 08:21:00,2026-06-19 10:31:00,PAY000691,MYR,1138.12,4.436209,256.55,1490.92,1747.47,credited,
LED000692,CUS0001,deposit,2026-06-19 08:31:00,2026-06-19 10:09:00,PAY000692,MYR,345.21,4.426569,77.99,578.2,656.19,credited,
LED000693,CUS0132,deposit,2026-06-19 10:53:00,2026-06-19 13:29:00,PAY000693,INR,23044.33,85.87458,268.35,1876.84,2145.19,credited,
LED000694,CUS0076,deposit,2026-06-19 11:00:00,2026-06-19 13:34:00,PAY000694,MYR,1425.26,4.438012,321.15,4049.55,4370.7,credited,
LED000695,CUS0137,deposit,2026-06-19 11:21:00,2026-06-19 12:17:00,PAY000695,INR,12291.73,85.649852,143.51,2969.23,3112.74,credited,
LED000696,CUS0072,deposit,2026-06-19 11:29:00,2026-06-19 13:39:00,PAY000696,INR,46398.77,85.89615,540.17,2308.77,2848.94,credited,
LED000697,CUS0064,deposit,2026-06-19 13:01:00,2026-06-19 14:34:00,PAY000697,INR,49482.05,85.793383,576.76,1255.02,1831.78,credited,
LED000698,CUS0089,deposit,2026-06-19 13:28:00,2026-06-19 15:28:00,PAY000698,INR,31817.8,85.573529,371.82,2666.12,3037.94,credited,
LED000699,CUS0141,deposit,2026-06-19 13:44:00,2026-06-19 14:50:00,PAY000699,INR,13569.89,85.897653,157.98,1931.37,2089.35,credited,
LED000700,CUS0015,payout,2026-06-19 14:53:00,2026-06-19 15:53:00,PAY000700,MYR,839.78,4.384589,-191.53,1279.33,1087.8,debited,
LED000701,CUS0072,deposit,2026-06-19 14:58:00,2026-06-19 15:42:00,PAY000701,MYR,378.17,4.426788,85.43,2848.94,2934.37,credited,
LED000702,CUS0098,deposit,2026-06-19 15:40:00,2026-06-19 17:46:00,PAY000702,INR,47309.99,85.820886,551.26,1380.22,1931.48,credited,
LED000703,CUS0057,deposit,2026-06-19 15:44:00,2026-06-19 17:19:00,PAY000703,INR,16551.02,85.85321,192.78,1221.6,1414.38,credited,
LED000704,CUS0060,deposit,2026-06-19 15:53:00,2026-06-19 18:13:00,PAY000704,MYR,1467.73,4.42566,331.64,1919.41,2251.05,credited,
LED000705,CUS0024,deposit,2026-06-19 16:04:00,2026-06-19 18:18:00,PAY000705,INR,25050.08,85.882473,291.68,2004.1,2295.78,credited,
LED000706,CUS0127,payout,2026-06-19 19:28:00,2026-06-19 21:01:00,PAY000706,INR,23994.64,84.616299,-283.57,652.35,368.78,debited,
LED000707,CUS0042,deposit,2026-06-19 19:30:00,2026-06-19 21:59:00,PAY000707,MYR,1773.95,4.423274,401.05,3262.5,3663.55,credited,
LED000708,CUS0019,deposit,2026-06-19 20:06:00,2026-06-19 23:06:00,PAY000708,INR,21606.55,85.59687,252.42,809.45,1061.87,credited,
LED000709,CUS0135,deposit,2026-06-19 20:19:00,2026-06-19 21:06:00,PAY000709,MYR,300.46,4.424677,67.91,1269.0,1336.91,credited,
LED000710,CUS0006,deposit,2026-06-19 20:52:00,2026-06-19 21:49:00,PAY000710,INR,5946.76,85.702652,69.39,2536.87,2606.26,credited,
LED000711,CUS0022,deposit,2026-06-20 10:23:00,2026-06-20 13:47:00,PAY000711,INR,13749.0,85.19911,161.37,3248.5,3409.87,credited,
LED000712,CUS0003,deposit,2026-06-20 10:26:00,2026-06-20 11:33:00,PAY000712,INR,47902.08,85.424443,560.75,1628.22,2188.97,credited,
LED000713,CUS0022,payout,2026-06-20 10:35:00,2026-06-20 13:31:00,PAY000713,MYR,299.93,4.367766,-68.67,3409.87,3341.2,debited,
LED000714,CUS0079,deposit,2026-06-20 11:15:00,2026-06-20 12:15:00,PAY000714,MYR,683.56,4.411007,154.97,2482.36,2637.33,credited,
LED000715,CUS0069,deposit,2026-06-20 11:17:00,2026-06-20 11:55:00,PAY000715,INR,31560.55,85.339503,369.82,974.24,1344.06,credited,
LED000716,CUS0076,deposit,2026-06-20 11:18:00,2026-06-20 13:19:00,PAY000716,INR,5577.02,85.189088,65.47,4370.7,4436.17,credited,
LED000717,CUS0007,payout,2026-06-20 13:32:00,2026-06-20 15:25:00,PAY000717,INR,6395.93,84.445852,-75.74,1405.83,1330.09,debited,
LED000718,CUS0058,deposit,2026-06-20 13:55:00,2026-06-20 17:20:00,PAY000718,MYR,1845.73,4.408186,418.71,2348.97,2767.68,credited,
LED000719,CUS0029,deposit,2026-06-20 13:56:00,2026-06-20 15:36:00,PAY000719,INR,11613.86,85.321855,136.12,2047.53,2183.65,credited,
LED000720,CUS0031,deposit,2026-06-20 14:24:00,2026-06-20 15:48:00,PAY000720,INR,18344.43,85.364134,214.9,2332.27,2547.17,credited,
LED000721,CUS0046,deposit,2026-06-20 15:03:00,2026-06-20 17:12:00,PAY000721,INR,21717.11,85.360315,254.42,2389.44,2643.86,credited,
LED000722,CUS0039,payout,2026-06-20 16:23:00,2026-06-20 19:43:00,PAY000722,INR,22694.82,84.367368,-269.0,2035.52,1766.52,debited,
LED000723,CUS0027,deposit,2026-06-20 18:13:00,2026-06-20 21:08:00,PAY000723,MYR,564.05,4.402776,128.11,1868.2,1996.31,credited,
LED000724,CUS0020,deposit,2026-06-20 20:16:00,2026-06-20 21:49:00,PAY000724,MYR,1584.05,4.413076,358.94,2046.99,2405.93,credited,
LED000725,CUS0101,payout,2026-06-21 08:59:00,2026-06-21 11:59:00,PAY000725,INR,11763.86,84.304604,-139.54,1935.23,1795.69,debited,
LED000726,CUS0110,deposit,2026-06-21 09:08:00,2026-06-21 10:34:00,PAY000726,INR,47999.47,85.251637,563.03,1580.57,2143.6,credited,
LED000727,CUS0033,deposit,2026-06-21 09:51:00,2026-06-21 11:57:00,PAY000727,INR,9502.68,85.323322,111.37,2660.83,2772.2,credited,
LED000728,CUS0124,deposit,2026-06-21 10:10:00,2026-06-21 12:39:00,PAY000728,MYR,1396.04,4.413682,316.3,2747.61,3063.91,credited,
LED000729,CUS0063,deposit,2026-06-21 11:04:00,2026-06-21 14:01:00,PAY000729,MYR,784.87,4.407397,178.08,2946.26,3124.34,credited,
LED000730,CUS0059,payout,2026-06-21 11:51:00,2026-06-21 15:10:00,PAY000730,MYR,531.18,4.370433,-121.54,1991.95,1870.41,debited,
LED000731,CUS0057,deposit,2026-06-21 12:17:00,2026-06-21 13:46:00,PAY000731,MYR,1415.09,4.41426,320.57,1414.38,1734.95,credited,
LED000732,CUS0005,deposit,2026-06-21 13:01:00,2026-06-21 15:16:00,PAY000732,INR,18438.72,85.282415,216.21,2603.72,2819.93,credited,
LED000733,CUS0090,deposit,2026-06-21 13:19:00,2026-06-21 14:18:00,PAY000733,INR,18362.5,85.233335,215.44,1573.61,1789.05,credited,
LED000734,CUS0142,deposit,2026-06-21 13:53:00,2026-06-21 16:01:00,PAY000734,MYR,1944.48,4.407501,441.18,3188.79,3629.97,credited,
LED000735,CUS0015,deposit,2026-06-21 14:05:00,2026-06-21 15:25:00,PAY000735,INR,37476.27,85.495718,438.34,1087.8,1526.14,credited,
LED000736,CUS0007,payout,2026-06-21 14:12:00,2026-06-21 16:29:00,PAY000736,INR,17866.55,84.323909,-211.88,1330.09,1118.21,debited,
LED000737,CUS0149,deposit,2026-06-21 14:44:00,2026-06-21 18:17:00,PAY000737,INR,4151.63,85.452541,48.58,1232.05,1280.63,credited,
LED000738,CUS0095,payout,2026-06-21 16:57:00,2026-06-21 18:09:00,PAY000738,INR,4292.02,84.206717,-50.97,1685.24,1634.27,debited,
LED000739,CUS0107,deposit,2026-06-21 17:38:00,2026-06-21 19:00:00,PAY000739,INR,7911.0,85.407383,92.63,2361.0,2453.63,credited,
LED000740,CUS0077,deposit,2026-06-21 17:41:00,2026-06-21 19:41:00,PAY000740,INR,23774.13,85.468492,278.16,4038.17,4316.33,credited,
LED000741,CUS0040,deposit,2026-06-21 18:26:00,2026-06-21 21:18:00,PAY000741,INR,3470.04,85.310929,40.68,2159.32,2200.0,credited,
LED000742,CUS0003,payout,2026-06-21 18:26:00,2026-06-21 21:03:00,PAY000742,INR,10541.58,84.366373,-124.95,2188.97,2064.02,debited,
LED000743,CUS0067,deposit,2026-06-21 18:54:00,2026-06-21 21:27:00,PAY000743,MYR,1840.73,4.41474,416.95,1089.72,1506.67,credited,
LED000744,CUS0041,deposit,2026-06-21 19:39:00,2026-06-21 20:41:00,PAY000744,INR,13955.47,85.357686,163.49,1892.99,2056.48,credited,
LED000745,CUS0033,deposit,2026-06-21 19:56:00,2026-06-21 22:23:00,PAY000745,MYR,1493.98,4.422222,337.83,2772.2,3110.03,credited,
LED000746,CUS0048,deposit,2026-06-21 20:05:00,2026-06-21 23:12:00,PAY000746,INR,41214.0,85.287752,483.23,1643.58,2126.81,credited,
LED000747,CUS0121,payout,2026-06-21 20:27:00,2026-06-22 00:01:00,PAY000747,INR,12539.88,84.472087,-148.45,1809.47,1661.02,debited,
LED000748,CUS0043,deposit,2026-06-21 20:28:00,2026-06-21 22:50:00,PAY000748,MYR,137.7,4.419562,31.16,2201.06,2232.22,credited,
LED000749,CUS0028,payout,2026-06-21 20:34:00,2026-06-21 22:50:00,PAY000749,MYR,175.8,4.364529,-40.28,1138.14,1097.86,debited,
LED000750,CUS0074,payout,2026-06-21 20:50:00,2026-06-21 21:27:00,PAY000750,MYR,249.48,4.361616,-57.2,802.69,745.49,debited,
LED000751,CUS0080,deposit,2026-06-22 08:21:00,2026-06-22 09:58:00,PAY000751,INR,9793.32,85.345428,114.75,4386.54,4501.29,credited,
LED000752,CUS0022,deposit,2026-06-22 08:35:00,2026-06-22 11:07:00,PAY000752,INR,48844.83,85.223679,573.14,3341.2,3914.34,credited,
LED000753,CUS0081,deposit,2026-06-22 08:51:00,2026-06-22 10:16:00,PAY000753,MYR,213.63,4.429604,48.23,3730.17,3778.4,credited,
LED000754,CUS0103,payout,2026-06-22 09:00:00,2026-06-22 11:14:00,PAY000754,MYR,681.94,4.397935,-155.06,2024.03,1868.97,debited,
LED000755,CUS0034,payout,2026-06-22 09:02:00,2026-06-22 09:53:00,PAY000755,MYR,940.05,4.397478,-213.77,1800.98,1587.21,debited,
LED000756,CUS0129,deposit,2026-06-22 09:41:00,2026-06-22 10:26:00,PAY000756,MYR,228.98,4.444706,51.52,1020.25,1071.77,credited,
LED000757,CUS0010,payout,2026-06-22 10:40:00,2026-06-22 12:07:00,PAY000757,MYR,413.52,4.393107,-94.13,1463.34,1369.21,debited,
LED000758,CUS0024,deposit,2026-06-22 10:57:00,2026-06-22 12:58:00,PAY000758,MYR,1907.05,4.430191,430.47,2295.78,2726.25,credited,
LED000759,CUS0037,deposit,2026-06-22 11:09:00,2026-06-22 12:28:00,PAY000759,INR,38556.87,85.417215,451.39,2199.33,2650.72,credited,
LED000760,CUS0034,deposit,2026-06-22 11:34:00,2026-06-22 13:51:00,PAY000760,MYR,697.87,4.436736,157.29,1587.21,1744.5,credited,
LED000761,CUS0100,deposit,2026-06-22 11:48:00,2026-06-22 15:08:00,PAY000761,MYR,501.05,4.429503,113.12,3194.53,3307.65,credited,
LED000762,CUS0146,deposit,2026-06-22 11:59:00,2026-06-22 14:18:00,PAY000762,INR,31575.59,85.468586,369.44,2471.19,2840.63,credited,
LED000763,CUS0080,deposit,2026-06-22 12:07:00,2026-06-22 13:06:00,PAY000763,INR,27583.23,85.190334,323.78,4501.29,4825.07,credited,
LED000764,CUS0044,deposit,2026-06-22 13:33:00,2026-06-22 14:24:00,PAY000764,INR,46735.77,85.296867,547.92,2726.31,3274.23,credited,
LED000765,CUS0091,deposit,2026-06-22 13:52:00,2026-06-22 15:28:00,PAY000765,MYR,205.78,4.439026,46.36,1813.06,1859.42,credited,
LED000766,CUS0122,deposit,2026-06-22 14:21:00,2026-06-22 17:01:00,PAY000766,MYR,1957.61,4.433371,441.56,3001.18,3442.74,credited,
LED000767,CUS0146,deposit,2026-06-22 16:18:00,2026-06-22 18:51:00,PAY000767,INR,24668.82,85.46238,288.65,2840.63,3129.28,credited,
LED000768,CUS0034,deposit,2026-06-22 16:19:00,2026-06-22 19:30:00,PAY000768,MYR,898.43,4.43591,202.54,1744.5,1947.04,credited,
LED000769,CUS0106,deposit,2026-06-22 16:36:00,2026-06-22 18:45:00,PAY000769,MYR,1026.71,4.435426,231.48,2331.25,2562.73,credited,
LED000770,CUS0015,deposit,2026-06-22 18:50:00,2026-06-22 20:42:00,PAY000770,INR,37181.61,85.353448,435.62,1526.14,1961.76,credited,
LED000771,CUS0027,deposit,2026-06-22 19:16:00,2026-06-22 20:38:00,PAY000771,INR,14887.7,85.194409,174.75,1996.31,2171.06,credited,
LED000772,CUS0058,deposit,2026-06-22 19:59:00,2026-06-22 22:45:00,PAY000772,MYR,794.8,4.443949,178.85,2767.68,2946.53,credited,
LED000773,CUS0120,deposit,2026-06-23 09:16:00,2026-06-23 11:27:00,PAY000773,INR,32302.98,85.715641,376.86,1486.14,1863.0,credited,
LED000774,CUS0028,deposit,2026-06-23 09:24:00,2026-06-23 12:00:00,PAY000774,INR,45914.29,85.657777,536.02,1097.86,1633.88,credited,
LED000775,CUS0086,payout,2026-06-23 10:49:00,2026-06-23 13:00:00,PAY000775,MYR,125.31,4.366254,-28.7,2333.39,2304.69,debited,
LED000776,CUS0122,deposit,2026-06-23 11:02:00,2026-06-23 13:06:00,PAY000776,MYR,255.22,4.410369,57.87,3442.74,3500.61,credited,
LED000777,CUS0038,deposit,2026-06-23 12:15:00,2026-06-23 14:18:00,PAY000777,INR,32190.71,85.921344,374.65,2714.08,3088.73,credited,
LED000778,CUS0098,deposit,2026-06-23 12:43:00,2026-06-23 15:11:00,PAY000778,INR,3588.81,85.934819,41.76,1931.48,1973.24,credited,
LED000779,CUS0055,payout,2026-06-23 12:50:00,2026-06-23 13:49:00,PAY000779,MYR,112.48,4.379877,-25.68,2441.91,2416.23,debited,
LED000780,CUS0046,deposit,2026-06-23 13:20:00,2026-06-23 14:00:00,PAY000780,MYR,194.67,4.411379,44.13,2643.86,2687.99,credited,
LED000781,CUS0117,payout,2026-06-23 13:26:00,2026-06-23 15:59:00,PAY000781,MYR,1146.34,4.364195,-262.67,513.93,251.26,debited,
LED000782,CUS0014,deposit,2026-06-23 13:35:00,2026-06-23 15:51:00,PAY000782,MYR,212.11,4.409864,48.1,2889.96,2938.06,credited,
LED000783,CUS0090,deposit,2026-06-23 14:11:00,2026-06-23 16:50:00,PAY000783,MYR,1885.63,4.409519,427.63,1789.05,2216.68,credited,
LED000784,CUS0112,deposit,2026-06-23 14:38:00,2026-06-23 17:34:00,PAY000784,INR,18057.27,85.927196,210.15,1803.13,2013.28,credited,
LED000785,CUS0051,deposit,2026-06-23 15:10:00,2026-06-23 18:43:00,PAY000785,INR,4351.53,85.788362,50.72,2067.83,2118.55,credited,
LED000786,CUS0082,deposit,2026-06-23 15:40:00,2026-06-23 18:42:00,PAY000786,INR,1202.25,85.706994,14.03,2801.86,2815.89,credited,
LED000787,CUS0082,deposit,2026-06-23 17:04:00,2026-06-23 20:28:00,PAY000787,INR,6123.54,85.767276,71.4,2815.89,2887.29,credited,
LED000788,CUS0001,deposit,2026-06-23 19:05:00,2026-06-23 20:23:00,PAY000788,MYR,1976.83,4.415809,447.67,656.19,1103.86,credited,
LED000789,CUS0149,deposit,2026-06-23 19:13:00,2026-06-23 21:01:00,PAY000789,MYR,221.97,4.417898,50.24,1280.63,1330.87,credited,
LED000790,CUS0141,payout,2026-06-23 19:42:00,2026-06-23 22:45:00,PAY000790,INR,19872.15,84.717335,-234.57,2089.35,1854.78,debited,
LED000791,CUS0049,deposit,2026-06-23 19:53:00,2026-06-23 22:26:00,PAY000791,INR,48601.35,85.715349,567.01,4505.01,5072.02,credited,
LED000792,CUS0005,deposit,2026-06-23 19:58:00,2026-06-23 21:54:00,PAY000792,MYR,624.83,4.420986,141.33,2819.93,2961.26,credited,
LED000793,CUS0117,deposit,2026-06-23 20:54:00,2026-06-23 22:52:00,PAY000793,INR,20995.66,85.835846,244.6,251.26,495.86,credited,
LED000794,CUS0086,deposit,2026-06-24 08:00:00,2026-06-24 09:20:00,PAY000794,MYR,253.36,4.418717,57.34,2304.69,2362.03,credited,
LED000795,CUS0142,deposit,2026-06-24 09:30:00,2026-06-24 12:21:00,PAY000795,MYR,1201.94,4.416066,272.17,3629.97,3902.14,credited,
LED000796,CUS0112,deposit,2026-06-24 09:40:00,2026-06-24 13:23:00,PAY000796,MYR,1279.19,4.414509,289.77,2013.28,2303.05,credited,
LED000797,CUS0027,deposit,2026-06-24 10:11:00,2026-06-24 11:00:00,PAY000797,INR,4937.08,85.785977,57.55,2171.06,2228.61,credited,
LED000798,CUS0140,deposit,2026-06-24 10:29:00,2026-06-24 13:00:00,PAY000798,MYR,226.41,4.411304,51.32,705.18,756.5,credited,
LED000799,CUS0108,deposit,2026-06-24 11:00:00,2026-06-24 13:37:00,PAY000799,INR,10987.62,85.673767,128.25,2433.45,2561.7,credited,
LED000800,CUS0121,deposit,2026-06-24 11:48:00,2026-06-24 14:13:00,PAY000800,MYR,1902.59,4.411495,431.28,1661.02,2092.3,credited,
LED000801,CUS0102,deposit,2026-06-24 11:52:00,2026-06-24 14:23:00,PAY000801,MYR,44.98,4.416769,10.18,1461.49,1471.67,credited,
LED000802,CUS0070,payout,2026-06-24 12:28:00,2026-06-24 14:00:00,PAY000802,INR,22425.98,84.597622,-265.09,1364.66,1099.57,debited,
LED000803,CUS0002,deposit,2026-06-24 12:36:00,2026-06-24 14:30:00,PAY000803,MYR,1803.37,4.421371,407.88,2830.89,3238.77,credited,
LED000804,CUS0096,deposit,2026-06-24 12:54:00,2026-06-24 16:04:00,PAY000804,INR,42118.1,85.454088,492.87,2555.03,3047.9,credited,
LED000805,CUS0147,deposit,2026-06-24 12:54:00,2026-06-24 14:36:00,PAY000805,MYR,1985.87,4.415394,449.76,798.68,1248.44,credited,
LED000806,CUS0101,deposit,2026-06-24 12:58:00,2026-06-24 15:58:00,PAY000806,MYR,1662.24,4.412876,376.68,1795.69,2172.37,credited,
LED000807,CUS0100,deposit,2026-06-24 13:06:00,2026-06-24 14:21:00,PAY000807,INR,48879.1,85.766808,569.91,3307.65,3877.56,credited,
LED000808,CUS0112,deposit,2026-06-24 14:58:00,2026-06-24 16:08:00,PAY000808,MYR,485.01,4.418613,109.77,2303.05,2412.82,credited,
LED000809,CUS0101,deposit,2026-06-24 15:08:00,2026-06-24 18:52:00,PAY000809,INR,42230.02,85.661346,492.99,2172.37,2665.36,credited,
LED000810,CUS0041,deposit,2026-06-24 15:46:00,2026-06-24 16:49:00,PAY000810,MYR,1898.94,4.42427,429.21,2056.48,2485.69,credited,
LED000811,CUS0003,deposit,2026-06-24 15:51:00,2026-06-24 18:37:00,PAY000811,INR,31630.26,85.45388,370.14,2064.02,2434.16,credited,
LED000812,CUS0140,deposit,2026-06-24 18:03:00,2026-06-24 19:05:00,PAY000812,INR,46069.42,85.656777,537.84,756.5,1294.34,credited,
LED000813,CUS0034,deposit,2026-06-24 18:22:00,2026-06-24 21:50:00,PAY000813,MYR,1967.33,4.409918,446.11,1947.04,2393.15,credited,
LED000814,CUS0057,deposit,2026-06-25 08:00:00,2026-06-25 11:16:00,PAY000814,MYR,614.94,4.415002,139.28,1734.95,1874.23,credited,
LED000815,CUS0097,deposit,2026-06-25 08:19:00,2026-06-25 11:16:00,PAY000815,INR,38634.38,85.871249,449.91,2980.98,3430.89,credited,
LED000816,CUS0037,deposit,2026-06-25 08:28:00,2026-06-25 11:54:00,PAY000816,MYR,1266.05,4.41317,286.88,2650.72,2937.6,credited,
LED000817,CUS0032,deposit,2026-06-25 08:46:00,2026-06-25 10:20:00,PAY000817,INR,5800.29,85.660066,67.71,2938.76,3006.47,credited,
LED000818,CUS0127,deposit,2026-06-25 08:51:00,2026-06-25 10:15:00,PAY000818,INR,42308.87,85.653836,493.95,368.78,862.73,credited,
LED000819,CUS0006,deposit,2026-06-25 10:53:00,2026-06-25 13:43:00,PAY000819,INR,20980.38,85.790508,244.55,2606.26,2850.81,credited,
LED000820,CUS0108,deposit,2026-06-25 11:23:00,2026-06-25 13:29:00,PAY000820,INR,19075.09,85.694165,222.59,2561.7,2784.29,credited,
LED000821,CUS0047,deposit,2026-06-25 12:35:00,2026-06-25 14:08:00,PAY000821,MYR,618.55,4.426,139.75,1764.07,1903.82,credited,
LED000822,CUS0088,deposit,2026-06-25 12:52:00,2026-06-25 15:40:00,PAY000822,INR,49690.11,85.662219,580.07,2836.34,3416.41,credited,
LED000823,CUS0066,deposit,2026-06-25 13:23:00,2026-06-25 14:56:00,PAY000823,INR,46365.87,85.676352,541.17,1270.76,1811.93,credited,
LED000824,CUS0133,deposit,2026-06-25 14:03:00,2026-06-25 15:01:00,PAY000824,INR,25831.36,85.805923,301.04,1365.13,1666.17,credited,
LED000825,CUS0056,deposit,2026-06-25 14:11:00,2026-06-25 15:06:00,PAY000825,MYR,88.11,4.413733,19.96,2678.36,2698.32,credited,
LED000826,CUS0033,deposit,2026-06-25 14:42:00,2026-06-25 17:03:00,PAY000826,INR,13745.73,85.87174,160.07,3110.03,3270.1,credited,
LED000827,CUS0142,deposit,2026-06-25 15:43:00,2026-06-25 18:35:00,PAY000827,INR,32770.26,85.741611,382.2,3902.14,4284.34,credited,
LED000828,CUS0103,deposit,2026-06-25 15:47:00,2026-06-25 17:08:00,PAY000828,MYR,1847.03,4.419413,417.94,1868.97,2286.91,credited,
LED000829,CUS0073,payout,2026-06-25 15:52:00,2026-06-25 17:01:00,PAY000829,INR,24511.83,84.833629,-288.94,2490.64,2201.7,debited,
LED000830,CUS0053,payout,2026-06-25 17:21:00,2026-06-25 19:58:00,PAY000830,MYR,1252.6,4.370706,-286.59,1734.12,1447.53,debited,
LED000831,CUS0070,deposit,2026-06-25 17:34:00,2026-06-25 20:25:00,PAY000831,MYR,1637.31,4.419196,370.5,1099.57,1470.07,credited,
LED000832,CUS0146,deposit,2026-06-25 17:37:00,2026-06-25 21:16:00,PAY000832,MYR,725.24,4.419294,164.11,3129.28,3293.39,credited,
LED000833,CUS0009,deposit,2026-06-25 17:38:00,2026-06-25 19:25:00,PAY000833,INR,47925.82,85.776221,558.73,1655.71,2214.44,credited,
LED000834,CUS0136,deposit,2026-06-25 18:33:00,2026-06-25 18:53:00,PAY000834,MYR,723.94,4.416892,163.9,476.78,640.68,credited,
LED000835,CUS0110,deposit,2026-06-25 18:52:00,2026-06-25 20:44:00,PAY000835,INR,39649.37,85.899639,461.58,2143.6,2605.18,credited,
LED000836,CUS0096,deposit,2026-06-25 19:28:00,2026-06-25 21:01:00,PAY000836,INR,18912.23,85.695843,220.69,3047.9,3268.59,credited,
LED000837,CUS0003,deposit,2026-06-25 20:52:00,2026-06-25 22:21:00,PAY000837,INR,35981.73,85.731328,419.7,2434.16,2853.86,credited,
LED000838,CUS0145,payout,2026-06-26 08:36:00,2026-06-26 10:32:00,PAY000838,MYR,127.83,4.376095,-29.21,1009.43,980.22,debited,
LED000839,CUS0027,payout,2026-06-26 08:43:00,2026-06-26 12:20:00,PAY000839,INR,14563.88,84.340274,-172.68,2228.61,2055.93,debited,
LED000840,CUS0108,deposit,2026-06-26 09:11:00,2026-06-26 11:28:00,PAY000840,INR,34265.53,85.374405,401.36,2784.29,3185.65,credited,
LED000841,CUS0013,deposit,2026-06-26 09:13:00,2026-06-26 11:28:00,PAY000841,MYR,1611.37,4.407709,365.58,1770.38,2135.96,credited,
LED000842,CUS0032,deposit,2026-06-26 09:32:00,2026-06-26 12:31:00,PAY000842,MYR,921.99,4.411647,208.99,3006.47,3215.46,credited,
LED000843,CUS0006,deposit,2026-06-26 10:22:00,2026-06-26 14:02:00,PAY000843,MYR,591.52,4.408384,134.18,2850.81,2984.99,credited,
LED000844,CUS0074,payout,2026-06-26 11:47:00,2026-06-26 13:38:00,PAY000844,INR,4055.4,84.469935,-48.01,745.49,697.48,debited,
LED000845,CUS0005,deposit,2026-06-26 12:53:00,2026-06-26 14:16:00,PAY000845,INR,3937.98,85.293644,46.17,2961.26,3007.43,credited,
LED000846,CUS0071,deposit,2026-06-26 13:05:00,2026-06-26 15:04:00,PAY000846,MYR,654.86,4.416978,148.26,2067.59,2215.85,credited,
LED000847,CUS0081,deposit,2026-06-26 14:50:00,2026-06-26 15:33:00,PAY000847,INR,24944.02,85.368431,292.19,3778.4,4070.59,credited,
LED000848,CUS0117,deposit,2026-06-26 15:01:00,2026-06-26 18:49:00,PAY000848,MYR,1001.87,4.416505,226.85,495.86,722.71,credited,
LED000849,CUS0027,payout,2026-06-26 15:23:00,2026-06-26 16:33:00,PAY000849,INR,1561.42,84.446806,-18.49,2055.93,2037.44,debited,
LED000850,CUS0083,deposit,2026-06-26 15:35:00,2026-06-26 17:46:00,PAY000850,INR,43138.74,85.225824,506.17,687.77,1193.94,credited,
LED000851,CUS0095,deposit,2026-06-26 16:02:00,2026-06-26 18:25:00,PAY000851,INR,40899.31,85.208509,479.99,1634.27,2114.26,credited,
LED000852,CUS0012,deposit,2026-06-26 16:25:00,2026-06-26 17:52:00,PAY000852,INR,5984.78,85.267117,70.19,2350.32,2420.51,credited,
LED000853,CUS0099,payout,2026-06-26 17:21:00,2026-06-26 19:09:00,PAY000853,MYR,385.4,4.366143,-88.27,1747.47,1659.2,debited,
LED000854,CUS0031,deposit,2026-06-26 18:57:00,2026-06-26 20:28:00,PAY000854,INR,6751.29,85.37765,79.08,2547.17,2626.25,credited,
LED000855,CUS0032,deposit,2026-06-26 19:01:00,2026-06-26 20:44:00,PAY000855,MYR,1057.87,4.415454,239.58,3215.46,3455.04,credited,
LED000856,CUS0073,payout,2026-06-26 19:07:00,2026-06-26 21:30:00,PAY000856,MYR,451.84,4.371944,-103.35,2201.7,2098.35,debited,
LED000857,CUS0076,deposit,2026-06-26 19:44:00,2026-06-26 21:55:00,PAY000857,INR,35713.38,85.268525,418.83,4436.17,4855.0,credited,
LED000858,CUS0053,deposit,2026-06-26 19:45:00,2026-06-26 20:41:00,PAY000858,INR,34900.77,85.403605,408.66,1447.53,1856.19,credited,
LED000859,CUS0056,payout,2026-06-26 19:49:00,2026-06-26 21:45:00,PAY000859,INR,12277.96,84.234089,-145.76,2698.32,2552.56,debited,
LED000860,CUS0054,deposit,2026-06-26 19:54:00,2026-06-26 22:47:00,PAY000860,MYR,1633.57,4.406056,370.76,1763.91,2134.67,credited,
LED000861,CUS0080,deposit,2026-06-26 20:51:00,2026-06-26 23:53:00,PAY000861,MYR,1425.77,4.417635,322.75,4825.07,5147.82,credited,
LED000862,CUS0057,deposit,2026-06-27 08:13:00,2026-06-27 10:25:00,PAY000862,INR,45876.51,85.693698,535.35,1874.23,2409.58,credited,
LED000863,CUS0049,deposit,2026-06-27 08:45:00,2026-06-27 10:49:00,PAY000863,INR,3897.65,85.647806,45.51,5072.02,5117.53,credited,
LED000864,CUS0148,deposit,2026-06-27 08:49:00,2026-06-27 10:01:00,PAY000864,MYR,1307.31,4.421578,295.67,1909.81,2205.48,credited,
LED000865,CUS0062,deposit,2026-06-27 09:15:00,2026-06-27 11:29:00,PAY000865,INR,1321.1,85.635831,15.43,0.66,16.09,credited,
LED000866,CUS0136,deposit,2026-06-27 10:24:00,2026-06-27 11:44:00,PAY000866,MYR,921.7,4.405284,209.23,640.68,849.91,credited,
LED000867,CUS0055,payout,2026-06-27 11:23:00,2026-06-27 14:04:00,PAY000867,INR,4535.01,84.482258,-53.68,2416.23,2362.55,debited,
LED000868,CUS0070,deposit,2026-06-27 11:48:00,2026-06-27 12:47:00,PAY000868,MYR,758.47,4.405718,172.16,1470.07,1642.23,credited,
LED000869,CUS0109,deposit,2026-06-27 12:06:00,2026-06-27 13:25:00,PAY000869,MYR,412.05,4.417703,93.27,2716.24,2809.51,credited,
LED000870,CUS0136,deposit,2026-06-27 12:33:00,2026-06-27 15:18:00,PAY000870,INR,30568.68,85.584165,357.18,849.91,1207.09,credited,
LED000871,CUS0064,deposit,2026-06-27 12:52:00,2026-06-27 14:01:00,PAY000871,INR,47969.1,85.613976,560.3,1831.78,2392.08,credited,
LED000872,CUS0148,deposit,2026-06-27 14:02:00,2026-06-27 14:58:00,PAY000872,INR,13675.82,85.687173,159.6,2205.48,2365.08,credited,
LED000873,CUS0104,payout,2026-06-27 14:09:00,2026-06-27 14:54:00,PAY000873,INR,10442.93,84.455557,-123.65,558.08,434.43,debited,
LED000874,CUS0044,deposit,2026-06-27 14:10:00,2026-06-27 16:24:00,PAY000874,MYR,1577.88,4.413522,357.51,3274.23,3631.74,credited,
LED000875,CUS0074,deposit,2026-06-27 14:26:00,2026-06-27 15:07:00,PAY000875,MYR,1475.75,4.417241,334.09,697.48,1031.57,credited,
LED000876,CUS0062,deposit,2026-06-27 15:22:00,2026-06-27 18:26:00,PAY000876,MYR,365.36,4.417828,82.7,16.09,98.79,credited,
LED000877,CUS0117,deposit,2026-06-27 15:57:00,2026-06-27 16:48:00,PAY000877,INR,7520.77,85.444988,88.02,722.71,810.73,credited,
LED000878,CUS0006,deposit,2026-06-27 16:03:00,2026-06-27 18:12:00,PAY000878,MYR,379.7,4.412335,86.05,2984.99,3071.04,credited,
LED000879,CUS0003,payout,2026-06-27 16:14:00,2026-06-27 18:58:00,PAY000879,INR,15386.42,84.420144,-182.26,2853.86,2671.6,debited,
LED000880,CUS0064,deposit,2026-06-27 16:20:00,2026-06-27 17:29:00,PAY000880,INR,23892.13,85.54798,279.28,2392.08,2671.36,credited,
LED000881,CUS0075,deposit,2026-06-27 16:36:00,2026-06-27 19:28:00,PAY000881,INR,41850.27,85.575,489.05,1385.38,1874.43,credited,
LED000882,CUS0025,deposit,2026-06-27 16:50:00,2026-06-27 18:49:00,PAY000882,INR,5449.63,85.639241,63.63,2169.32,2232.95,credited,
LED000883,CUS0140,deposit,2026-06-27 17:24:00,2026-06-27 19:50:00,PAY000883,MYR,536.96,4.417753,121.55,1294.34,1415.89,credited,
LED000884,CUS0091,payout,2026-06-27 18:08:00,2026-06-27 20:36:00,PAY000884,MYR,425.23,4.368969,-97.33,1859.42,1762.09,debited,
LED000885,CUS0133,payout,2026-06-27 18:18:00,2026-06-27 18:38:00,PAY000885,MYR,964.99,4.362922,-221.18,1666.17,1444.99,debited,
LED000886,CUS0037,deposit,2026-06-27 18:22:00,2026-06-27 18:50:00,PAY000886,MYR,733.67,4.419897,165.99,2937.6,3103.59,credited,
LED000887,CUS0023,deposit,2026-06-27 19:02:00,2026-06-27 21:24:00,PAY000887,MYR,411.87,4.411125,93.37,3799.88,3893.25,credited,
LED000888,CUS0140,deposit,2026-06-27 19:55:00,2026-06-27 22:52:00,PAY000888,INR,45011.46,85.711263,525.15,1415.89,1941.04,credited,
LED000889,CUS0090,deposit,2026-06-27 20:08:00,2026-06-27 22:31:00,PAY000889,INR,44455.75,85.471668,520.12,2216.68,2736.8,credited,
LED000890,CUS0071,deposit,2026-06-27 20:25:00,2026-06-27 21:18:00,PAY000890,MYR,639.37,4.421468,144.61,2215.85,2360.46,credited,
LED000891,CUS0032,deposit,2026-06-27 20:31:00,2026-06-27 23:09:00,PAY000891,MYR,883.92,4.419507,200.0,3455.04,3655.04,credited,
LED000892,CUS0003,deposit,2026-06-27 20:39:00,2026-06-27 23:49:00,PAY000892,MYR,1012.89,4.409871,229.69,2671.6,2901.29,credited,
LED000893,CUS0134,deposit,2026-06-28 08:01:00,2026-06-28 11:21:00,PAY000893,MYR,1934.34,4.439283,435.73,3614.97,4050.7,credited,
LED000894,CUS0074,deposit,2026-06-28 08:40:00,2026-06-28 10:01:00,PAY000894,INR,3698.52,85.500657,43.26,1031.57,1074.83,credited,
LED000895,CUS0073,deposit,2026-06-28 10:05:00,2026-06-28 10:45:00,PAY000895,MYR,1656.18,4.427928,374.03,2098.35,2472.38,credited,
LED000896,CUS0111,deposit,2026-06-28 10:40:00,2026-06-28 10:49:00,PAY000896,MYR,723.94,4.432627,163.32,2283.61,2446.93,credited,
LED000897,CUS0073,deposit,2026-06-28 10:49:00,2026-06-28 13:45:00,PAY000897,MYR,1576.97,4.429645,356.0,2472.38,2828.38,credited,
LED000898,CUS0070,payout,2026-06-28 11:19:00,2026-06-28 12:42:00,PAY000898,INR,4351.07,84.700604,-51.37,1642.23,1590.86,debited,
LED000899,CUS0009,deposit,2026-06-28 11:26:00,2026-06-28 13:17:00,PAY000899,INR,23922.3,85.496262,279.81,2214.44,2494.25,credited,
LED000900,CUS0026,deposit,2026-06-28 11:29:00,2026-06-28 13:30:00,PAY000900,MYR,1789.28,4.434699,403.47,2441.02,2844.49,credited,
LED000901,CUS0112,deposit,2026-06-28 11:48:00,2026-06-28 14:07:00,PAY000901,MYR,1367.48,4.430276,308.67,2412.82,2721.49,credited,
LED000902,CUS0052,deposit,2026-06-28 12:16:00,2026-06-28 14:43:00,PAY000902,INR,12876.01,85.63061,150.37,1510.58,1660.95,credited,
LED000903,CUS0022,deposit,2026-06-28 12:33:00,2026-06-28 15:48:00,PAY000903,INR,15218.04,85.499773,177.99,3914.34,4092.33,credited,
LED000904,CUS0112,deposit,2026-06-28 12:41:00,2026-06-28 15:29:00,PAY000904,INR,5254.09,85.525411,61.43,2721.49,2782.92,credited,
LED000905,CUS0092,deposit,2026-06-28 12:46:00,2026-06-28 15:10:00,PAY000905,MYR,952.71,4.436141,214.76,1415.69,1630.45,credited,
LED000906,CUS0119,deposit,2026-06-28 13:28:00,2026-06-28 15:58:00,PAY000906,MYR,84.52,4.444261,19.02,2779.43,2798.45,credited,
LED000907,CUS0036,deposit,2026-06-28 13:38:00,2026-06-28 15:51:00,PAY000907,MYR,1241.96,4.42877,280.43,2251.79,2532.22,credited,
LED000908,CUS0096,deposit,2026-06-28 14:17:00,2026-06-28 17:39:00,PAY000908,INR,6800.11,85.595356,79.44,3268.59,3348.03,credited,
LED000909,CUS0101,deposit,2026-06-28 15:01:00,2026-06-28 17:58:00,PAY000909,MYR,278.09,4.428151,62.8,2665.36,2728.16,credited,
LED000910,CUS0133,deposit,2026-06-28 15:29:00,2026-06-28 15:53:00,PAY000910,MYR,936.63,4.441529,210.88,1444.99,1655.87,credited,
LED000911,CUS0028,deposit,2026-06-28 16:28:00,2026-06-28 17:50:00,PAY000911,INR,17007.43,85.489201,198.94,1633.88,1832.82,credited,
LED000912,CUS0085,deposit,2026-06-28 16:56:00,2026-06-28 18:20:00,PAY000912,MYR,1732.7,4.437234,390.49,2273.1,2663.59,credited,
LED000913,CUS0133,deposit,2026-06-28 17:00:00,2026-06-28 19:20:00,PAY000913,INR,7635.52,85.636857,89.16,1655.87,1745.03,credited,
LED000914,CUS0040,deposit,2026-06-28 17:03:00,2026-06-28 19:14:00,PAY000914,INR,15394.16,85.703079,179.62,2200.0,2379.62,credited,
LED000915,CUS0052,deposit,2026-06-28 17:15:00,2026-06-28 17:30:00,PAY000915,INR,6178.09,85.672468,72.11,1660.95,1733.06,credited,
LED000916,CUS0064,deposit,2026-06-28 17:46:00,2026-06-28 19:54:00,PAY000916,INR,10612.54,85.574649,124.01,2671.36,2795.37,credited,
LED000917,CUS0032,payout,2026-06-28 18:30:00,2026-06-28 20:50:00,PAY000917,MYR,425.74,4.390013,-96.98,3655.04,3558.06,debited,
LED000918,CUS0140,deposit,2026-06-28 18:59:00,2026-06-28 22:24:00,PAY000918,INR,13383.44,85.684825,156.19,1941.04,2097.23,credited,
LED000919,CUS0032,deposit,2026-06-28 19:07:00,2026-06-28 21:56:00,PAY000919,MYR,881.74,4.442449,198.48,3558.06,3756.54,credited,
LED000920,CUS0062,deposit,2026-06-28 20:18:00,2026-06-28 22:55:00,PAY000920,INR,8953.39,85.445223,104.79,98.79,203.58,credited,
LED000921,CUS0075,deposit,2026-06-28 20:53:00,2026-06-29 00:00:00,PAY000921,MYR,1345.04,4.435726,303.23,1874.43,2177.66,credited,
LED000922,CUS0101,deposit,2026-06-29 08:05:00,2026-06-29 09:07:00,PAY000922,MYR,790.07,4.415031,178.95,2728.16,2907.11,credited,
LED000923,CUS0038,deposit,2026-06-29 09:02:00,2026-06-29 11:12:00,PAY000923,MYR,85.1,4.417604,19.26,3088.73,3107.99,credited,
LED000924,CUS0078,deposit,2026-06-29 10:02:00,2026-06-29 13:51:00,PAY000924,MYR,97.14,4.403441,22.06,1934.51,1956.57,credited,
LED000925,CUS0091,deposit,2026-06-29 12:03:00,2026-06-29 15:04:00,PAY000925,MYR,1926.71,4.403999,437.49,1762.09,2199.58,credited,
LED000926,CUS0041,deposit,2026-06-29 12:23:00,2026-06-29 14:50:00,PAY000926,MYR,734.76,4.408134,166.68,2485.69,2652.37,credited,
LED000927,CUS0135,deposit,2026-06-29 13:16:00,2026-06-29 13:49:00,PAY000927,MYR,799.53,4.419175,180.92,1336.91,1517.83,credited,
LED000928,CUS0145,deposit,2026-06-29 13:18:00,2026-06-29 14:16:00,PAY000928,INR,17294.91,85.390555,202.54,980.22,1182.76,credited,
LED000929,CUS0018,deposit,2026-06-29 13:25:00,2026-06-29 16:46:00,PAY000929,MYR,1834.84,4.419545,415.16,3064.6,3479.76,credited,
LED000930,CUS0047,payout,2026-06-29 13:35:00,2026-06-29 16:39:00,PAY000930,MYR,774.82,4.376251,-177.05,1903.82,1726.77,debited,
LED000931,CUS0083,deposit,2026-06-29 15:00:00,2026-06-29 17:56:00,PAY000931,MYR,1190.04,4.405531,270.12,1193.94,1464.06,credited,
LED000932,CUS0008,deposit,2026-06-29 15:21:00,2026-06-29 16:21:00,PAY000932,MYR,1708.5,4.404439,387.9,1842.61,2230.51,credited,
LED000933,CUS0128,deposit,2026-06-29 15:29:00,2026-06-29 17:56:00,PAY000933,INR,46744.58,85.497662,546.74,3263.8,3810.54,credited,
LED000934,CUS0061,deposit,2026-06-29 17:12:00,2026-06-29 18:48:00,PAY000934,INR,5718.87,85.605683,66.8,3121.18,3187.98,credited,
LED000935,CUS0108,deposit,2026-06-29 17:54:00,2026-06-29 18:54:00,PAY000935,MYR,1847.08,4.416586,418.21,3185.65,3603.86,credited,
LED000936,CUS0019,deposit,2026-06-29 17:55:00,2026-06-29 20:14:00,PAY000936,MYR,899.81,4.405267,204.26,1061.87,1266.13,credited,
LED000937,CUS0083,deposit,2026-06-29 18:05:00,2026-06-29 20:30:00,PAY000937,INR,5829.22,85.585937,68.11,1464.06,1532.17,credited,
LED000938,CUS0147,deposit,2026-06-29 19:04:00,2026-06-29 20:16:00,PAY000938,INR,28045.18,85.608261,327.6,1248.44,1576.04,credited,
LED000939,CUS0074,deposit,2026-06-29 19:15:00,2026-06-29 20:29:00,PAY000939,MYR,474.23,4.410968,107.51,1074.83,1182.34,credited,
LED000940,CUS0007,deposit,2026-06-30 09:30:00,2026-06-30 12:33:00,PAY000940,INR,31641.23,85.708194,369.17,1118.21,1487.38,credited,
LED000941,CUS0036,deposit,2026-06-30 09:35:00,2026-06-30 12:02:00,PAY000941,INR,44717.91,85.69007,521.86,2532.22,3054.08,credited,
LED000942,CUS0019,deposit,2026-06-30 09:48:00,2026-06-30 13:34:00,PAY000942,MYR,701.2,4.423545,158.52,1266.13,1424.65,credited,
LED000943,CUS0054,payout,2026-06-30 09:51:00,2026-06-30 12:30:00,PAY000943,MYR,767.05,4.372907,-175.41,2134.67,1959.26,debited,
LED000944,CUS0144,payout,2026-06-30 09:55:00,2026-06-30 10:46:00,PAY000944,MYR,630.86,4.375821,-144.17,167.22,23.05,debited,
LED000945,CUS0019,deposit,2026-06-30 10:07:00,2026-06-30 11:35:00,PAY000945,MYR,1151.23,4.424556,260.19,1424.65,1684.84,credited,
LED000946,CUS0128,deposit,2026-06-30 11:20:00,2026-06-30 14:33:00,PAY000946,MYR,484.23,4.415277,109.67,3810.54,3920.21,credited,
LED000947,CUS0075,deposit,2026-06-30 12:20:00,2026-06-30 13:54:00,PAY000947,MYR,1846.88,4.413891,418.42,2177.66,2596.08,credited,
LED000948,CUS0041,deposit,2026-06-30 12:40:00,2026-06-30 13:39:00,PAY000948,MYR,1937.19,4.414694,438.81,2652.37,3091.18,credited,
LED000949,CUS0129,deposit,2026-06-30 13:52:00,2026-06-30 16:39:00,PAY000949,INR,15955.85,85.971644,185.59,1071.77,1257.36,credited,
LED000950,CUS0068,payout,2026-06-30 13:53:00,2026-06-30 14:28:00,PAY000950,INR,16923.36,84.854381,-199.44,1538.56,1339.12,debited,
LED000951,CUS0086,deposit,2026-06-30 14:36:00,2026-06-30 15:05:00,PAY000951,MYR,1779.42,4.418107,402.76,2362.03,2764.79,credited,
LED000952,CUS0085,deposit,2026-06-30 14:40:00,2026-06-30 18:33:00,PAY000952,INR,46246.63,85.866526,538.59,2663.59,3202.18,credited,
LED000953,CUS0019,deposit,2026-06-30 14:42:00,2026-06-30 18:09:00,PAY000953,INR,40380.27,85.759567,470.85,1684.84,2155.69,credited,
LED000954,CUS0019,deposit,2026-06-30 14:56:00,2026-06-30 18:22:00,PAY000954,INR,47520.44,85.797419,553.87,2155.69,2709.56,credited,
LED000955,CUS0123,deposit,2026-06-30 15:46:00,2026-06-30 17:47:00,PAY000955,INR,47356.73,85.98343,550.77,2118.14,2668.91,credited,
LED000956,CUS0128,deposit,2026-06-30 15:50:00,2026-06-30 19:04:00,PAY000956,INR,25626.41,85.71439,298.97,3920.21,4219.18,credited,
LED000957,CUS0059,deposit,2026-06-30 16:23:00,2026-06-30 16:44:00,PAY000957,MYR,72.24,4.421941,16.34,1870.41,1886.75,credited,
LED000958,CUS0098,deposit,2026-06-30 16:33:00,2026-06-30 17:18:00,PAY000958,INR,34256.09,85.862095,398.97,1973.24,2372.21,credited,
LED000959,CUS0097,payout,2026-06-30 18:06:00,2026-06-30 20:46:00,PAY000959,MYR,925.15,4.37049,-211.68,3430.89,3219.21,debited,
LED000960,CUS0030,deposit,2026-06-30 18:30:00,2026-06-30 22:10:00,PAY000960,MYR,892.77,4.423213,201.84,2539.85,2741.69,credited,
LED000961,CUS0088,deposit,2026-06-30 19:51:00,2026-06-30 20:26:00,PAY000961,MYR,889.95,4.419715,201.36,3416.41,3617.77,credited,
LED000962,CUS0003,deposit,2026-06-30 20:18:00,2026-06-30 23:17:00,PAY000962,INR,11742.73,85.710245,137.0,2901.29,3038.29,credited,
LED000963,CUS0004,deposit,2026-06-30 20:19:00,2026-06-30 22:20:00,PAY000963,INR,43726.16,86.018945,508.33,1416.34,1924.67,credited,
LED000964,CUS0033,deposit,2026-06-30 20:35:00,2026-06-30 21:55:00,PAY000964,INR,22208.52,85.704964,259.13,3270.1,3529.23,credited,
LED000965,CUS0063,deposit,2026-07-01 08:06:00,2026-07-01 09:23:00,PAY000965,MYR,1996.23,4.40333,453.35,3124.34,3577.69,credited,
LED000966,CUS0032,deposit,2026-07-01 08:09:00,2026-07-01 08:50:00,PAY000966,MYR,1323.48,4.405604,300.41,3756.54,4056.95,credited,
LED000967,CUS0092,payout,2026-07-01 09:11:00,2026-07-01 10:41:00,PAY000967,INR,22764.13,84.211779,-270.32,1630.45,1360.13,debited,
LED000968,CUS0142,payout,2026-07-01 11:26:00,2026-07-01 14:34:00,PAY000968,MYR,414.61,4.36984,-94.88,4284.34,4189.46,debited,
LED000969,CUS0139,deposit,2026-07-01 12:08:00,2026-07-01 12:49:00,PAY000969,MYR,1021.79,4.402787,232.08,1946.4,2178.48,credited,
LED000970,CUS0125,deposit,2026-07-01 12:14:00,2026-07-01 14:10:00,PAY000970,MYR,581.17,4.409601,131.8,1810.39,1942.19,credited,
LED000971,CUS0134,deposit,2026-07-01 14:08:00,2026-07-01 16:48:00,PAY000971,INR,11911.53,85.346548,139.57,4050.7,4190.27,credited,
LED000972,CUS0037,deposit,2026-07-01 14:26:00,2026-07-01 16:16:00,PAY000972,INR,2275.45,85.186644,26.71,3103.59,3130.3,credited,
LED000973,CUS0117,deposit,2026-07-01 15:02:00,2026-07-01 15:44:00,PAY000973,MYR,1907.5,4.408621,432.67,810.73,1243.4,credited,
LED000974,CUS0099,deposit,2026-07-01 15:06:00,2026-07-01 15:36:00,PAY000974,INR,15370.44,85.151839,180.51,1659.2,1839.71,credited,
LED000975,CUS0099,deposit,2026-07-01 15:34:00,2026-07-01 17:41:00,PAY000975,MYR,1005.85,4.412228,227.97,1839.71,2067.68,credited,
LED000976,CUS0053,deposit,2026-07-01 15:41:00,2026-07-01 19:02:00,PAY000976,MYR,777.27,4.39795,176.73,1856.19,2032.92,credited,
LED000977,CUS0009,deposit,2026-07-01 19:13:00,2026-07-01 21:47:00,PAY000977,INR,27306.68,85.284834,320.18,2494.25,2814.43,credited,
LED000978,CUS0087,deposit,2026-07-01 20:51:00,2026-07-01 22:55:00,PAY000978,INR,46173.58,85.369945,540.86,2434.76,2975.62,credited,
LED000979,CUS0088,deposit,2026-07-02 08:31:00,2026-07-02 11:43:00,PAY000979,INR,36426.42,85.330685,426.89,3617.77,4044.66,credited,
LED000980,CUS0015,deposit,2026-07-02 09:09:00,2026-07-02 12:00:00,PAY000980,MYR,1620.57,4.431513,365.69,1961.76,2327.45,credited,
LED000981,CUS0137,payout,2026-07-02 09:50:00,2026-07-02 13:08:00,PAY000981,MYR,633.82,4.388749,-144.42,3112.74,2968.32,debited,
LED000982,CUS0098,deposit,2026-07-02 10:08:00,2026-07-02 11:22:00,PAY000982,MYR,950.64,4.420534,215.05,2372.21,2587.26,credited,
LED000983,CUS0071,deposit,2026-07-02 10:08:00,2026-07-02 12:06:00,PAY000983,INR,4734.07,85.168194,55.58,2360.46,2416.04,credited,
LED000984,CUS0102,deposit,2026-07-02 10:11:00,2026-07-02 11:50:00,PAY000984,MYR,106.05,4.423632,23.97,1471.67,1495.64,credited,
LED000985,CUS0004,deposit,2026-07-02 10:41:00,2026-07-02 13:54:00,PAY000985,MYR,274.88,4.429328,62.06,1924.67,1986.73,credited,
LED000986,CUS0046,deposit,2026-07-02 10:42:00,2026-07-02 11:20:00,PAY000986,MYR,904.3,4.432458,204.02,2687.99,2892.01,credited,
LED000987,CUS0092,deposit,2026-07-02 11:42:00,2026-07-02 14:23:00,PAY000987,INR,24270.29,85.231526,284.76,1360.13,1644.89,credited,
LED000988,CUS0021,deposit,2026-07-02 11:57:00,2026-07-02 15:14:00,PAY000988,MYR,574.6,4.418693,130.04,3028.29,3158.33,credited,
LED000989,CUS0113,deposit,2026-07-02 12:50:00,2026-07-02 14:22:00,PAY000989,MYR,384.21,4.434535,86.64,398.12,484.76,credited,
LED000990,CUS0045,payout,2026-07-02 13:31:00,2026-07-02 16:56:00,PAY000990,MYR,230.17,4.375929,-52.6,2089.86,2037.26,debited,
LED000991,CUS0010,deposit,2026-07-02 15:34:00,2026-07-02 18:44:00,PAY000991,INR,9620.65,85.151818,112.98,1369.21,1482.19,credited,
LED000992,CUS0011,deposit,2026-07-02 16:21:00,2026-07-02 17:28:00,PAY000992,MYR,1120.21,4.427924,252.99,1366.36,1619.35,credited,
LED000993,CUS0005,deposit,2026-07-02 16:30:00,2026-07-02 18:40:00,PAY000993,MYR,1366.42,4.434924,308.1,3007.43,3315.53,credited,
LED000994,CUS0090,deposit,2026-07-02 17:01:00,2026-07-02 19:44:00,PAY000994,INR,5903.59,85.277264,69.23,2736.8,2806.03,credited,
LED000995,CUS0061,deposit,2026-07-02 17:01:00,2026-07-02 19:56:00,PAY000995,INR,10600.07,85.246732,124.35,3187.98,3312.33,credited,
LED000996,CUS0110,deposit,2026-07-02 17:27:00,2026-07-02 18:10:00,PAY000996,MYR,1755.43,4.41892,397.25,2605.18,3002.43,credited,
LED000997,CUS0093,deposit,2026-07-02 17:36:00,2026-07-02 20:23:00,PAY000997,MYR,689.92,4.428403,155.79,2025.72,2181.51,credited,
LED000998,CUS0076,payout,2026-07-02 18:09:00,2026-07-02 19:19:00,PAY000998,MYR,834.15,4.38195,-190.36,4855.0,4664.64,debited,
LED000999,CUS0039,deposit,2026-07-02 18:49:00,2026-07-02 19:07:00,PAY000999,INR,45637.7,85.171662,535.83,1766.52,2302.35,credited,
LED001000,CUS0131,deposit,2026-07-02 19:08:00,2026-07-02 22:14:00,PAY001000,INR,35930.51,85.348,420.99,1725.84,2146.83,credited,
LED001001,CUS0097,deposit,2026-07-03 08:25:00,2026-07-03 09:21:00,PAY001001,MYR,1666.53,4.427023,376.44,3219.21,3595.65,credited,
LED001002,CUS0021,deposit,2026-07-03 08:27:00,2026-07-03 10:06:00,PAY001002,INR,47781.38,85.669039,557.74,3158.33,3716.07,credited,
LED001003,CUS0032,payout,2026-07-03 08:31:00,2026-07-03 11:43:00,PAY001003,MYR,1119.37,4.375956,-255.8,4056.95,3801.15,debited,
LED001004,CUS0135,deposit,2026-07-03 10:31:00,2026-07-03 12:15:00,PAY001004,INR,26256.63,85.746525,306.21,1517.83,1824.04,credited,
LED001005,CUS0076,payout,2026-07-03 10:43:00,2026-07-03 12:28:00,PAY001005,INR,23253.35,84.801245,-274.21,4664.64,4390.43,debited,
LED001006,CUS0081,deposit,2026-07-03 11:38:00,2026-07-03 12:57:00,PAY001006,MYR,1503.93,4.414489,340.68,4070.59,4411.27,credited,
LED001007,CUS0105,payout,2026-07-03 12:05:00,2026-07-03 14:16:00,PAY001007,INR,9732.68,84.668793,-114.95,2335.66,2220.71,debited,
LED001008,CUS0124,deposit,2026-07-03 13:12:00,2026-07-03 16:02:00,PAY001008,INR,30458.32,85.851959,354.78,3063.91,3418.69,credited,
LED001009,CUS0033,deposit,2026-07-03 14:14:00,2026-07-03 16:11:00,PAY001009,MYR,1853.66,4.414469,419.91,3529.23,3949.14,credited,
LED001010,CUS0036,deposit,2026-07-03 14:20:00,2026-07-03 16:00:00,PAY001010,MYR,1222.92,4.422324,276.53,3054.08,3330.61,credited,
LED001011,CUS0105,payout,2026-07-03 14:30:00,2026-07-03 15:49:00,PAY001011,MYR,577.09,4.368588,-132.1,2220.71,2088.61,debited,
LED001012,CUS0051,deposit,2026-07-03 16:14:00,2026-07-03 18:16:00,PAY001012,MYR,1802.75,4.42159,407.72,2118.55,2526.27,credited,
LED001013,CUS0068,deposit,2026-07-03 16:35:00,2026-07-03 19:28:00,PAY001013,INR,38392.72,85.579798,448.62,1339.12,1787.74,credited,
LED001014,CUS0009,deposit,2026-07-03 16:52:00,2026-07-03 17:48:00,PAY001014,INR,41776.0,85.581721,488.14,2814.43,3302.57,credited,
LED001015,CUS0034,deposit,2026-07-03 17:17:00,2026-07-03 20:36:00,PAY001015,INR,25987.41,85.877774,302.61,2393.15,2695.76,credited,
LED001016,CUS0091,deposit,2026-07-03 17:55:00,2026-07-03 20:38:00,PAY001016,MYR,281.08,4.426392,63.5,2199.58,2263.08,credited,
LED001017,CUS0087,deposit,2026-07-03 19:12:00,2026-07-03 22:01:00,PAY001017,MYR,1195.21,4.412512,270.87,2975.62,3246.49,credited,
LED001018,CUS0091,deposit,2026-07-03 19:15:00,2026-07-03 21:45:00,PAY001018,INR,47520.99,85.563672,555.39,2263.08,2818.47,credited,
LED001019,CUS0112,deposit,2026-07-03 19:37:00,2026-07-03 22:29:00,PAY001019,MYR,599.9,4.423501,135.62,2782.92,2918.54,credited,
LED001020,CUS0131,deposit,2026-07-03 20:25:00,2026-07-03 21:09:00,PAY001020,INR,4647.58,85.789839,54.17,2146.83,2201.0,credited,
LED001021,CUS0117,payout,2026-07-03 20:39:00,2026-07-03 22:48:00,PAY001021,MYR,525.49,4.378318,-120.02,1243.4,1123.38,debited,
LED001022,CUS0025,deposit,2026-07-04 08:32:00,2026-07-04 11:05:00,PAY001022,MYR,487.56,4.425672,110.17,2232.95,2343.12,credited,
LED001023,CUS0135,payout,2026-07-04 08:57:00,2026-07-04 11:10:00,PAY001023,INR,15003.18,84.216578,-178.15,1824.04,1645.89,debited,
LED001024,CUS0046,deposit,2026-07-04 09:38:00,2026-07-04 10:46:00,PAY001024,MYR,1908.42,4.415763,432.18,2892.01,3324.19,credited,
LED001025,CUS0072,deposit,2026-07-04 11:02:00,2026-07-04 14:05:00,PAY001025,INR,28969.32,85.187742,340.06,2934.37,3274.43,credited,
LED001026,CUS0043,deposit,2026-07-04 11:18:00,2026-07-04 13:05:00,PAY001026,INR,6368.28,85.159386,74.78,2232.22,2307.0,credited,
LED001027,CUS0044,deposit,2026-07-04 12:08:00,2026-07-04 13:58:00,PAY001027,MYR,598.3,4.412928,135.58,3631.74,3767.32,credited,
LED001028,CUS0072,payout,2026-07-04 13:54:00,2026-07-04 15:27:00,PAY001028,INR,4291.96,84.337948,-50.89,3274.43,3223.54,debited,
LED001029,CUS0011,deposit,2026-07-04 14:29:00,2026-07-04 17:27:00,PAY001029,INR,48012.91,85.050317,564.52,1619.35,2183.87,credited,
LED001030,CUS0007,deposit,2026-07-04 14:44:00,2026-07-04 16:38:00,PAY001030,INR,18792.26,85.043267,220.97,1487.38,1708.35,credited,
LED001031,CUS0134,deposit,2026-07-04 14:48:00,2026-07-04 17:08:00,PAY001031,MYR,278.57,4.421913,63.0,4190.27,4253.27,credited,
LED001032,CUS0031,deposit,2026-07-04 14:56:00,2026-07-04 17:23:00,PAY001032,INR,22498.05,85.285126,263.8,2626.25,2890.05,credited,
LED001033,CUS0036,payout,2026-07-04 15:31:00,2026-07-04 18:35:00,PAY001033,MYR,1301.21,4.366626,-297.99,3330.61,3032.62,debited,
LED001034,CUS0057,deposit,2026-07-04 15:47:00,2026-07-04 17:26:00,PAY001034,MYR,1462.9,4.423178,330.74,2409.58,2740.32,credited,
LED001035,CUS0132,payout,2026-07-04 16:35:00,2026-07-04 17:44:00,PAY001035,MYR,895.4,4.369937,-204.9,2145.19,1940.29,debited,
LED001036,CUS0010,deposit,2026-07-04 16:35:00,2026-07-04 19:14:00,PAY001036,MYR,883.75,4.424744,199.73,1482.19,1681.92,credited,
LED001037,CUS0010,deposit,2026-07-04 16:51:00,2026-07-04 19:37:00,PAY001037,INR,47484.54,85.327793,556.5,1681.92,2238.42,credited,
LED001038,CUS0097,deposit,2026-07-04 17:31:00,2026-07-04 19:16:00,PAY001038,INR,43669.68,85.087648,513.23,3595.65,4108.88,credited,
LED001039,CUS0039,payout,2026-07-04 18:57:00,2026-07-04 20:36:00,PAY001039,INR,12660.29,84.115933,-150.51,2302.35,2151.84,debited,
LED001040,CUS0051,deposit,2026-07-04 19:09:00,2026-07-04 20:10:00,PAY001040,MYR,1280.5,4.41397,290.1,2526.27,2816.37,credited,
LED001041,CUS0018,deposit,2026-07-04 19:42:00,2026-07-04 22:37:00,PAY001041,INR,24789.21,85.042085,291.49,3479.76,3771.25,credited,
LED001042,CUS0068,deposit,2026-07-04 20:33:00,2026-07-04 23:57:00,PAY001042,INR,30862.22,85.054224,362.85,1787.74,2150.59,credited,
LED001043,CUS0124,payout,2026-07-05 09:28:00,2026-07-05 11:16:00,PAY001043,INR,13904.59,84.872065,-163.83,3418.69,3254.86,debited,
LED001044,CUS0075,payout,2026-07-05 09:35:00,2026-07-05 12:36:00,PAY001044,MYR,893.27,4.384988,-203.71,2596.08,2392.37,debited,
LED001045,CUS0140,deposit,2026-07-05 09:48:00,2026-07-05 10:32:00,PAY001045,MYR,977.49,4.424761,220.91,2097.23,2318.14,credited,
LED001046,CUS0074,deposit,2026-07-05 09:53:00,2026-07-05 12:13:00,PAY001046,INR,21269.9,86.008352,247.3,1182.34,1429.64,credited,
LED001047,CUS0030,deposit,2026-07-05 10:03:00,2026-07-05 12:12:00,PAY001047,INR,9221.62,85.905161,107.35,2741.69,2849.04,credited,
LED001048,CUS0102,deposit,2026-07-05 10:08:00,2026-07-05 13:10:00,PAY001048,INR,35388.53,85.797046,412.47,1495.64,1908.11,credited,
LED001049,CUS0061,deposit,2026-07-05 10:46:00,2026-07-05 12:32:00,PAY001049,MYR,87.06,4.424818,19.68,3312.33,3332.01,credited,
LED001050,CUS0105,deposit,2026-07-05 10:52:00,2026-07-05 12:36:00,PAY001050,INR,3509.76,85.983247,40.82,2088.61,2129.43,credited,
LED001051,CUS0114,deposit,2026-07-05 11:09:00,2026-07-05 13:19:00,PAY001051,MYR,867.64,4.421459,196.23,3732.2,3928.43,credited,
LED001052,CUS0057,deposit,2026-07-05 11:15:00,2026-07-05 11:51:00,PAY001052,INR,17322.16,85.769828,201.96,2740.32,2942.28,credited,
LED001053,CUS0147,payout,2026-07-05 11:16:00,2026-07-05 13:52:00,PAY001053,MYR,1155.34,4.37744,-263.93,1576.04,1312.11,debited,
LED001054,CUS0085,deposit,2026-07-05 13:11:00,2026-07-05 15:36:00,PAY001054,INR,6896.16,86.003187,80.18,3202.18,3282.36,credited,
LED001055,CUS0024,payout,2026-07-05 13:29:00,2026-07-05 15:58:00,PAY001055,INR,20071.02,84.927947,-236.33,2726.25,2489.92,debited,
LED001056,CUS0142,deposit,2026-07-05 13:34:00,2026-07-05 14:25:00,PAY001056,MYR,155.03,4.427751,35.01,4189.46,4224.47,credited,
LED001057,CUS0051,deposit,2026-07-05 13:37:00,2026-07-05 16:25:00,PAY001057,INR,49268.26,85.802032,574.21,2816.37,3390.58,credited,
LED001058,CUS0042,deposit,2026-07-05 13:37:00,2026-07-05 15:33:00,PAY001058,INR,45577.36,85.777338,531.35,3663.55,4194.9,credited,
LED001059,CUS0064,payout,2026-07-05 14:05:00,2026-07-05 15:14:00,PAY001059,INR,23976.72,84.843304,-282.6,2795.37,2512.77,debited,
LED001060,CUS0135,payout,2026-07-05 14:52:00,2026-07-05 17:29:00,PAY001060,INR,3373.55,84.911901,-39.73,1645.89,1606.16,debited,
LED001061,CUS0073,deposit,2026-07-05 15:04:00,2026-07-05 16:48:00,PAY001061,MYR,623.89,4.414932,141.31,2828.38,2969.69,credited,
LED001062,CUS0032,deposit,2026-07-05 15:34:00,2026-07-05 17:57:00,PAY001062,INR,40743.29,85.689288,475.48,3801.15,4276.63,credited,
LED001063,CUS0070,payout,2026-07-05 15:55:00,2026-07-05 16:24:00,PAY001063,MYR,1136.78,4.37256,-259.98,1590.86,1330.88,debited,
LED001064,CUS0139,payout,2026-07-05 16:24:00,2026-07-05 17:14:00,PAY001064,MYR,810.36,4.370615,-185.41,2178.48,1993.07,debited,
LED001065,CUS0080,deposit,2026-07-05 16:30:00,2026-07-05 18:56:00,PAY001065,MYR,1576.0,4.417621,356.75,5147.82,5504.57,credited,
LED001066,CUS0118,deposit,2026-07-05 16:43:00,2026-07-05 18:37:00,PAY001066,INR,10532.0,85.781447,122.78,577.42,700.2,credited,
LED001067,CUS0110,payout,2026-07-05 16:45:00,2026-07-05 19:10:00,PAY001067,MYR,161.9,4.376858,-36.99,3002.43,2965.44,debited,
LED001068,CUS0137,deposit,2026-07-05 17:30:00,2026-07-05 19:14:00,PAY001068,MYR,1027.99,4.422735,232.43,2968.32,3200.75,credited,
LED001069,CUS0096,deposit,2026-07-05 17:53:00,2026-07-05 18:54:00,PAY001069,MYR,1532.52,4.427056,346.17,3348.03,3694.2,credited,
LED001070,CUS0007,deposit,2026-07-05 18:13:00,2026-07-05 19:46:00,PAY001070,INR,20168.76,85.876131,234.86,1708.35,1943.21,credited,
LED001071,CUS0028,deposit,2026-07-05 18:16:00,2026-07-05 19:56:00,PAY001071,MYR,1296.35,4.42262,293.12,1832.82,2125.94,credited,
LED001072,CUS0044,deposit,2026-07-05 18:27:00,2026-07-05 21:15:00,PAY001072,INR,10780.25,85.710445,125.78,3767.32,3893.1,credited,
LED001073,CUS0104,deposit,2026-07-05 18:34:00,2026-07-05 21:14:00,PAY001073,INR,31016.18,85.706495,361.89,434.43,796.32,credited,
LED001074,CUS0127,deposit,2026-07-05 18:38:00,2026-07-05 20:50:00,PAY001074,INR,12975.18,85.697926,151.41,862.73,1014.14,credited,
LED001075,CUS0010,deposit,2026-07-05 18:50:00,2026-07-05 21:58:00,PAY001075,MYR,663.24,4.428945,149.75,2238.42,2388.17,credited,
LED001076,CUS0069,deposit,2026-07-05 19:20:00,2026-07-05 22:39:00,PAY001076,MYR,1390.08,4.429601,313.82,1344.06,1657.88,credited,
LED001077,CUS0081,deposit,2026-07-05 19:46:00,2026-07-05 21:12:00,PAY001077,MYR,1920.17,4.423837,434.05,4411.27,4845.32,credited,
LED001078,CUS0132,deposit,2026-07-05 19:50:00,2026-07-05 21:14:00,PAY001078,MYR,1122.97,4.426725,253.68,1940.29,2193.97,credited,
LED001079,CUS0020,payout,2026-07-05 20:35:00,2026-07-05 20:54:00,PAY001079,INR,10086.98,84.800129,-118.95,2405.93,2286.98,debited,
LED001080,CUS0113,deposit,2026-07-05 20:45:00,2026-07-05 21:22:00,PAY001080,INR,43552.58,85.73476,507.99,484.76,992.75,credited,
LED001081,CUS0135,deposit,2026-07-05 20:52:00,2026-07-05 23:44:00,PAY001081,MYR,989.77,4.422945,223.78,1606.16,1829.94,credited,
LED001082,CUS0031,payout,2026-07-06 08:02:00,2026-07-06 10:09:00,PAY001082,MYR,597.23,4.382017,-136.29,2890.05,2753.76,debited,
LED001083,CUS0096,payout,2026-07-06 08:18:00,2026-07-06 09:15:00,PAY001083,MYR,761.89,4.391031,-173.51,3694.2,3520.69,debited,
LED001084,CUS0053,deposit,2026-07-06 08:35:00,2026-07-06 10:49:00,PAY001084,MYR,1611.54,4.435175,363.35,2032.92,2396.27,credited,
LED001085,CUS0054,deposit,2026-07-06 09:46:00,2026-07-06 10:36:00,PAY001085,MYR,1874.32,4.434268,422.69,1959.26,2381.95,credited,
LED001086,CUS0107,deposit,2026-07-06 10:06:00,2026-07-06 12:16:00,PAY001086,MYR,383.07,4.426068,86.55,2453.63,2540.18,credited,
LED001087,CUS0049,deposit,2026-07-06 10:38:00,2026-07-06 11:42:00,PAY001087,INR,10363.75,85.767654,120.84,5117.53,5238.37,credited,
LED001088,CUS0016,deposit,2026-07-06 10:53:00,2026-07-06 13:41:00,PAY001088,MYR,1261.2,4.431766,284.58,1391.18,1675.76,credited,
LED001089,CUS0144,deposit,2026-07-06 11:28:00,2026-07-06 13:42:00,PAY001089,INR,44225.49,85.780911,515.56,23.05,538.61,credited,
LED001090,CUS0071,payout,2026-07-06 11:33:00,2026-07-06 14:05:00,PAY001090,INR,7850.56,84.953562,-92.41,2416.04,2323.63,debited,
LED001091,CUS0104,deposit,2026-07-06 12:11:00,2026-07-06 15:14:00,PAY001091,MYR,1870.59,4.432409,422.03,796.32,1218.35,credited,
LED001092,CUS0040,deposit,2026-07-06 13:11:00,2026-07-06 14:29:00,PAY001092,INR,5597.33,85.68719,65.32,2379.62,2444.94,credited,
LED001093,CUS0027,deposit,2026-07-06 13:16:00,2026-07-06 16:12:00,PAY001093,INR,6771.85,85.750865,78.97,2037.44,2116.41,credited,
LED001094,CUS0071,deposit,2026-07-06 13:23:00,2026-07-06 16:48:00,PAY001094,MYR,1934.32,4.43175,436.47,2323.63,2760.1,credited,
LED001095,CUS0001,deposit,2026-07-06 13:27:00,2026-07-06 14:33:00,PAY001095,MYR,1573.23,4.429606,355.16,1103.86,1459.02,credited,
LED001096,CUS0122,deposit,2026-07-06 14:11:00,2026-07-06 15:43:00,PAY001096,INR,43793.4,85.709801,510.95,3500.61,4011.56,credited,
LED001097,CUS0113,deposit,2026-07-06 14:38:00,2026-07-06 17:04:00,PAY001097,INR,21557.58,85.707618,251.52,992.75,1244.27,credited,
LED001098,CUS0031,payout,2026-07-06 15:30:00,2026-07-06 17:40:00,PAY001098,MYR,350.46,4.390643,-79.82,2753.76,2673.94,debited,
LED001099,CUS0091,deposit,2026-07-06 16:07:00,2026-07-06 18:46:00,PAY001099,MYR,644.17,4.438422,145.13,2818.47,2963.6,credited,
LED001100,CUS0055,deposit,2026-07-06 16:32:00,2026-07-06 20:13:00,PAY001100,INR,47790.33,85.963848,555.94,2362.55,2918.49,credited,
LED001101,CUS0112,deposit,2026-07-06 17:02:00,2026-07-06 19:57:00,PAY001101,MYR,1134.16,4.438512,255.53,2918.54,3174.07,credited,
LED001102,CUS0143,deposit,2026-07-06 17:26:00,2026-07-06 20:40:00,PAY001102,MYR,1802.53,4.438051,406.15,1286.07,1692.22,credited,
LED001103,CUS0094,deposit,2026-07-06 18:07:00,2026-07-06 21:26:00,PAY001103,INR,42840.93,85.669275,500.07,3103.15,3603.22,credited,
LED001104,CUS0144,deposit,2026-07-06 18:31:00,2026-07-06 19:49:00,PAY001104,MYR,1756.3,4.429686,396.48,538.61,935.09,credited,
LED001105,CUS0003,deposit,2026-07-06 19:50:00,2026-07-06 22:01:00,PAY001105,MYR,415.8,4.429069,93.88,3038.29,3132.17,credited,
LED001106,CUS0080,deposit,2026-07-07 08:47:00,2026-07-07 11:25:00,PAY001106,INR,16758.35,85.007375,197.14,5504.57,5701.71,credited,
LED001107,CUS0004,deposit,2026-07-07 09:06:00,2026-07-07 10:01:00,PAY001107,MYR,1225.35,4.429857,276.61,1986.73,2263.34,credited,
LED001108,CUS0102,deposit,2026-07-07 09:19:00,2026-07-07 10:46:00,PAY001108,MYR,116.52,4.432318,26.29,1908.11,1934.4,credited,
LED001109,CUS0008,deposit,2026-07-07 09:23:00,2026-07-07 12:07:00,PAY001109,INR,43227.67,85.336333,506.56,2230.51,2737.07,credited,
LED001110,CUS0122,deposit,2026-07-07 09:34:00,2026-07-07 13:13:00,PAY001110,MYR,1507.37,4.429636,340.29,4011.56,4351.85,credited,
LED001111,CUS0008,deposit,2026-07-07 09:37:00,2026-07-07 11:07:00,PAY001111,INR,30839.56,85.018475,362.74,2737.07,3099.81,credited,
LED001112,CUS0034,deposit,2026-07-07 10:08:00,2026-07-07 10:47:00,PAY001112,INR,4599.82,85.302185,53.92,2695.76,2749.68,credited,
LED001113,CUS0016,deposit,2026-07-07 11:35:00,2026-07-07 14:17:00,PAY001113,MYR,649.05,4.432244,146.44,1675.76,1822.2,credited,
LED001114,CUS0005,deposit,2026-07-07 12:52:00,2026-07-07 16:44:00,PAY001114,INR,16966.92,85.228659,199.08,3315.53,3514.61,credited,
LED001115,CUS0044,deposit,2026-07-07 12:56:00,2026-07-07 16:18:00,PAY001115,MYR,1814.28,4.436856,408.91,3893.1,4302.01,credited,
LED001116,CUS0104,deposit,2026-07-07 13:07:00,2026-07-07 16:45:00,PAY001116,MYR,850.27,4.430098,191.93,1218.35,1410.28,credited,
LED001117,CUS0129,deposit,2026-07-07 13:18:00,2026-07-07 14:37:00,PAY001117,INR,7801.94,85.027593,91.76,1257.36,1349.12,credited,
LED001118,CUS0071,deposit,2026-07-07 13:32:00,2026-07-07 16:13:00,PAY001118,INR,30622.19,85.15653,359.6,2760.1,3119.7,credited,
LED001119,CUS0001,payout,2026-07-07 13:50:00,2026-07-07 16:41:00,PAY001119,INR,8440.74,84.205347,-100.24,1459.02,1358.78,debited,
LED001120,CUS0146,payout,2026-07-07 13:53:00,2026-07-07 14:57:00,PAY001120,INR,21234.35,84.106427,-252.47,3293.39,3040.92,debited,
LED001121,CUS0024,deposit,2026-07-07 14:37:00,2026-07-07 15:16:00,PAY001121,MYR,389.53,4.422511,88.08,2489.92,2578.0,credited,
LED001122,CUS0006,deposit,2026-07-07 15:01:00,2026-07-07 15:22:00,PAY001122,MYR,1540.44,4.431423,347.62,3071.04,3418.66,credited,
LED001123,CUS0064,deposit,2026-07-07 15:31:00,2026-07-07 19:12:00,PAY001123,MYR,636.33,4.429105,143.67,2512.77,2656.44,credited,
LED001124,CUS0034,deposit,2026-07-07 16:18:00,2026-07-07 18:46:00,PAY001124,INR,15869.11,85.260107,186.13,2749.68,2935.81,credited,
LED001125,CUS0036,deposit,2026-07-07 16:48:00,2026-07-07 18:53:00,PAY001125,MYR,1143.13,4.424102,258.39,3032.62,3291.01,credited,
LED001126,CUS0052,deposit,2026-07-07 17:06:00,2026-07-07 18:43:00,PAY001126,INR,9267.05,85.098406,108.9,1733.06,1841.96,credited,
LED001127,CUS0126,deposit,2026-07-07 17:47:00,2026-07-07 19:48:00,PAY001127,MYR,729.65,4.425636,164.87,1124.26,1289.13,credited,
LED001128,CUS0044,deposit,2026-07-07 17:47:00,2026-07-07 20:46:00,PAY001128,MYR,102.36,4.435646,23.08,4302.01,4325.09,credited,
LED001129,CUS0054,deposit,2026-07-07 18:19:00,2026-07-07 20:38:00,PAY001129,INR,49690.9,85.188743,583.3,2381.95,2965.25,credited,
LED001130,CUS0129,deposit,2026-07-07 18:49:00,2026-07-07 20:08:00,PAY001130,MYR,1116.67,4.424624,252.38,1349.12,1601.5,credited,
LED001131,CUS0120,payout,2026-07-07 19:08:00,2026-07-07 20:16:00,PAY001131,INR,7201.32,84.078405,-85.65,1863.0,1777.35,debited,
LED001132,CUS0120,deposit,2026-07-07 19:46:00,2026-07-07 22:03:00,PAY001132,INR,29547.63,85.167368,346.94,1777.35,2124.29,credited,
LED001133,CUS0009,deposit,2026-07-07 20:31:00,2026-07-07 21:43:00,PAY001133,MYR,665.07,4.432613,150.04,3302.57,3452.61,credited,
LED001134,CUS0003,deposit,2026-07-07 20:36:00,2026-07-07 23:04:00,PAY001134,MYR,342.74,4.436352,77.26,3132.17,3209.43,credited,
LED001135,CUS0026,deposit,2026-07-08 08:14:00,2026-07-08 10:10:00,PAY001135,MYR,398.61,4.425924,90.06,2844.49,2934.55,credited,
LED001136,CUS0048,deposit,2026-07-08 09:40:00,2026-07-08 12:29:00,PAY001136,INR,37726.24,85.622946,440.61,2126.81,2567.42,credited,
LED001137,CUS0112,deposit,2026-07-08 12:28:00,2026-07-08 15:28:00,PAY001137,MYR,1469.98,4.424964,332.2,3174.07,3506.27,credited,
LED001138,CUS0096,deposit,2026-07-08 13:42:00,2026-07-08 16:34:00,PAY001138,INR,30246.63,85.549552,353.56,3520.69,3874.25,credited,
LED001139,CUS0060,deposit,2026-07-08 13:43:00,2026-07-08 16:04:00,PAY001139,MYR,1533.45,4.419772,346.95,2251.05,2598.0,credited,
LED001140,CUS0069,deposit,2026-07-08 14:02:00,2026-07-08 16:27:00,PAY001140,MYR,1909.34,4.421997,431.78,1657.88,2089.66,credited,
LED001141,CUS0043,deposit,2026-07-08 14:29:00,2026-07-08 17:51:00,PAY001141,INR,46156.5,85.51922,539.72,2307.0,2846.72,credited,
LED001142,CUS0146,payout,2026-07-08 14:30:00,2026-07-08 15:51:00,PAY001142,INR,19329.95,84.765631,-228.04,3040.92,2812.88,debited,
LED001143,CUS0014,deposit,2026-07-08 15:36:00,2026-07-08 17:51:00,PAY001143,MYR,1941.54,4.428414,438.43,2938.06,3376.49,credited,
LED001144,CUS0118,deposit,2026-07-08 16:32:00,2026-07-08 18:35:00,PAY001144,INR,20101.7,85.737575,234.46,700.2,934.66,credited,
LED001145,CUS0045,deposit,2026-07-08 17:00:00,2026-07-08 17:37:00,PAY001145,INR,15413.48,85.531682,180.21,2037.26,2217.47,credited,
LED001146,CUS0112,deposit,2026-07-08 17:41:00,2026-07-08 18:58:00,PAY001146,INR,4963.26,85.756851,57.88,3506.27,3564.15,credited,
LED001147,CUS0041,deposit,2026-07-08 18:32:00,2026-07-08 21:13:00,PAY001147,MYR,709.08,4.414549,160.62,3091.18,3251.8,credited,
LED001148,CUS0121,deposit,2026-07-08 19:28:00,2026-07-08 22:17:00,PAY001148,MYR,1346.82,4.426825,304.24,2092.3,2396.54,credited,
LED001149,CUS0025,payout,2026-07-08 20:02:00,2026-07-08 22:17:00,PAY001149,INR,10367.51,84.701854,-122.4,2343.12,2220.72,debited,
LED001150,CUS0084,deposit,2026-07-08 20:21:00,2026-07-09 00:05:00,PAY001150,INR,44952.05,85.60001,525.14,1839.12,2364.26,credited,
LED001151,CUS0137,deposit,2026-07-09 08:14:00,2026-07-09 11:07:00,PAY001151,MYR,171.16,4.428704,38.65,3200.75,3239.4,credited,
LED001152,CUS0046,deposit,2026-07-09 08:15:00,2026-07-09 10:18:00,PAY001152,INR,38508.27,85.255476,451.68,3324.19,3775.87,credited,
LED001153,CUS0001,deposit,2026-07-09 08:17:00,2026-07-09 11:02:00,PAY001153,MYR,1232.82,4.427013,278.48,1358.78,1637.26,credited,
LED001154,CUS0036,deposit,2026-07-09 09:16:00,2026-07-09 09:46:00,PAY001154,INR,25247.51,85.40019,295.64,3291.01,3586.65,credited,
LED001155,CUS0087,deposit,2026-07-09 09:22:00,2026-07-09 10:41:00,PAY001155,MYR,786.61,4.425843,177.73,3246.49,3424.22,credited,
LED001156,CUS0100,deposit,2026-07-09 12:09:00,2026-07-09 14:20:00,PAY001156,INR,33926.01,85.277076,397.83,3877.56,4275.39,credited,
LED001157,CUS0108,deposit,2026-07-09 12:10:00,2026-07-09 14:40:00,PAY001157,MYR,383.65,4.435106,86.5,3603.86,3690.36,credited,
LED001158,CUS0022,deposit,2026-07-09 12:24:00,2026-07-09 13:36:00,PAY001158,INR,17641.2,85.338515,206.72,4092.33,4299.05,credited,
LED001159,CUS0004,deposit,2026-07-09 13:06:00,2026-07-09 14:20:00,PAY001159,MYR,346.94,4.432362,78.27,2263.34,2341.61,credited,
LED001160,CUS0003,deposit,2026-07-09 13:33:00,2026-07-09 16:55:00,PAY001160,MYR,987.69,4.430286,222.94,3209.43,3432.37,credited,
LED001161,CUS0078,deposit,2026-07-09 13:45:00,2026-07-09 16:40:00,PAY001161,MYR,867.21,4.431792,195.68,1956.57,2152.25,credited,
LED001162,CUS0122,deposit,2026-07-09 14:49:00,2026-07-09 17:34:00,PAY001162,MYR,1432.69,4.427024,323.62,4351.85,4675.47,credited,
LED001163,CUS0109,deposit,2026-07-09 15:02:00,2026-07-09 17:41:00,PAY001163,INR,26819.73,85.447958,313.87,2809.51,3123.38,credited,
LED001164,CUS0087,deposit,2026-07-09 16:13:00,2026-07-09 19:06:00,PAY001164,INR,47435.96,85.231132,556.56,3424.22,3980.78,credited,
LED001165,CUS0117,payout,2026-07-09 16:49:00,2026-07-09 19:11:00,PAY001165,INR,11480.01,84.337417,-136.12,1123.38,987.26,debited,
LED001166,CUS0126,deposit,2026-07-09 17:04:00,2026-07-09 18:18:00,PAY001166,INR,23282.41,85.221287,273.2,1289.13,1562.33,credited,
LED001167,CUS0087,deposit,2026-07-09 17:43:00,2026-07-09 18:29:00,PAY001167,MYR,1359.74,4.422601,307.45,3980.78,4288.23,credited,
LED001168,CUS0092,payout,2026-07-09 18:31:00,2026-07-09 20:51:00,PAY001168,MYR,573.21,4.377305,-130.95,1644.89,1513.94,debited,
LED001169,CUS0029,deposit,2026-07-09 19:03:00,2026-07-09 19:52:00,PAY001169,MYR,733.77,4.429395,165.66,2183.65,2349.31,credited,
LED001170,CUS0022,deposit,2026-07-09 19:13:00,2026-07-09 20:37:00,PAY001170,MYR,1083.92,4.422536,245.09,4299.05,4544.14,credited,
LED001171,CUS0111,deposit,2026-07-10 08:59:00,2026-07-10 11:02:00,PAY001171,INR,44689.48,85.289594,523.97,2446.93,2970.9,credited,
LED001172,CUS0135,deposit,2026-07-10 09:26:00,2026-07-10 09:46:00,PAY001172,INR,28668.88,85.387064,335.75,1829.94,2165.69,credited,
LED001173,CUS0038,deposit,2026-07-10 10:10:00,2026-07-10 13:50:00,PAY001173,MYR,1230.43,4.417443,278.54,3107.99,3386.53,credited,
LED001174,CUS0021,deposit,2026-07-10 12:09:00,2026-07-10 15:45:00,PAY001174,INR,17219.75,85.204006,202.1,3716.07,3918.17,credited,
LED001175,CUS0006,deposit,2026-07-10 12:30:00,2026-07-10 14:27:00,PAY001175,MYR,392.34,4.418322,88.8,3418.66,3507.46,credited,
LED001176,CUS0111,payout,2026-07-10 13:50:00,2026-07-10 15:21:00,PAY001176,INR,24450.44,84.340929,-289.9,2970.9,2681.0,debited,
LED001177,CUS0132,deposit,2026-07-10 13:55:00,2026-07-10 15:47:00,PAY001177,MYR,1092.14,4.428442,246.62,2193.97,2440.59,credited,
LED001178,CUS0122,deposit,2026-07-10 14:02:00,2026-07-10 16:16:00,PAY001178,INR,11152.86,85.201388,130.9,4675.47,4806.37,credited,
LED001179,CUS0012,deposit,2026-07-10 14:09:00,2026-07-10 15:44:00,PAY001179,INR,30428.82,85.168183,357.28,2420.51,2777.79,credited,
LED001180,CUS0105,payout,2026-07-10 14:24:00,2026-07-10 16:58:00,PAY001180,MYR,306.33,4.371736,-70.07,2129.43,2059.36,debited,
LED001181,CUS0119,deposit,2026-07-10 14:44:00,2026-07-10 17:52:00,PAY001181,INR,30154.43,85.167472,354.06,2798.45,3152.51,credited,
LED001182,CUS0005,payout,2026-07-10 15:29:00,2026-07-10 16:35:00,PAY001182,INR,18140.03,84.133551,-215.61,3514.61,3299.0,debited,
LED001183,CUS0118,deposit,2026-07-10 16:33:00,2026-07-10 19:59:00,PAY001183,MYR,1188.19,4.423726,268.59,934.66,1203.25,credited,
LED001184,CUS0122,deposit,2026-07-10 17:30:00,2026-07-10 18:00:00,PAY001184,MYR,1861.85,4.420425,421.19,4806.37,5227.56,credited,
LED001185,CUS0114,deposit,2026-07-10 17:41:00,2026-07-10 20:07:00,PAY001185,MYR,329.0,4.416504,74.49,3928.43,4002.92,credited,
LED001186,CUS0066,deposit,2026-07-10 18:47:00,2026-07-10 22:36:00,PAY001186,INR,20445.44,85.303255,239.68,1811.93,2051.61,credited,
LED001187,CUS0144,deposit,2026-07-10 20:21:00,2026-07-10 21:01:00,PAY001187,INR,49254.89,85.28907,577.51,935.09,1512.6,credited,
LED001188,CUS0081,payout,2026-07-10 20:43:00,2026-07-10 22:49:00,PAY001188,MYR,616.19,4.372285,-140.93,4845.32,4704.39,debited,
LED001189,CUS0043,deposit,2026-07-11 09:10:00,2026-07-11 12:07:00,PAY001189,INR,31401.12,85.521035,367.17,2846.72,3213.89,credited,
LED001190,CUS0006,deposit,2026-07-11 09:27:00,2026-07-11 11:20:00,PAY001190,MYR,1510.24,4.446856,339.62,3507.46,3847.08,credited,
LED001191,CUS0097,deposit,2026-07-11 09:43:00,2026-07-11 10:46:00,PAY001191,MYR,1844.72,4.446747,414.85,4108.88,4523.73,credited,
LED001192,CUS0056,deposit,2026-07-11 09:47:00,2026-07-11 10:57:00,PAY001192,INR,10959.61,85.340545,128.42,2552.56,2680.98,credited,
LED001193,CUS0041,deposit,2026-07-11 11:26:00,2026-07-11 13:49:00,PAY001193,MYR,1540.74,4.432349,347.61,3251.8,3599.41,credited,
LED001194,CUS0056,deposit,2026-07-11 11:31:00,2026-07-11 14:27:00,PAY001194,MYR,853.81,4.435427,192.5,2680.98,2873.48,credited,
LED001195,CUS0028,deposit,2026-07-11 11:51:00,2026-07-11 15:32:00,PAY001195,MYR,1338.54,4.442856,301.28,2125.94,2427.22,credited,
LED001196,CUS0137,deposit,2026-07-11 12:33:00,2026-07-11 14:53:00,PAY001196,MYR,802.58,4.438095,180.84,3239.4,3420.24,credited,
LED001197,CUS0116,deposit,2026-07-11 12:39:00,2026-07-11 13:55:00,PAY001197,MYR,339.23,4.43426,76.5,1779.18,1855.68,credited,
LED001198,CUS0086,deposit,2026-07-11 13:44:00,2026-07-11 16:48:00,PAY001198,MYR,1532.98,4.429237,346.1,2764.79,3110.89,credited,
LED001199,CUS0108,deposit,2026-07-11 15:34:00,2026-07-11 17:37:00,PAY001199,INR,48725.25,85.43846,570.3,3690.36,4260.66,credited,
LED001200,CUS0036,deposit,2026-07-11 16:04:00,2026-07-11 18:23:00,PAY001200,INR,30680.45,85.518988,358.76,3586.65,3945.41,credited,
LED001201,CUS0084,deposit,2026-07-11 16:20:00,2026-07-11 17:44:00,PAY001201,MYR,1231.33,4.445962,276.95,2364.26,2641.21,credited,
LED001202,CUS0095,payout,2026-07-11 16:31:00,2026-07-11 20:06:00,PAY001202,MYR,72.95,4.397134,-16.59,2114.26,2097.67,debited,
LED001203,CUS0050,deposit,2026-07-11 19:08:00,2026-07-11 20:24:00,PAY001203,MYR,1705.11,4.438978,384.12,1509.91,1894.03,credited,
LED001204,CUS0062,deposit,2026-07-11 20:00:00,2026-07-11 21:17:00,PAY001204,MYR,375.17,4.442014,84.46,203.58,288.04,credited,
LED001205,CUS0008,payout,2026-07-12 09:00:00,2026-07-12 11:33:00,PAY001205,INR,5929.71,84.673873,-70.03,3099.81,3029.78,debited,
LED001206,CUS0114,deposit,2026-07-12 10:03:00,2026-07-12 11:23:00,PAY001206,INR,49490.81,85.830125,576.61,4002.92,4579.53,credited,
LED001207,CUS0085,deposit,2026-07-12 11:52:00,2026-07-12 12:53:00,PAY001207,INR,43668.23,85.871298,508.53,3282.36,3790.89,credited,
LED001208,CUS0018,payout,2026-07-12 11:53:00,2026-07-12 12:50:00,PAY001208,MYR,52.48,4.373594,-12.0,3771.25,3759.25,debited,
LED001209,CUS0121,payout,2026-07-12 13:00:00,2026-07-12 14:14:00,PAY001209,MYR,1137.92,4.376129,-260.03,2396.54,2136.51,debited,
LED001210,CUS0138,deposit,2026-07-12 13:01:00,2026-07-12 16:23:00,PAY001210,MYR,268.33,4.421708,60.68,1838.49,1899.17,credited,
LED001211,CUS0016,deposit,2026-07-12 17:30:00,2026-07-12 20:10:00,PAY001211,INR,15001.67,85.746022,174.95,1822.2,1997.15,credited,
LED001212,CUS0131,deposit,2026-07-12 18:27:00,2026-07-12 20:52:00,PAY001212,INR,31648.78,85.720241,369.21,2201.0,2570.21,credited,
LED001213,CUS0068,payout,2026-07-12 18:38:00,2026-07-12 22:00:00,PAY001213,INR,19443.31,84.609685,-229.8,2150.59,1920.79,debited,
LED001214,CUS0094,deposit,2026-07-12 18:50:00,2026-07-12 20:31:00,PAY001214,INR,20938.21,85.843272,243.91,3603.22,3847.13,credited,
LED001215,CUS0054,deposit,2026-07-12 18:52:00,2026-07-12 21:03:00,PAY001215,INR,13593.13,85.868508,158.3,2965.25,3123.55,credited,
LED001216,CUS0126,deposit,2026-07-12 19:54:00,2026-07-12 21:27:00,PAY001216,INR,37748.87,85.752787,440.21,1562.33,2002.54,credited,
LED001217,CUS0085,deposit,2026-07-12 20:18:00,2026-07-12 22:06:00,PAY001217,MYR,1581.13,4.41697,357.97,3790.89,4148.86,credited,
LED001218,CUS0036,deposit,2026-07-12 20:40:00,2026-07-12 22:00:00,PAY001218,MYR,321.61,4.415297,72.84,3945.41,4018.25,credited,
LED001219,CUS0145,deposit,2026-07-12 20:44:00,2026-07-12 22:23:00,PAY001219,INR,18454.85,85.897538,214.85,1182.76,1397.61,credited,
LED001220,CUS0079,deposit,2026-07-13 08:00:00,2026-07-13 10:41:00,PAY001220,INR,24026.6,85.533537,280.9,2637.33,2918.23,credited,
LED001221,CUS0033,deposit,2026-07-13 08:08:00,2026-07-13 10:22:00,PAY001221,MYR,318.66,4.404535,72.35,3949.14,4021.49,credited,
LED001222,CUS0059,deposit,2026-07-13 08:12:00,2026-07-13 09:49:00,PAY001222,MYR,85.17,4.40635,19.33,1886.75,1906.08,credited,
LED001223,CUS0004,deposit,2026-07-13 10:44:00,2026-07-13 13:47:00,PAY001223,MYR,541.06,4.404428,122.84,2341.61,2464.45,credited,
LED001224,CUS0044,deposit,2026-07-13 11:05:00,2026-07-13 14:04:00,PAY001224,MYR,1945.63,4.410226,441.16,4325.09,4766.25,credited,
LED001225,CUS0097,deposit,2026-07-13 11:47:00,2026-07-13 14:38:00,PAY001225,MYR,1734.86,4.411044,393.3,4523.73,4917.03,credited,
LED001226,CUS0124,deposit,2026-07-13 11:58:00,2026-07-13 13:41:00,PAY001226,INR,9181.67,85.637224,107.22,3254.86,3362.08,credited,
LED001227,CUS0080,deposit,2026-07-13 12:23:00,2026-07-13 13:24:00,PAY001227,INR,10718.25,85.456484,125.42,5701.71,5827.13,credited,
LED001228,CUS0092,deposit,2026-07-13 13:57:00,2026-07-13 17:26:00,PAY001228,INR,25190.12,85.561706,294.41,1513.94,1808.35,credited,
LED001229,CUS0135,deposit,2026-07-13 14:25:00,2026-07-13 15:45:00,PAY001229,INR,44957.67,85.626687,525.04,2165.69,2690.73,credited,
LED001230,CUS0026,deposit,2026-07-13 14:56:00,2026-07-13 17:15:00,PAY001230,INR,47625.4,85.475681,557.18,2934.55,3491.73,credited,
LED001231,CUS0137,deposit,2026-07-13 15:10:00,2026-07-13 18:28:00,PAY001231,MYR,1697.81,4.411572,384.85,3420.24,3805.09,credited,
LED001232,CUS0015,payout,2026-07-13 15:16:00,2026-07-13 17:50:00,PAY001232,INR,11810.28,84.649386,-139.52,2327.45,2187.93,debited,
LED001233,CUS0047,deposit,2026-07-13 16:13:00,2026-07-13 19:59:00,PAY001233,INR,34640.1,85.426968,405.49,1726.77,2132.26,credited,
LED001234,CUS0117,payout,2026-07-13 16:18:00,2026-07-13 19:16:00,PAY001234,INR,5186.29,84.398585,-61.45,987.26,925.81,debited,
LED001235,CUS0049,deposit,2026-07-13 17:17:00,2026-07-13 18:36:00,PAY001235,MYR,1474.67,4.403423,334.89,5238.37,5573.26,credited,
LED001236,CUS0016,deposit,2026-07-13 17:31:00,2026-07-13 19:16:00,PAY001236,INR,10782.74,85.518117,126.09,1997.15,2123.24,credited,
LED001237,CUS0138,deposit,2026-07-13 18:07:00,2026-07-13 18:46:00,PAY001237,MYR,1766.83,4.410002,400.64,1899.17,2299.81,credited,
LED001238,CUS0030,deposit,2026-07-13 19:12:00,2026-07-13 21:31:00,PAY001238,INR,22373.95,85.406566,261.97,2849.04,3111.01,credited,
LED001239,CUS0056,payout,2026-07-13 19:26:00,2026-07-13 21:24:00,PAY001239,INR,15507.46,84.504715,-183.51,2873.48,2689.97,debited,
LED001240,CUS0029,deposit,2026-07-13 19:44:00,2026-07-13 22:32:00,PAY001240,INR,36139.08,85.53835,422.49,2349.31,2771.8,credited,
LED001241,CUS0117,deposit,2026-07-13 20:04:00,2026-07-13 22:02:00,PAY001241,INR,49615.77,85.540821,580.02,925.81,1505.83,credited,
LED001242,CUS0127,deposit,2026-07-13 20:18:00,2026-07-13 22:20:00,PAY001242,MYR,1273.32,4.41242,288.58,1014.14,1302.72,credited,
LED001243,CUS0077,deposit,2026-07-13 20:36:00,2026-07-13 23:13:00,PAY001243,MYR,550.47,4.410883,124.8,4316.33,4441.13,credited,
LED001244,CUS0144,deposit,2026-07-13 20:55:00,2026-07-14 00:09:00,PAY001244,MYR,1021.03,4.406668,231.7,1512.6,1744.3,credited,
LED001245,CUS0047,deposit,2026-07-14 08:16:00,2026-07-14 10:40:00,PAY001245,INR,24635.23,85.95604,286.6,2132.26,2418.86,credited,
LED001246,CUS0046,deposit,2026-07-14 09:06:00,2026-07-14 11:45:00,PAY001246,MYR,159.15,4.435032,35.88,3775.87,3811.75,credited,
LED001247,CUS0114,payout,2026-07-14 09:24:00,2026-07-14 12:59:00,PAY001247,MYR,479.2,4.383856,-109.31,4579.53,4470.22,debited,
LED001248,CUS0028,deposit,2026-07-14 09:39:00,2026-07-14 10:58:00,PAY001248,INR,38261.21,85.687121,446.52,2427.22,2873.74,credited,
LED001249,CUS0136,deposit,2026-07-14 09:51:00,2026-07-14 13:11:00,PAY001249,MYR,959.6,4.431914,216.52,1207.09,1423.61,credited,
LED001250,CUS0040,deposit,2026-07-14 09:54:00,2026-07-14 11:38:00,PAY001250,INR,16526.39,85.816638,192.58,2444.94,2637.52,credited,
LED001251,CUS0041,deposit,2026-07-14 10:02:00,2026-07-14 11:08:00,PAY001251,MYR,1231.94,4.440177,277.45,3599.41,3876.86,credited,
LED001252,CUS0107,deposit,2026-07-14 11:09:00,2026-07-14 12:37:00,PAY001252,MYR,1566.12,4.43783,352.9,2540.18,2893.08,credited,
LED001253,CUS0078,deposit,2026-07-14 11:39:00,2026-07-14 13:24:00,PAY001253,MYR,760.46,4.43461,171.48,2152.25,2323.73,credited,
LED001254,CUS0081,deposit,2026-07-14 12:13:00,2026-07-14 14:43:00,PAY001254,MYR,915.92,4.440948,206.24,4704.39,4910.63,credited,
LED001255,CUS0002,deposit,2026-07-14 12:40:00,2026-07-14 14:32:00,PAY001255,MYR,1531.58,4.439767,344.97,3238.77,3583.74,credited,
LED001256,CUS0036,deposit,2026-07-14 12:52:00,2026-07-14 14:09:00,PAY001256,MYR,1950.72,4.43251,440.09,4018.25,4458.34,credited,
LED001257,CUS0066,deposit,2026-07-14 13:04:00,2026-07-14 14:46:00,PAY001257,INR,15092.45,85.692274,176.12,2051.61,2227.73,credited,
LED001258,CUS0098,deposit,2026-07-14 13:05:00,2026-07-14 16:21:00,PAY001258,MYR,671.6,4.433821,151.47,2587.26,2738.73,credited,
LED001259,CUS0129,deposit,2026-07-14 13:23:00,2026-07-14 14:45:00,PAY001259,INR,22285.11,85.894354,259.45,1601.5,1860.95,credited,
LED001260,CUS0084,deposit,2026-07-14 13:39:00,2026-07-14 16:46:00,PAY001260,INR,36281.03,85.704123,423.33,2641.21,3064.54,credited,
LED001261,CUS0100,payout,2026-07-14 13:49:00,2026-07-14 16:14:00,PAY001261,INR,17775.67,84.864261,-209.46,4275.39,4065.93,debited,
LED001262,CUS0097,deposit,2026-07-14 14:00:00,2026-07-14 15:00:00,PAY001262,MYR,146.85,4.443745,33.05,4917.03,4950.08,credited,
LED001263,CUS0095,deposit,2026-07-14 15:42:00,2026-07-14 17:07:00,PAY001263,MYR,893.11,4.431134,201.55,2097.67,2299.22,credited,
LED001264,CUS0019,deposit,2026-07-14 15:52:00,2026-07-14 18:35:00,PAY001264,MYR,669.35,4.428619,151.14,2709.56,2860.7,credited,
LED001265,CUS0077,payout,2026-07-14 16:08:00,2026-07-14 18:42:00,PAY001265,INR,14983.24,84.895701,-176.49,4441.13,4264.64,debited,
LED001266,CUS0147,deposit,2026-07-14 16:35:00,2026-07-14 19:46:00,PAY001266,MYR,1106.77,4.430587,249.8,1312.11,1561.91,credited,
LED001267,CUS0036,deposit,2026-07-14 16:47:00,2026-07-14 18:05:00,PAY001267,MYR,1551.04,4.43847,349.45,4458.34,4807.79,credited,
LED001268,CUS0093,deposit,2026-07-14 17:03:00,2026-07-14 19:50:00,PAY001268,MYR,1813.05,4.443218,408.05,2181.51,2589.56,credited,
LED001269,CUS0120,deposit,2026-07-14 18:23:00,2026-07-14 20:22:00,PAY001269,INR,11770.27,85.683877,137.37,2124.29,2261.66,credited,
LED001270,CUS0067,payout,2026-07-14 18:25:00,2026-07-14 18:44:00,PAY001270,INR,7129.89,84.829146,-84.05,1506.67,1422.62,debited,
LED001271,CUS0110,deposit,2026-07-14 20:38:00,2026-07-14 23:39:00,PAY001271,INR,20117.25,85.841082,234.35,2965.44,3199.79,credited,
LED001272,CUS0016,deposit,2026-07-15 08:02:00,2026-07-15 10:42:00,PAY001272,INR,45692.62,85.485383,534.51,2123.24,2657.75,credited,
LED001273,CUS0009,deposit,2026-07-15 08:07:00,2026-07-15 10:26:00,PAY001273,INR,48009.52,85.394561,562.21,3452.61,4014.82,credited,
LED001274,CUS0086,deposit,2026-07-15 08:18:00,2026-07-15 09:19:00,PAY001274,MYR,1279.72,4.423066,289.33,3110.89,3400.22,credited,
LED001275,CUS0029,deposit,2026-07-15 08:49:00,2026-07-15 12:00:00,PAY001275,INR,26822.24,85.534063,313.59,2771.8,3085.39,credited,
LED001276,CUS0120,deposit,2026-07-15 08:50:00,2026-07-15 10:32:00,PAY001276,INR,30696.56,85.397365,359.46,2261.66,2621.12,credited,
LED001277,CUS0111,deposit,2026-07-15 09:44:00,2026-07-15 12:17:00,PAY001277,INR,40978.91,85.463337,479.49,2681.0,3160.49,credited,
LED001278,CUS0019,deposit,2026-07-15 10:20:00,2026-07-15 13:14:00,PAY001278,INR,9492.85,85.423495,111.13,2860.7,2971.83,credited,
LED001279,CUS0111,deposit,2026-07-15 11:13:00,2026-07-15 13:37:00,PAY001279,MYR,1782.11,4.427406,402.52,3160.49,3563.01,credited,
LED001280,CUS0100,deposit,2026-07-15 11:27:00,2026-07-15 12:50:00,PAY001280,MYR,67.18,4.418174,15.21,4065.93,4081.14,credited,
LED001281,CUS0058,deposit,2026-07-15 13:09:00,2026-07-15 15:12:00,PAY001281,MYR,1181.22,4.420726,267.2,2946.53,3213.73,credited,
LED001282,CUS0052,deposit,2026-07-15 13:35:00,2026-07-15 17:07:00,PAY001282,MYR,1546.76,4.429635,349.18,1841.96,2191.14,credited,
LED001283,CUS0148,deposit,2026-07-15 14:28:00,2026-07-15 15:24:00,PAY001283,MYR,330.63,4.433878,74.57,2365.08,2439.65,credited,
LED001284,CUS0007,payout,2026-07-15 16:59:00,2026-07-15 18:04:00,PAY001284,MYR,720.9,4.377285,-164.69,1943.21,1778.52,debited,
LED001285,CUS0018,deposit,2026-07-15 17:11:00,2026-07-15 19:36:00,PAY001285,INR,16709.32,85.385806,195.69,3759.25,3954.94,credited,
LED001286,CUS0052,deposit,2026-07-15 17:28:00,2026-07-15 19:39:00,PAY001286,INR,15495.01,85.426132,181.38,2191.14,2372.52,credited,
LED001287,CUS0056,deposit,2026-07-15 17:37:00,2026-07-15 17:57:00,PAY001287,INR,38731.09,85.521112,452.88,2689.97,3142.85,credited,
LED001288,CUS0097,deposit,2026-07-15 17:38:00,2026-07-15 19:01:00,PAY001288,MYR,80.09,4.420241,18.12,4950.08,4968.2,credited,
LED001289,CUS0103,deposit,2026-07-15 17:47:00,2026-07-15 20:07:00,PAY001289,INR,10332.57,85.353957,121.06,2286.91,2407.97,credited,
LED001290,CUS0045,deposit,2026-07-15 18:16:00,2026-07-15 21:36:00,PAY001290,INR,25581.81,85.233084,300.14,2217.47,2517.61,credited,
LED001291,CUS0054,payout,2026-07-15 18:29:00,2026-07-15 21:27:00,PAY001291,INR,3782.38,84.240017,-44.9,3123.55,3078.65,debited,
LED001292,CUS0082,deposit,2026-07-15 18:34:00,2026-07-15 19:38:00,PAY001292,MYR,847.8,4.431336,191.32,2887.29,3078.61,credited,
LED001293,CUS0131,deposit,2026-07-15 19:38:00,2026-07-15 21:41:00,PAY001293,MYR,250.62,4.426525,56.62,2570.21,2626.83,credited,
LED001294,CUS0108,deposit,2026-07-15 19:42:00,2026-07-15 20:35:00,PAY001294,INR,20315.26,85.331151,238.08,4260.66,4498.74,credited,
LED001295,CUS0017,deposit,2026-07-15 20:12:00,2026-07-15 23:23:00,PAY001295,MYR,885.27,4.434808,199.62,2889.76,3089.38,credited,
LED001296,CUS0022,deposit,2026-07-16 08:06:00,2026-07-16 10:47:00,PAY001296,INR,32696.42,85.755613,381.27,4544.14,4925.41,credited,
LED001297,CUS0071,deposit,2026-07-16 08:10:00,2026-07-16 09:40:00,PAY001297,MYR,1467.37,4.401179,333.4,3119.7,3453.1,credited,
LED001298,CUS0046,deposit,2026-07-16 09:17:00,2026-07-16 10:28:00,PAY001298,INR,28446.67,85.703477,331.92,3811.75,4143.67,credited,
LED001299,CUS0121,deposit,2026-07-16 09:51:00,2026-07-16 10:50:00,PAY001299,INR,38233.25,85.461378,447.37,2136.51,2583.88,credited,
LED001300,CUS0076,deposit,2026-07-16 12:10:00,2026-07-16 14:54:00,PAY001300,INR,18899.35,85.709958,220.5,4390.43,4610.93,credited,
LED001301,CUS0045,deposit,2026-07-16 12:54:00,2026-07-16 14:25:00,PAY001301,INR,46846.43,85.556896,547.55,2517.61,3065.16,credited,
LED001302,CUS0029,deposit,2026-07-16 12:55:00,2026-07-16 13:39:00,PAY001302,INR,39434.56,85.538352,461.02,3085.39,3546.41,credited,
LED001303,CUS0096,deposit,2026-07-16 13:26:00,2026-07-16 15:18:00,PAY001303,INR,45494.55,85.518153,531.99,3874.25,4406.24,credited,
LED001304,CUS0007,deposit,2026-07-16 15:56:00,2026-07-16 18:04:00,PAY001304,MYR,683.22,4.401402,155.23,1778.52,1933.75,credited,
LED001305,CUS0012,deposit,2026-07-16 16:25:00,2026-07-16 19:50:00,PAY001305,INR,27204.01,85.726127,317.34,2777.79,3095.13,credited,
LED001306,CUS0004,deposit,2026-07-16 18:00:00,2026-07-16 19:08:00,PAY001306,INR,17758.99,85.467523,207.79,2464.45,2672.24,credited,
LED001307,CUS0029,deposit,2026-07-16 18:51:00,2026-07-16 21:21:00,PAY001307,MYR,1938.4,4.41833,438.72,3546.41,3985.13,credited,
LED001308,CUS0001,deposit,2026-07-16 19:13:00,2026-07-16 22:16:00,PAY001308,MYR,643.52,4.40327,146.15,1637.26,1783.41,credited,
LED001309,CUS0139,deposit,2026-07-16 19:59:00,2026-07-16 23:24:00,PAY001309,MYR,750.2,4.403161,170.38,1993.07,2163.45,credited,
LED001310,CUS0147,deposit,2026-07-16 20:35:00,2026-07-16 22:09:00,PAY001310,INR,10216.21,85.576941,119.38,1561.91,1681.29,credited,
LED001311,CUS0037,deposit,2026-07-17 08:21:00,2026-07-17 09:35:00,PAY001311,INR,11664.82,85.794273,135.96,3130.3,3266.26,credited,
LED001312,CUS0073,deposit,2026-07-17 08:40:00,2026-07-17 09:27:00,PAY001312,INR,44402.44,85.764048,517.73,2969.69,3487.42,credited,
LED001313,CUS0078,deposit,2026-07-17 09:19:00,2026-07-17 12:05:00,PAY001313,INR,16766.98,85.604118,195.87,2323.73,2519.6,credited,
LED001314,CUS0034,deposit,2026-07-17 09:43:00,2026-07-17 12:06:00,PAY001314,MYR,676.05,4.427991,152.68,2935.81,3088.49,credited,
LED001315,CUS0009,payout,2026-07-17 10:12:00,2026-07-17 12:36:00,PAY001315,INR,19217.14,84.694316,-226.9,4014.82,3787.92,debited,
LED001316,CUS0047,deposit,2026-07-17 12:34:00,2026-07-17 15:24:00,PAY001316,INR,1208.93,85.790416,14.09,2418.86,2432.95,credited,
LED001317,CUS0083,payout,2026-07-17 13:24:00,2026-07-17 16:03:00,PAY001317,INR,1133.01,84.552927,-13.4,1532.17,1518.77,debited,
LED001318,CUS0148,deposit,2026-07-17 15:10:00,2026-07-17 16:39:00,PAY001318,MYR,829.14,4.417868,187.68,2439.65,2627.33,credited,
LED001319,CUS0031,deposit,2026-07-17 15:41:00,2026-07-17 19:23:00,PAY001319,MYR,1497.57,4.424205,338.49,2673.94,3012.43,credited,
LED001320,CUS0048,deposit,2026-07-17 15:55:00,2026-07-17 18:54:00,PAY001320,MYR,532.91,4.420513,120.55,2567.42,2687.97,credited,
LED001321,CUS0088,deposit,2026-07-17 16:00:00,2026-07-17 17:17:00,PAY001321,MYR,1533.64,4.426281,346.49,4044.66,4391.15,credited,
LED001322,CUS0007,deposit,2026-07-17 16:22:00,2026-07-17 17:06:00,PAY001322,MYR,1930.56,4.422093,436.57,1933.75,2370.32,credited,
LED001323,CUS0029,deposit,2026-07-17 16:29:00,2026-07-17 17:58:00,PAY001323,INR,6453.75,85.852418,75.17,3985.13,4060.3,credited,
LED001324,CUS0112,deposit,2026-07-17 17:21:00,2026-07-17 18:43:00,PAY001324,MYR,1120.0,4.419979,253.39,3564.15,3817.54,credited,
LED001325,CUS0131,deposit,2026-07-17 19:38:00,2026-07-17 22:52:00,PAY001325,INR,10146.46,85.654465,118.46,2626.83,2745.29,credited,
LED001326,CUS0091,payout,2026-07-17 20:02:00,2026-07-17 21:22:00,PAY001326,INR,13735.11,84.565387,-162.42,2963.6,2801.18,debited,
LED001327,CUS0093,payout,2026-07-17 20:04:00,2026-07-17 22:35:00,PAY001327,INR,14108.97,84.769125,-166.44,2589.56,2423.12,debited,
LED001328,CUS0043,deposit,2026-07-17 20:53:00,2026-07-17 23:51:00,PAY001328,MYR,1280.77,4.417355,289.94,3213.89,3503.83,credited,
LED001329,CUS0109,deposit,2026-07-18 09:14:00,2026-07-18 10:34:00,PAY001329,INR,42985.61,85.714597,501.5,3123.38,3624.88,credited,
LED001330,CUS0134,deposit,2026-07-18 10:31:00,2026-07-18 13:07:00,PAY001330,MYR,1944.86,4.419474,440.07,4253.27,4693.34,credited,
LED001331,CUS0077,deposit,2026-07-18 10:32:00,2026-07-18 12:27:00,PAY001331,MYR,30.7,0.226417,135.59,4264.64,4400.23,credited,
LED001332,CUS0018,deposit,2026-07-18 11:06:00,2026-07-18 13:05:00,PAY001332,MYR,146.67,4.417921,33.2,3954.94,3988.14,credited,
LED001333,CUS0042,deposit,2026-07-18 11:15:00,2026-07-18 12:48:00,PAY001333,INR,38347.35,85.694066,447.49,4194.9,4642.39,credited,
LED001334,CUS0101,deposit,2026-07-18 11:44:00,2026-07-18 13:46:00,PAY001334,INR,29775.11,85.750681,347.23,2907.11,3254.34,credited,
LED001335,CUS0071,deposit,2026-07-18 12:00:00,2026-07-18 13:55:00,PAY001335,MYR,306.67,4.415476,69.45,3453.1,3522.55,credited,
LED001336,CUS0037,deposit,2026-07-18 12:19:00,2026-07-18 13:48:00,PAY001336,INR,33775.78,85.599761,394.58,3266.26,3660.84,credited,
LED001337,CUS0135,deposit,2026-07-18 13:02:00,2026-07-18 16:26:00,PAY001337,INR,5579.3,85.707672,65.1,2690.73,2755.83,credited,
LED001338,CUS0113,payout,2026-07-18 13:11:00,2026-07-18 14:22:00,PAY001338,MYR,422.83,4.374372,-96.66,1244.27,1147.61,debited,
LED001339,CUS0088,deposit,2026-07-18 13:15:00,2026-07-18 13:55:00,PAY001339,MYR,1754.21,4.416947,397.15,4391.15,4788.3,credited,
LED001340,CUS0120,deposit,2026-07-18 13:39:00,2026-07-18 15:24:00,PAY001340,MYR,869.04,4.416224,196.78,2621.12,2817.9,credited,
LED001341,CUS0058,deposit,2026-07-18 13:59:00,2026-07-18 15:13:00,PAY001341,MYR,1059.99,4.427647,239.4,3213.73,3453.13,credited,
LED001342,CUS0127,payout,2026-07-18 15:13:00,2026-07-18 17:35:00,PAY001342,MYR,1105.23,4.374531,-252.65,1302.72,1050.07,debited,
LED001343,CUS0072,deposit,2026-07-18 16:12:00,2026-07-18 18:25:00,PAY001343,INR,42195.09,85.74793,492.08,3223.54,3715.62,credited,
LED001344,CUS0085,deposit,2026-07-18 16:26:00,2026-07-18 17:58:00,PAY001344,MYR,856.7,4.425556,193.58,4148.86,4342.44,credited,
LED001345,CUS0125,deposit,2026-07-18 17:00:00,2026-07-18 19:26:00,PAY001345,INR,12515.84,85.533633,146.33,1942.19,2088.52,credited,
LED001346,CUS0027,deposit,2026-07-18 18:11:00,2026-07-18 20:56:00,PAY001346,MYR,1994.69,4.426004,450.68,2116.41,2567.09,credited,
LED001347,CUS0098,deposit,2026-07-18 18:31:00,2026-07-18 19:41:00,PAY001347,MYR,112.94,4.42496,25.52,2738.73,2764.25,credited,
LED001348,CUS0031,deposit,2026-07-18 19:44:00,2026-07-18 21:14:00,PAY001348,INR,48353.12,85.726528,564.04,3012.43,3576.47,credited,
LED001349,CUS0011,deposit,2026-07-18 20:26:00,2026-07-18 23:18:00,PAY001349,MYR,714.19,4.428652,161.27,2183.87,2345.14,credited,
LED001350,CUS0134,deposit,2026-07-18 20:49:00,2026-07-18 23:29:00,PAY001350,MYR,103.43,4.424372,23.38,4693.34,4716.72,credited,
LED001351,CUS0007,deposit,2026-07-18 20:55:00,2026-07-18 21:48:00,PAY001351,MYR,455.6,4.426065,102.94,2370.32,2473.26,credited,
LED001352,CUS0106,deposit,2026-07-19 08:09:00,2026-07-19 11:05:00,PAY001352,MYR,1609.73,4.408693,365.13,2562.73,2927.86,credited,
LED001353,CUS0089,deposit,2026-07-19 09:56:00,2026-07-19 11:22:00,PAY001353,MYR,724.19,4.413281,164.09,3037.94,3202.03,credited,
LED001354,CUS0084,deposit,2026-07-19 10:03:00,2026-07-19 13:07:00,PAY001354,MYR,932.66,4.42079,210.97,3064.54,3275.51,credited,
LED001355,CUS0141,payout,2026-07-19 11:06:00,2026-07-19 13:42:00,PAY001355,INR,16642.81,84.054602,-198.0,1854.78,1656.78,debited,
LED001356,CUS0045,deposit,2026-07-19 11:07:00,2026-07-19 11:56:00,PAY001356,MYR,1694.1,4.420742,383.22,3065.16,3448.38,credited,
LED001357,CUS0059,deposit,2026-07-19 11:20:00,2026-07-19 12:50:00,PAY001357,MYR,653.57,4.417835,147.94,1906.08,2054.02,credited,
LED001358,CUS0081,deposit,2026-07-19 11:22:00,2026-07-19 14:22:00,PAY001358,INR,31279.09,85.215858,367.06,4910.63,5277.69,credited,
LED001359,CUS0125,deposit,2026-07-19 12:08:00,2026-07-19 15:03:00,PAY001359,MYR,720.67,4.410518,163.4,2088.52,2251.92,credited,
LED001360,CUS0044,deposit,2026-07-19 13:15:00,2026-07-19 14:01:00,PAY001360,MYR,665.84,4.420279,150.63,4766.25,4916.88,credited,
LED001361,CUS0144,deposit,2026-07-19 13:40:00,2026-07-19 16:43:00,PAY001361,MYR,613.52,4.423,138.71,1744.3,1883.01,credited,
LED001362,CUS0020,deposit,2026-07-19 13:48:00,2026-07-19 15:02:00,PAY001362,INR,10331.67,85.133593,121.36,2286.98,2408.34,credited,
LED001363,CUS0038,deposit,2026-07-19 13:58:00,2026-07-19 16:42:00,PAY001363,MYR,1440.3,4.422,325.71,3386.53,3712.24,credited,
LED001364,CUS0099,deposit,2026-07-19 14:41:00,2026-07-19 16:41:00,PAY001364,MYR,234.14,4.409297,53.1,2067.68,2120.78,credited,
LED001365,CUS0058,deposit,2026-07-19 14:47:00,2026-07-19 15:18:00,PAY001365,INR,22405.53,85.108337,263.26,3453.13,3716.39,credited,
LED001366,CUS0071,deposit,2026-07-19 15:10:00,2026-07-19 17:06:00,PAY001366,INR,1804.78,85.225421,21.18,3522.55,3543.73,credited,
LED001367,CUS0058,deposit,2026-07-19 16:40:00,2026-07-19 17:50:00,PAY001367,INR,22297.62,85.081599,262.07,3716.39,3978.46,credited,
LED001368,CUS0006,deposit,2026-07-19 17:28:00,2026-07-19 20:30:00,PAY001368,INR,42947.8,85.099124,504.68,3847.08,4351.76,credited,
LED001369,CUS0142,deposit,2026-07-19 18:20:00,2026-07-19 19:41:00,PAY001369,MYR,1996.79,4.414269,452.35,4224.47,4676.82,credited,
LED001370,CUS0149,deposit,2026-07-19 18:34:00,2026-07-19 22:03:00,PAY001370,INR,20281.03,85.286873,237.8,1330.87,1568.67,credited,
LED001371,CUS0094,deposit,2026-07-19 19:36:00,2026-07-19 21:16:00,PAY001371,MYR,1612.75,4.420138,364.86,3847.13,4211.99,credited,
LED001372,CUS0061,payout,2026-07-19 19:41:00,2026-07-19 21:22:00,PAY001372,MYR,449.36,4.369472,-102.84,3332.01,3229.17,debited,
LED001373,CUS0064,deposit,2026-07-19 19:43:00,2026-07-19 22:25:00,PAY001373,INR,39880.08,85.107596,468.58,2656.44,3125.02,credited,
LED001374,CUS0130,deposit,2026-07-19 20:21:00,2026-07-19 23:04:00,PAY001374,INR,35563.52,85.332219,416.77,1204.77,1621.54,credited,
LED001375,CUS0059,deposit,2026-07-19 20:33:00,2026-07-19 23:59:00,PAY001375,INR,36145.26,85.273024,423.88,2054.02,2477.9,credited,
LED001376,CUS0148,deposit,2026-07-20 08:23:00,2026-07-20 11:05:00,PAY001376,INR,41912.36,85.169456,492.11,2627.33,3119.44,credited,
LED001377,CUS0112,deposit,2026-07-20 08:33:00,2026-07-20 09:23:00,PAY001377,MYR,157.38,4.437129,35.47,3817.54,3853.01,credited,
LED001378,CUS0015,deposit,2026-07-20 09:43:00,2026-07-20 12:46:00,PAY001378,MYR,1794.81,4.438227,404.4,2187.93,2592.33,credited,
LED001379,CUS0091,deposit,2026-07-20 10:04:00,2026-07-20 11:56:00,PAY001379,INR,3737.93,85.032652,43.96,2801.18,2845.14,credited,
LED001380,CUS0008,deposit,2026-07-20 10:57:00,2026-07-20 13:35:00,PAY001380,MYR,1435.82,4.44512,323.01,3029.78,3352.79,credited,
LED001381,CUS0056,deposit,2026-07-20 11:13:00,2026-07-20 13:12:00,PAY001381,INR,33259.14,85.346947,389.69,3142.85,3532.54,credited,
LED001382,CUS0146,deposit,2026-07-20 11:23:00,2026-07-20 14:05:00,PAY001382,MYR,1602.88,4.434172,361.48,2812.88,3174.36,credited,
LED001383,CUS0081,payout,2026-07-20 11:38:00,2026-07-20 14:23:00,PAY001383,INR,21922.27,84.254858,-260.19,5277.69,5017.5,debited,
LED001384,CUS0019,deposit,2026-07-20 13:29:00,2026-07-20 16:16:00,PAY001384,MYR,1239.29,4.438732,279.2,2971.83,3251.03,credited,
LED001385,CUS0064,deposit,2026-07-20 14:56:00,2026-07-20 16:40:00,PAY001385,INR,48999.21,85.260522,574.7,3125.02,3699.72,credited,
LED001386,CUS0127,deposit,2026-07-20 15:06:00,2026-07-20 16:41:00,PAY001386,INR,36569.02,85.020969,430.12,1050.07,1480.19,credited,
LED001387,CUS0147,deposit,2026-07-20 15:20:00,2026-07-20 18:45:00,PAY001387,INR,35195.97,85.333298,412.45,1681.29,2093.74,credited,
LED001388,CUS0122,deposit,2026-07-20 15:32:00,2026-07-20 17:16:00,PAY001388,MYR,302.86,4.435073,68.29,5227.56,5295.85,credited,
LED001389,CUS0046,deposit,2026-07-20 16:19:00,2026-07-20 18:00:00,PAY001389,INR,35509.52,85.116954,417.19,4143.67,4560.86,credited,
LED001390,CUS0103,deposit,2026-07-20 16:32:00,2026-07-20 18:48:00,PAY001390,INR,10430.06,85.073808,122.6,2407.97,2530.57,credited,
LED001391,CUS0025,deposit,2026-07-20 16:46:00,2026-07-20 17:53:00,PAY001391,INR,26431.43,85.126673,310.5,2220.72,2531.22,credited,
LED001392,CUS0016,deposit,2026-07-20 16:51:00,2026-07-20 17:31:00,PAY001392,INR,34294.15,85.345517,401.83,2657.75,3059.58,credited,
LED001393,CUS0136,deposit,2026-07-20 17:39:00,2026-07-20 19:32:00,PAY001393,INR,1122.63,85.339244,13.15,1423.61,1436.76,credited,
LED001394,CUS0146,deposit,2026-07-20 19:31:00,2026-07-20 20:05:00,PAY001394,MYR,1139.83,4.428796,257.37,3174.36,3431.73,credited,
LED001395,CUS0128,deposit,2026-07-21 09:11:00,2026-07-21 10:34:00,PAY001395,INR,9498.44,85.8159,110.68,4219.18,4329.86,credited,
LED001396,CUS0040,deposit,2026-07-21 09:18:00,2026-07-21 12:01:00,PAY001396,INR,30186.06,85.896734,351.42,2637.52,2988.94,credited,
LED001397,CUS0046,deposit,2026-07-21 09:35:00,2026-07-21 11:35:00,PAY001397,MYR,1029.44,4.437393,231.99,4560.86,4792.85,credited,
LED001398,CUS0031,deposit,2026-07-21 10:12:00,2026-07-21 12:36:00,PAY001398,INR,40456.64,85.918415,470.87,3576.47,4047.34,credited,
LED001399,CUS0047,payout,2026-07-21 10:22:00,2026-07-21 12:07:00,PAY001399,MYR,793.84,4.382729,-181.13,2432.95,2251.82,debited,
LED001400,CUS0040,deposit,2026-07-21 10:26:00,2026-07-21 12:27:00,PAY001400,INR,49868.42,85.76827,581.43,2988.94,3570.37,credited,
LED001401,CUS0030,deposit,2026-07-21 10:28:00,2026-07-21 11:11:00,PAY001401,MYR,1347.35,4.438771,303.54,3111.01,3414.55,credited,
LED001402,CUS0062,deposit,2026-07-21 10:40:00,2026-07-21 13:03:00,PAY001402,INR,48039.16,85.722999,560.4,288.04,848.44,credited,
LED001403,CUS0016,deposit,2026-07-21 11:35:00,2026-07-21 14:34:00,PAY001403,MYR,1835.72,4.425603,414.8,3059.58,3474.38,credited,
LED001404,CUS0024,deposit,2026-07-21 11:36:00,2026-07-21 14:02:00,PAY001404,INR,33343.87,85.888389,388.22,2578.0,2966.22,credited,
LED001405,CUS0052,deposit,2026-07-21 12:51:00,2026-07-21 13:59:00,PAY001405,MYR,586.65,4.43829,132.18,2372.52,2504.7,credited,
LED001406,CUS0110,payout,2026-07-21 13:42:00,2026-07-21 15:29:00,PAY001406,INR,10773.3,84.675802,-127.23,3199.79,3072.56,debited,
LED001407,CUS0027,deposit,2026-07-21 14:08:00,2026-07-21 16:56:00,PAY001407,MYR,663.38,4.425288,149.91,2567.09,2717.0,credited,
LED001408,CUS0074,deposit,2026-07-21 15:23:00,2026-07-21 16:16:00,PAY001408,MYR,1548.56,4.430291,349.54,1429.64,1779.18,credited,
LED001409,CUS0023,deposit,2026-07-21 15:48:00,2026-07-21 19:11:00,PAY001409,INR,15702.43,85.662063,183.31,3893.25,4076.56,credited,
LED001410,CUS0013,deposit,2026-07-21 16:05:00,2026-07-21 16:42:00,PAY001410,INR,26947.46,85.817427,314.01,2135.96,2449.97,credited,
LED001411,CUS0138,deposit,2026-07-21 16:20:00,2026-07-21 20:16:00,PAY001411,MYR,133.3,4.428204,30.1,2299.81,2329.91,credited,
LED001412,CUS0135,deposit,2026-07-21 16:34:00,2026-07-21 19:13:00,PAY001412,MYR,1702.96,4.437963,383.73,2755.83,3139.56,credited,
LED001413,CUS0026,deposit,2026-07-21 18:01:00,2026-07-21 19:51:00,PAY001413,INR,23133.07,85.909964,269.27,3491.73,3761.0,credited,
LED001414,CUS0019,deposit,2026-07-21 18:26:00,2026-07-21 20:51:00,PAY001414,INR,35844.71,85.841949,417.57,3251.03,3668.6,credited,
LED001415,CUS0098,deposit,2026-07-21 20:32:00,2026-07-21 22:06:00,PAY001415,INR,10698.48,85.613057,124.96,2764.25,2889.21,credited,
LED001416,CUS0062,deposit,2026-07-22 08:02:00,2026-07-22 09:43:00,PAY001416,MYR,1329.4,4.397632,302.3,848.44,1150.74,credited,
LED001417,CUS0096,deposit,2026-07-22 08:43:00,2026-07-22 10:33:00,PAY001417,MYR,1837.64,4.412117,416.5,4406.24,4822.74,credited,
LED001418,CUS0064,deposit,2026-07-22 08:55:00,2026-07-22 11:03:00,PAY001418,INR,31277.31,85.255949,366.86,3699.72,4066.58,credited,
LED001419,CUS0080,deposit,2026-07-22 09:06:00,2026-07-22 12:46:00,PAY001419,MYR,433.61,4.409541,98.33,5827.13,5925.46,credited,
LED001420,CUS0003,deposit,2026-07-22 09:24:00,2026-07-22 11:39:00,PAY001420,MYR,849.3,4.404761,192.81,3432.37,3625.18,credited,
LED001421,CUS0049,payout,2026-07-22 09:46:00,2026-07-22 12:12:00,PAY001421,MYR,1078.36,4.368496,-246.85,5573.26,5326.41,debited,
LED001422,CUS0102,payout,2026-07-22 10:20:00,2026-07-22 12:28:00,PAY001422,INR,1866.99,84.402594,-22.12,1934.4,1912.28,debited,
LED001423,CUS0030,deposit,2026-07-22 10:28:00,2026-07-22 12:43:00,PAY001423,INR,6206.28,85.231652,72.82,3414.55,3487.37,credited,
LED001424,CUS0043,deposit,2026-07-22 12:10:00,2026-07-22 14:04:00,PAY001424,INR,47203.4,85.390939,552.79,3503.83,4056.62,credited,
LED001425,CUS0074,deposit,2026-07-22 12:25:00,2026-07-22 15:12:00,PAY001425,MYR,590.87,4.402568,134.21,1779.18,1913.39,credited,
LED001426,CUS0102,deposit,2026-07-22 12:53:00,2026-07-22 13:55:00,PAY001426,INR,41232.44,85.467455,482.43,1912.28,2394.71,credited,
LED001427,CUS0133,deposit,2026-07-22 12:56:00,2026-07-22 15:32:00,PAY001427,MYR,1991.25,4.401087,452.45,1745.03,2197.48,credited,
LED001428,CUS0010,payout,2026-07-22 14:06:00,2026-07-22 15:04:00,PAY001428,INR,21191.96,84.228768,-251.6,2388.17,2136.57,debited,
LED001429,CUS0095,deposit,2026-07-22 14:26:00,2026-07-22 15:36:00,PAY001429,INR,22186.37,85.290129,260.13,2299.22,2559.35,credited,
LED001430,CUS0129,deposit,2026-07-22 14:29:00,2026-07-22 16:12:00,PAY001430,INR,38456.11,85.433949,450.13,1860.95,2311.08,credited,
LED001431,CUS0012,deposit,2026-07-22 14:32:00,2026-07-22 15:38:00,PAY001431,INR,28655.67,85.455134,335.33,3095.13,3430.46,credited,
LED001432,CUS0090,deposit,2026-07-22 14:50:00,2026-07-22 17:43:00,PAY001432,MYR,940.21,4.413796,213.02,2806.03,3019.05,credited,
LED001433,CUS0075,deposit,2026-07-22 15:31:00,2026-07-22 16:45:00,PAY001433,MYR,1026.02,4.404247,232.96,2392.37,2625.33,credited,
LED001434,CUS0113,deposit,2026-07-22 15:51:00,2026-07-22 17:53:00,PAY001434,INR,1752.83,85.322278,20.54,1147.61,1168.15,credited,
LED001435,CUS0074,deposit,2026-07-22 16:13:00,2026-07-22 17:30:00,PAY001435,INR,28064.23,85.413042,328.57,1913.39,2241.96,credited,
LED001436,CUS0017,deposit,2026-07-22 17:10:00,2026-07-22 19:33:00,PAY001436,MYR,837.55,4.398548,190.42,3089.38,3279.8,credited,
LED001437,CUS0083,deposit,2026-07-22 17:15:00,2026-07-22 18:54:00,PAY001437,INR,18833.42,85.45485,220.39,1518.77,1739.16,credited,
LED001438,CUS0002,deposit,2026-07-22 18:17:00,2026-07-22 20:50:00,PAY001438,INR,19370.06,85.441271,226.71,3583.74,3810.45,credited,
LED001439,CUS0031,deposit,2026-07-22 19:33:00,2026-07-22 22:21:00,PAY001439,MYR,1718.3,4.411097,389.54,4047.34,4436.88,credited,
LED001440,CUS0122,deposit,2026-07-22 20:47:00,2026-07-23 00:02:00,PAY001440,INR,46891.94,85.214327,550.28,5295.85,5846.13,credited,
LED001441,CUS0100,deposit,2026-07-22 20:50:00,2026-07-22 22:39:00,PAY001441,MYR,915.85,4.409632,207.69,4081.14,4288.83,credited,
LED001442,CUS0089,deposit,2026-07-22 20:58:00,2026-07-23 00:15:00,PAY001442,MYR,1960.86,4.408346,444.81,3202.03,3646.84,credited,
LED001443,CUS0040,payout,2026-07-23 08:25:00,2026-07-23 10:17:00,PAY001443,MYR,623.71,4.401025,-141.72,3570.37,3428.65,debited,
LED001444,CUS0045,deposit,2026-07-23 09:00:00,2026-07-23 11:01:00,PAY001444,INR,48170.46,85.695467,562.11,3448.38,4010.49,credited,
LED001445,CUS0006,deposit,2026-07-23 09:01:00,2026-07-23 10:32:00,PAY001445,INR,21870.96,85.72333,255.13,4351.76,4606.89,credited,
LED001446,CUS0139,deposit,2026-07-23 10:43:00,2026-07-23 12:39:00,PAY001446,INR,42658.34,85.754843,497.45,2163.45,2660.9,credited,
LED001447,CUS0104,deposit,2026-07-23 11:22:00,2026-07-23 13:43:00,PAY001447,MYR,859.65,4.432629,193.94,1410.28,1604.22,credited,
LED001448,CUS0100,deposit,2026-07-23 11:35:00,2026-07-23 13:27:00,PAY001448,MYR,943.13,4.436815,212.57,4288.83,4501.4,credited,
LED001449,CUS0136,deposit,2026-07-23 12:36:00,2026-07-23 14:22:00,PAY001449,MYR,435.65,4.431298,98.31,1436.76,1535.07,credited,
LED001450,CUS0094,deposit,2026-07-23 12:45:00,2026-07-23 16:06:00,PAY001450,INR,45067.54,85.792051,525.31,4211.99,4737.3,credited,
LED001451,CUS0079,deposit,2026-07-23 14:34:00,2026-07-23 15:46:00,PAY001451,MYR,450.62,4.435589,101.59,2918.23,3019.82,credited,
LED001452,CUS0116,payout,2026-07-23 15:20:00,2026-07-23 18:31:00,PAY001452,INR,8229.35,84.760022,-97.09,1855.68,1758.59,debited,
LED001453,CUS0087,deposit,2026-07-23 15:26:00,2026-07-23 16:54:00,PAY001453,INR,27808.81,85.665464,324.62,4288.23,4612.85,credited,
LED001454,CUS0111,payout,2026-07-23 16:50:00,2026-07-23 18:50:00,PAY001454,MYR,274.16,4.401336,-62.29,3563.01,3500.72,debited,
LED001455,CUS0045,deposit,2026-07-23 17:32:00,2026-07-23 21:08:00,PAY001455,INR,14029.34,85.729468,163.65,4010.49,4174.14,credited,
LED001456,CUS0148,deposit,2026-07-23 17:33:00,2026-07-23 18:38:00,PAY001456,INR,39202.02,85.817044,456.81,3119.44,3576.25,credited,
LED001457,CUS0063,deposit,2026-07-23 18:53:00,2026-07-23 20:20:00,PAY001457,MYR,1740.02,4.434553,392.38,3577.69,3970.07,credited,
LED001458,CUS0136,deposit,2026-07-23 20:16:00,2026-07-23 21:14:00,PAY001458,MYR,1478.58,4.434549,333.42,1535.07,1868.49,credited,
LED001459,CUS0022,deposit,2026-07-23 20:36:00,2026-07-23 21:16:00,PAY001459,INR,1562.57,85.867038,18.2,4925.41,4943.61,credited,
LED001460,CUS0092,deposit,2026-07-23 20:40:00,2026-07-23 21:37:00,PAY001460,INR,10548.85,85.704535,123.08,1808.35,1931.43,credited,
LED001461,CUS0093,deposit,2026-07-23 20:42:00,2026-07-23 22:45:00,PAY001461,MYR,1257.77,4.443858,283.04,2423.12,2706.16,credited,
LED001462,CUS0045,deposit,2026-07-23 20:54:00,2026-07-23 22:16:00,PAY001462,MYR,600.79,4.437369,135.39,4174.14,4309.53,credited,
LED001463,CUS0039,payout,2026-07-24 08:23:00,2026-07-24 09:33:00,PAY001463,INR,4836.34,84.344946,-57.34,2151.84,2094.5,debited,
LED001464,CUS0142,deposit,2026-07-24 08:46:00,2026-07-24 10:47:00,PAY001464,MYR,1268.5,4.41546,287.29,4676.82,4964.11,credited,
LED001465,CUS0038,deposit,2026-07-24 08:53:00,2026-07-24 10:11:00,PAY001465,INR,45504.65,85.388868,532.91,3712.24,4245.15,credited,
LED001466,CUS0098,deposit,2026-07-24 10:27:00,2026-07-24 12:45:00,PAY001466,INR,23904.25,85.102327,280.89,2889.21,3170.1,credited,
LED001467,CUS0093,deposit,2026-07-24 11:01:00,2026-07-24 14:12:00,PAY001467,INR,46581.64,85.255932,546.37,2706.16,3252.53,credited,
LED001468,CUS0006,deposit,2026-07-24 11:26:00,2026-07-24 14:59:00,PAY001468,INR,48529.69,85.2086,569.54,4606.89,5176.43,credited,
LED001469,CUS0022,deposit,2026-07-24 11:40:00,2026-07-24 12:14:00,PAY001469,MYR,1776.39,4.428324,401.14,4943.61,5344.75,credited,
LED001470,CUS0101,deposit,2026-07-24 12:11:00,2026-07-24 13:44:00,PAY001470,INR,45879.82,85.268837,538.06,3254.34,3792.4,credited,
LED001471,CUS0083,deposit,2026-07-24 12:21:00,2026-07-24 13:10:00,PAY001471,INR,14971.3,85.383908,175.34,1739.16,1914.5,credited,
LED001472,CUS0107,deposit,2026-07-24 12:49:00,2026-07-24 15:22:00,PAY001472,MYR,1983.65,4.412943,449.51,2893.08,3342.59,credited,
LED001473,CUS0072,payout,2026-07-24 12:52:00,2026-07-24 13:35:00,PAY001473,MYR,1288.86,4.372116,-294.79,3715.62,3420.83,debited,
LED001474,CUS0014,deposit,2026-07-24 13:04:00,2026-07-24 14:44:00,PAY001474,MYR,1309.33,4.428681,295.65,3376.49,3672.14,credited,
LED001475,CUS0087,deposit,2026-07-24 13:44:00,2026-07-24 17:07:00,PAY001475,MYR,109.7,4.430279,24.76,4612.85,4637.61,credited,
LED001476,CUS0009,deposit,2026-07-24 14:20:00,2026-07-24 17:05:00,PAY001476,INR,6967.17,85.169595,81.8,3787.92,3869.72,credited,
LED001477,CUS0052,deposit,2026-07-24 15:00:00,2026-07-24 17:07:00,PAY001477,INR,45274.47,85.159297,531.64,2504.7,3036.34,credited,
LED001478,CUS0070,deposit,2026-07-24 15:35:00,2026-07-24 17:29:00,PAY001478,INR,34994.38,85.293129,410.28,1330.88,1741.16,credited,
LED001479,CUS0088,deposit,2026-07-24 15:56:00,2026-07-24 18:16:00,PAY001479,MYR,290.71,4.419863,65.77,4788.3,4854.07,credited,
LED001480,CUS0126,deposit,2026-07-24 17:01:00,2026-07-24 18:26:00,PAY001480,MYR,584.83,4.42243,132.24,2002.54,2134.78,credited,
LED001481,CUS0022,deposit,2026-07-24 17:44:00,2026-07-24 20:06:00,PAY001481,MYR,1616.79,4.42891,365.05,5344.75,5709.8,credited,
LED001482,CUS0033,payout,2026-07-24 18:40:00,2026-07-24 19:28:00,PAY001482,INR,20492.05,84.049265,-243.81,4021.49,3777.68,debited,
LED001483,CUS0017,payout,2026-07-24 18:56:00,2026-07-24 20:51:00,PAY001483,INR,4596.97,84.101172,-54.66,3279.8,3225.14,debited,
LED001484,CUS0003,deposit,2026-07-24 19:23:00,2026-07-24 21:51:00,PAY001484,INR,36293.8,85.350538,425.23,3625.18,4050.41,credited,
LED001485,CUS0118,deposit,2026-07-25 08:11:00,2026-07-25 10:31:00,PAY001485,INR,31734.64,85.098134,372.92,1203.25,1576.17,credited,
LED001486,CUS0015,deposit,2026-07-25 08:13:00,2026-07-25 10:08:00,PAY001486,INR,35355.31,85.253676,414.71,2592.33,3007.04,credited,
LED001487,CUS0024,deposit,2026-07-25 08:40:00,2026-07-25 11:55:00,PAY001487,INR,690.14,85.108132,8.11,2966.22,2974.33,credited,
LED001488,CUS0021,deposit,2026-07-25 08:40:00,2026-07-25 11:59:00,PAY001488,INR,19651.6,85.061919,231.03,3918.17,4149.2,credited,
LED001489,CUS0051,payout,2026-07-25 08:41:00,2026-07-25 11:31:00,PAY001489,INR,18133.85,84.190754,-215.39,3390.58,3175.19,debited,
LED001490,CUS0016,deposit,2026-07-25 08:44:00,2026-07-25 10:59:00,PAY001490,INR,22404.56,85.204812,262.95,3474.38,3737.33,credited,
LED001491,CUS0051,deposit,2026-07-25 10:10:00,2026-07-25 13:10:00,PAY001491,INR,13531.45,85.104817,159.0,3175.19,3334.19,credited,
LED001492,CUS0020,deposit,2026-07-25 10:20:00,2026-07-25 12:36:00,PAY001492,INR,9815.83,85.283468,115.1,2408.34,2523.44,credited,
LED001493,CUS0076,deposit,2026-07-25 10:23:00,2026-07-25 13:18:00,PAY001493,INR,30276.92,85.10024,355.78,4610.93,4966.71,credited,
LED001494,CUS0065,deposit,2026-07-25 11:16:00,2026-07-25 12:56:00,PAY001494,MYR,1654.2,4.426225,373.73,486.62,860.35,credited,
LED001495,CUS0065,deposit,2026-07-25 11:46:00,2026-07-25 12:37:00,PAY001495,INR,14431.73,85.268087,169.25,860.35,1029.6,credited,
LED001496,CUS0089,deposit,2026-07-25 12:38:00,2026-07-25 13:38:00,PAY001496,INR,45183.33,85.066277,531.15,3646.84,4177.99,credited,
LED001497,CUS0115,deposit,2026-07-25 12:56:00,2026-07-25 15:59:00,PAY001497,MYR,53.64,4.423774,12.13,1870.81,1882.94,credited,
LED001498,CUS0093,deposit,2026-07-25 12:58:00,2026-07-25 16:22:00,PAY001498,MYR,1405.21,4.432781,317.0,3252.53,3569.53,credited,
LED001499,CUS0082,deposit,2026-07-25 12:59:00,2026-07-25 15:30:00,PAY001499,INR,22813.95,85.238895,267.65,3078.61,3346.26,credited,
LED001500,CUS0126,deposit,2026-07-25 13:25:00,2026-07-25 14:33:00,PAY001500,MYR,647.55,4.427678,146.25,2134.78,2281.03,credited,
LED001501,CUS0091,deposit,2026-07-25 13:29:00,2026-07-25 15:53:00,PAY001501,INR,20781.75,85.059431,244.32,2845.14,3089.46,credited,
LED001502,CUS0119,deposit,2026-07-25 13:34:00,2026-07-25 15:03:00,PAY001502,MYR,920.79,4.430574,207.83,3152.51,3360.34,credited,
LED001503,CUS0007,deposit,2026-07-25 13:49:00,2026-07-25 15:40:00,PAY001503,MYR,1750.52,4.429794,395.17,2473.26,2868.43,credited,
LED001504,CUS0004,payout,2026-07-25 13:56:00,2026-07-25 17:48:00,PAY001504,INR,11443.91,84.164947,-135.97,2672.24,2536.27,debited,
LED001505,CUS0048,deposit,2026-07-25 14:12:00,2026-07-25 14:47:00,PAY001505,INR,11241.19,85.09636,132.1,2687.97,2820.07,credited,
LED001506,CUS0087,payout,2026-07-25 14:13:00,2026-07-25 16:51:00,PAY001506,MYR,295.06,4.380983,-67.35,4637.61,4570.26,debited,
LED001507,CUS0141,payout,2026-07-25 14:33:00,2026-07-25 15:58:00,PAY001507,INR,7615.69,84.132649,-90.52,1656.78,1566.26,debited,
LED001508,CUS0041,deposit,2026-07-25 14:36:00,2026-07-25 17:35:00,PAY001508,MYR,990.06,4.430029,223.49,3876.86,4100.35,credited,
LED001509,CUS0018,deposit,2026-07-25 14:47:00,2026-07-25 17:33:00,PAY001509,MYR,1907.31,4.439398,429.63,3988.14,4417.77,credited,
LED001510,CUS0133,deposit,2026-07-25 15:15:00,2026-07-25 16:42:00,PAY001510,MYR,1888.38,4.424864,426.77,2197.48,2624.25,credited,
LED001511,CUS0079,deposit,2026-07-25 16:05:00,2026-07-25 18:17:00,PAY001511,MYR,1274.07,4.422586,288.08,3019.82,3307.9,credited,
LED001512,CUS0110,payout,2026-07-25 16:39:00,2026-07-25 19:26:00,PAY001512,MYR,822.62,4.390357,-187.37,3072.56,2885.19,debited,
LED001513,CUS0096,deposit,2026-07-25 16:48:00,2026-07-25 17:49:00,PAY001513,MYR,1620.03,4.428402,365.83,4822.74,5188.57,credited,
LED001514,CUS0115,deposit,2026-07-25 17:03:00,2026-07-25 18:25:00,PAY001514,MYR,758.92,4.423475,171.57,1882.94,2054.51,credited,
LED001515,CUS0081,deposit,2026-07-25 17:40:00,2026-07-25 20:37:00,PAY001515,MYR,1278.73,4.434556,288.36,5017.5,5305.86,credited,
LED001516,CUS0148,deposit,2026-07-25 19:46:00,2026-07-25 21:38:00,PAY001516,MYR,1593.82,4.432194,359.6,3576.25,3935.85,credited,
LED001517,CUS0147,deposit,2026-07-25 19:53:00,2026-07-25 21:42:00,PAY001517,INR,48571.22,85.373969,568.92,2093.74,2662.66,credited,
LED001518,CUS0064,deposit,2026-07-25 20:06:00,2026-07-25 23:08:00,PAY001518,INR,24685.1,85.322106,289.32,4066.58,4355.9,credited,
LED001519,CUS0025,deposit,2026-07-25 20:36:00,2026-07-25 21:58:00,PAY001519,INR,19515.1,85.151723,229.18,2531.22,2760.4,credited,
LED001520,CUS0126,deposit,2026-07-25 20:42:00,2026-07-25 22:00:00,PAY001520,MYR,941.5,4.423798,212.83,2281.03,2493.86,credited,
LED001521,CUS0050,deposit,2026-07-26 08:22:00,2026-07-26 10:23:00,PAY001521,MYR,1588.82,4.406907,360.53,1894.03,2254.56,credited,
LED001522,CUS0016,deposit,2026-07-26 08:54:00,2026-07-26 10:37:00,PAY001522,INR,23950.47,85.645161,279.65,3737.33,4016.98,credited,
LED001523,CUS0124,deposit,2026-07-26 10:37:00,2026-07-26 12:12:00,PAY001523,INR,28312.96,85.632627,330.63,3362.08,3692.71,credited,
LED001524,CUS0138,deposit,2026-07-26 10:41:00,2026-07-26 13:44:00,PAY001524,MYR,424.11,4.417412,96.01,2329.91,2425.92,credited,
LED001525,CUS0016,deposit,2026-07-26 10:43:00,2026-07-26 12:11:00,PAY001525,INR,36907.0,85.621797,431.05,4016.98,4448.03,credited,
LED001526,CUS0097,deposit,2026-07-26 12:35:00,2026-07-26 13:02:00,PAY001526,MYR,863.29,4.404414,196.01,4968.2,5164.21,credited,
LED001527,CUS0076,deposit,2026-07-26 12:40:00,2026-07-26 16:13:00,PAY001527,MYR,79.81,4.403638,18.12,4966.71,4984.83,credited,
LED001528,CUS0120,deposit,2026-07-26 12:42:00,2026-07-26 13:53:00,PAY001528,MYR,1558.32,4.401424,354.05,2817.9,3171.95,credited,
LED001529,CUS0114,payout,2026-07-26 13:20:00,2026-07-26 14:52:00,PAY001529,MYR,1003.95,4.36595,-229.95,4470.22,4240.27,debited,
LED001530,CUS0051,payout,2026-07-26 13:24:00,2026-07-26 15:44:00,PAY001530,MYR,937.56,4.364216,-214.83,3334.19,3119.36,debited,
LED001531,CUS0083,deposit,2026-07-26 13:40:00,2026-07-26 14:20:00,PAY001531,INR,47827.23,85.721495,557.94,1914.5,2472.44,credited,
LED001532,CUS0095,payout,2026-07-26 14:34:00,2026-07-26 16:51:00,PAY001532,MYR,223.14,4.365903,-51.11,2559.35,2508.24,debited,
LED001533,CUS0083,payout,2026-07-26 14:48:00,2026-07-26 16:56:00,PAY001533,INR,10564.6,84.713335,-124.71,2472.44,2347.73,debited,
LED001534,CUS0083,deposit,2026-07-26 15:11:00,2026-07-26 17:44:00,PAY001534,INR,28498.04,85.741081,332.37,2347.73,2680.1,credited,
LED001535,CUS0034,deposit,2026-07-26 15:16:00,2026-07-26 15:47:00,PAY001535,INR,25085.49,85.768213,292.48,3088.49,3380.97,credited,
LED001536,CUS0042,deposit,2026-07-26 16:25:00,2026-07-26 17:36:00,PAY001536,INR,47036.08,85.555517,549.77,4642.39,5192.16,credited,
LED001537,CUS0087,deposit,2026-07-26 16:30:00,2026-07-26 18:51:00,PAY001537,MYR,189.88,4.417184,42.99,4570.26,4613.25,credited,
LED001538,CUS0140,payout,2026-07-26 18:03:00,2026-07-26 20:36:00,PAY001538,INR,2372.37,84.667128,-28.02,2318.14,2290.12,debited,
LED001539,CUS0141,deposit,2026-07-26 18:11:00,2026-07-26 19:38:00,PAY001539,MYR,1651.01,4.412286,374.18,1566.26,1940.44,credited,
LED001540,CUS0067,deposit,2026-07-26 19:18:00,2026-07-26 20:19:00,PAY001540,INR,11756.11,85.559972,137.4,1422.62,1560.02,credited,
LED001541,CUS0058,deposit,2026-07-26 19:31:00,2026-07-26 20:01:00,PAY001541,INR,24195.31,85.538458,282.86,3978.46,4261.32,credited,
LED001542,CUS0036,deposit,2026-07-26 19:40:00,2026-07-26 21:32:00,PAY001542,INR,25278.9,85.846086,294.47,4807.79,5102.26,credited,
LED001543,CUS0075,deposit,2026-07-26 20:01:00,2026-07-26 23:43:00,PAY001543,MYR,999.69,4.400376,227.18,2625.33,2852.51,credited,
LED001544,CUS0011,deposit,2026-07-26 20:50:00,2026-07-26 21:18:00,PAY001544,MYR,424.25,4.409736,96.21,2345.14,2441.35,credited,
LED001545,CUS0002,deposit,2026-07-27 08:24:00,2026-07-27 09:27:00,PAY001545,INR,17794.39,85.521386,208.07,3810.45,4018.52,credited,
LED001546,CUS0043,deposit,2026-07-27 08:46:00,2026-07-27 10:04:00,PAY001546,MYR,812.45,4.423924,183.65,4056.62,4240.27,credited,
LED001547,CUS0073,deposit,2026-07-27 09:18:00,2026-07-27 11:31:00,PAY001547,INR,13649.51,85.635078,159.39,3487.42,3646.81,credited,
LED001548,CUS0052,deposit,2026-07-27 09:38:00,2026-07-27 11:10:00,PAY001548,MYR,1515.72,4.417743,343.1,3036.34,3379.44,credited,
LED001549,CUS0067,deposit,2026-07-27 10:21:00,2026-07-27 13:31:00,PAY001549,INR,19935.31,85.43395,233.34,1560.02,1793.36,credited,
LED001550,CUS0132,deposit,2026-07-27 10:39:00,2026-07-27 11:48:00,PAY001550,MYR,1546.93,4.415424,350.35,2440.59,2790.94,credited,
LED001551,CUS0028,deposit,2026-07-27 11:06:00,2026-07-27 12:16:00,PAY001551,INR,37269.26,85.336351,436.73,2873.74,3310.47,credited,
LED001552,CUS0055,payout,2026-07-27 12:39:00,2026-07-27 14:25:00,PAY001552,MYR,1171.52,4.385577,-267.13,2918.49,2651.36,debited,
LED001553,CUS0059,deposit,2026-07-27 12:52:00,2026-07-27 14:15:00,PAY001553,MYR,1146.69,4.415877,259.67,2477.9,2737.57,credited,
LED001554,CUS0056,deposit,2026-07-27 13:22:00,2026-07-27 15:06:00,PAY001554,INR,41564.57,85.428083,486.54,3532.54,4019.08,credited,
LED001555,CUS0100,deposit,2026-07-27 13:45:00,2026-07-27 16:13:00,PAY001555,MYR,1448.34,4.431668,326.82,4501.4,4828.22,credited,
LED001556,CUS0123,deposit,2026-07-27 14:00:00,2026-07-27 16:09:00,PAY001556,INR,28261.08,85.636999,330.01,2668.91,2998.92,credited,
LED001557,CUS0028,payout,2026-07-27 14:16:00,2026-07-27 15:08:00,PAY001557,INR,22472.42,84.330592,-266.48,3310.47,3043.99,debited,
LED001558,CUS0071,payout,2026-07-27 14:27:00,2026-07-27 16:18:00,PAY001558,INR,23665.17,84.593977,-279.75,3543.73,3263.98,debited,
LED001559,CUS0041,deposit,2026-07-27 15:00:00,2026-07-27 16:53:00,PAY001559,MYR,221.55,4.42781,50.04,4100.35,4150.39,credited,
LED001560,CUS0096,deposit,2026-07-27 15:03:00,2026-07-27 17:36:00,PAY001560,INR,4266.93,85.65414,49.82,5188.57,5238.39,credited,
LED001561,CUS0009,deposit,2026-07-27 15:39:00,2026-07-27 17:11:00,PAY001561,INR,44976.82,85.423831,526.51,3869.72,4396.23,credited,
LED001562,CUS0053,payout,2026-07-27 15:41:00,2026-07-27 19:16:00,PAY001562,MYR,196.57,4.378989,-44.89,2396.27,2351.38,debited,
LED001563,CUS0122,payout,2026-07-27 15:48:00,2026-07-27 16:27:00,PAY001563,INR,5129.41,84.601791,-60.63,5846.13,5785.5,debited,
LED001564,CUS0149,deposit,2026-07-27 16:07:00,2026-07-27 17:39:00,PAY001564,INR,34898.47,85.477786,408.28,1568.67,1976.95,credited,
LED001565,CUS0123,deposit,2026-07-27 16:09:00,2026-07-27 17:07:00,PAY001565,INR,3632.55,85.562469,42.45,2998.92,3041.37,credited,
LED001566,CUS0097,deposit,2026-07-27 16:23:00,2026-07-27 19:03:00,PAY001566,INR,1979.96,85.458052,23.17,5164.21,5187.38,credited,
LED001567,CUS0004,deposit,2026-07-27 16:35:00,2026-07-27 17:34:00,PAY001567,MYR,1166.22,4.422212,263.72,2536.27,2799.99,credited,
LED001568,CUS0072,deposit,2026-07-27 17:23:00,2026-07-27 19:43:00,PAY001568,INR,35640.14,85.650203,416.11,3420.83,3836.94,credited,
LED001569,CUS0070,deposit,2026-07-27 17:37:00,2026-07-27 18:46:00,PAY001569,MYR,1927.48,4.415346,436.54,1741.16,2177.7,credited,
LED001570,CUS0012,payout,2026-07-27 18:13:00,2026-07-27 20:45:00,PAY001570,MYR,1154.71,4.385181,-263.32,3430.46,3167.14,debited,
LED001571,CUS0013,deposit,2026-07-27 19:59:00,2026-07-27 21:05:00,PAY001571,MYR,594.44,4.428928,134.22,2449.97,2584.19,credited,
LED001572,CUS0121,deposit,2026-07-28 10:29:00,2026-07-28 12:52:00,PAY001572,MYR,1102.84,4.434399,248.7,2583.88,2832.58,credited,
LED001573,CUS0139,deposit,2026-07-28 11:30:00,2026-07-28 14:41:00,PAY001573,MYR,317.02,4.439188,71.41,2660.9,2732.31,credited,
LED001574,CUS0103,deposit,2026-07-28 11:36:00,2026-07-28 13:59:00,PAY001574,MYR,763.06,4.429391,172.27,2530.57,2702.84,credited,
LED001575,CUS0127,deposit,2026-07-28 12:08:00,2026-07-28 14:21:00,PAY001575,MYR,1361.15,4.428924,307.33,1480.19,1787.52,credited,
LED001576,CUS0065,deposit,2026-07-28 14:15:00,2026-07-28 16:45:00,PAY001576,MYR,1773.0,4.427838,400.42,1029.6,1430.02,credited,
LED001577,CUS0116,deposit,2026-07-28 14:25:00,2026-07-28 17:35:00,PAY001577,MYR,1514.8,4.437756,341.34,1758.59,2099.93,credited,
LED001578,CUS0038,deposit,2026-07-28 14:29:00,2026-07-28 17:33:00,PAY001578,INR,30140.23,85.295836,353.36,4245.15,4598.51,credited,
LED001579,CUS0147,deposit,2026-07-28 14:35:00,2026-07-28 16:25:00,PAY001579,INR,7406.3,85.469144,86.65,2662.66,2749.31,credited,
LED001580,CUS0108,deposit,2026-07-28 14:47:00,2026-07-28 17:35:00,PAY001580,MYR,1765.02,4.427755,398.63,4498.74,4897.37,credited,
LED001581,CUS0148,deposit,2026-07-28 15:11:00,2026-07-28 18:19:00,PAY001581,INR,700.0,85.355961,8.2,3935.85,3944.05,credited,
LED001582,CUS0086,deposit,2026-07-28 16:00:00,2026-07-28 18:15:00,PAY001582,INR,24714.41,85.431117,289.29,3400.22,3689.51,credited,
LED001583,CUS0102,deposit,2026-07-28 17:03:00,2026-07-28 19:03:00,PAY001583,MYR,1060.55,4.436035,239.08,2394.71,2633.79,credited,
LED001584,CUS0028,deposit,2026-07-28 17:22:00,2026-07-28 20:41:00,PAY001584,MYR,474.86,4.439607,106.96,3043.99,3150.95,credited,
LED001585,CUS0049,payout,2026-07-28 17:44:00,2026-07-28 20:50:00,PAY001585,INR,18383.45,84.443981,-217.7,5326.41,5108.71,debited,
LED001586,CUS0019,deposit,2026-07-28 19:17:00,2026-07-28 20:56:00,PAY001586,INR,34899.4,85.347642,408.91,3668.6,4077.51,credited,
LED001587,CUS0054,payout,2026-07-28 19:56:00,2026-07-28 21:18:00,PAY001587,MYR,733.47,4.387581,-167.17,3078.65,2911.48,debited,
LED001588,CUS0008,deposit,2026-07-28 20:46:00,2026-07-28 21:56:00,PAY001588,INR,15141.31,85.186606,177.74,3352.79,3530.53,credited,
LED001589,CUS0116,deposit,2026-07-28 20:58:00,2026-07-28 23:14:00,PAY001589,INR,47575.13,85.201463,558.38,2099.93,2658.31,credited,
LED001590,CUS0077,deposit,2026-07-29 08:25:00,2026-07-29 10:19:00,PAY001590,MYR,706.04,4.403168,160.35,4400.23,4560.58,credited,
LED001591,CUS0123,deposit,2026-07-29 08:27:00,2026-07-29 11:06:00,PAY001591,MYR,1281.38,4.410544,290.53,3041.37,3331.9,credited,
LED001592,CUS0128,payout,2026-07-29 08:35:00,2026-07-29 09:04:00,PAY001592,MYR,449.4,4.37624,-102.69,4329.86,4227.17,debited,
LED001593,CUS0099,deposit,2026-07-29 08:39:00,2026-07-29 09:37:00,PAY001593,MYR,1513.25,4.418179,342.51,2120.78,2463.29,credited,
LED001594,CUS0126,deposit,2026-07-29 08:52:00,2026-07-29 10:37:00,PAY001594,MYR,1989.44,4.419731,450.13,2493.86,2943.99,credited,
LED001595,CUS0023,deposit,2026-07-29 08:54:00,2026-07-29 11:24:00,PAY001595,MYR,965.5,4.416377,218.62,4076.56,4295.18,credited,
LED001596,CUS0025,payout,2026-07-29 10:20:00,2026-07-29 12:07:00,PAY001596,INR,11966.18,84.352052,-141.86,2760.4,2618.54,debited,
LED001597,CUS0080,deposit,2026-07-29 10:23:00,2026-07-29 12:37:00,PAY001597,MYR,1118.67,4.403587,254.04,5925.46,6179.5,credited,
LED001598,CUS0033,payout,2026-07-29 11:37:00,2026-07-29 15:24:00,PAY001598,MYR,794.06,4.360829,-182.09,3777.68,3595.59,debited,
LED001599,CUS0114,deposit,2026-07-29 11:46:00,2026-07-29 13:07:00,PAY001599,INR,3920.43,85.6063,45.8,4240.27,4286.07,credited,
LED001600,CUS0100,payout,2026-07-29 11:47:00,2026-07-29 14:51:00,PAY001600,MYR,1059.53,4.37135,-242.38,4828.22,4585.84,debited,
LED001601,CUS0031,deposit,2026-07-29 13:51:00,2026-07-29 16:13:00,PAY001601,INR,35061.72,85.373058,410.69,4436.88,4847.57,credited,
LED001602,CUS0042,payout,2026-07-29 14:23:00,2026-07-29 17:23:00,PAY001602,MYR,94.05,4.364296,-21.55,5192.16,5170.61,debited,
LED001603,CUS0040,deposit,2026-07-29 14:43:00,2026-07-29 15:20:00,PAY001603,MYR,1938.07,4.404917,439.98,3428.65,3868.63,credited,
LED001604,CUS0002,deposit,2026-07-29 16:13:00,2026-07-29 20:03:00,PAY001604,MYR,792.99,4.411562,179.75,4018.52,4198.27,credited,
LED001605,CUS0012,deposit,2026-07-29 16:20:00,2026-07-29 17:44:00,PAY001605,INR,15462.69,85.550556,180.74,3167.14,3347.88,credited,
LED001606,CUS0114,deposit,2026-07-29 17:01:00,2026-07-29 17:42:00,PAY001606,MYR,1622.58,4.407018,368.18,4286.07,4654.25,credited,
LED001607,CUS0145,deposit,2026-07-29 17:14:00,2026-07-29 19:50:00,PAY001607,INR,1672.07,85.33409,19.59,1397.61,1417.2,credited,
LED001608,CUS0135,payout,2026-07-29 18:28:00,2026-07-29 20:48:00,PAY001608,MYR,1178.51,4.359529,-270.33,3139.56,2869.23,debited,
LED001609,CUS0009,payout,2026-07-29 18:48:00,2026-07-29 22:00:00,PAY001609,INR,7671.23,84.410562,-90.88,4396.23,4305.35,debited,
LED001610,CUS0023,deposit,2026-07-29 18:55:00,2026-07-29 22:13:00,PAY001610,MYR,547.67,4.404163,124.35,4295.18,4419.53,credited,
LED001611,CUS0063,deposit,2026-07-29 20:19:00,2026-07-29 21:07:00,PAY001611,MYR,1816.03,4.410064,411.79,3970.07,4381.86,credited,
LED001612,CUS0147,deposit,2026-07-30 09:07:00,2026-07-30 10:31:00,PAY001612,INR,9746.14,85.421235,114.1,2749.31,2863.41,credited,
LED001613,CUS0123,deposit,2026-07-30 09:27:00,2026-07-30 12:32:00,PAY001613,MYR,161.63,4.431151,36.48,3331.9,3368.38,credited,
LED001614,CUS0011,deposit,2026-07-30 10:03:00,2026-07-30 11:05:00,PAY001614,MYR,487.53,4.423327,110.22,2441.35,2551.57,credited,
LED001615,CUS0101,deposit,2026-07-30 10:27:00,2026-07-30 11:20:00,PAY001615,INR,1054.08,0.856213,1231.1,3792.4,5023.5,credited,
LED001616,CUS0069,payout,2026-07-30 10:33:00,2026-07-30 11:00:00,PAY001616,INR,15174.23,84.385646,-179.82,2089.66,1909.84,debited,
LED001617,CUS0063,deposit,2026-07-30 10:36:00,2026-07-30 11:48:00,PAY001617,INR,43098.99,85.475134,504.23,4381.86,4886.09,credited,
LED001618,CUS0055,deposit,2026-07-30 11:21:00,2026-07-30 13:41:00,PAY001618,MYR,225.12,4.429749,50.82,2651.36,2702.18,credited,
LED001619,CUS0033,deposit,2026-07-30 11:28:00,2026-07-30 13:06:00,PAY001619,INR,42963.36,85.4158,502.99,3595.59,4098.58,credited,
LED001620,CUS0019,deposit,2026-07-30 11:35:00,2026-07-30 13:24:00,PAY001620,INR,28524.79,85.529248,333.51,4077.51,4411.02,credited,
LED001621,CUS0093,deposit,2026-07-30 11:58:00,2026-07-30 13:37:00,PAY001621,MYR,1877.09,4.436155,423.13,3569.53,3992.66,credited,
LED001622,CUS0011,deposit,2026-07-30 12:11:00,2026-07-30 13:59:00,PAY001622,INR,43598.1,85.62323,509.19,2551.57,3060.76,credited,
LED001623,CUS0096,deposit,2026-07-30 12:31:00,2026-07-30 16:05:00,PAY001623,INR,19843.42,85.595614,231.83,5238.39,5470.22,credited,
LED001624,CUS0033,deposit,2026-07-30 13:36:00,2026-07-30 16:48:00,PAY001624,INR,24228.61,85.621943,282.97,4098.58,4381.55,credited,
LED001625,CUS0041,deposit,2026-07-30 13:43:00,2026-07-30 16:20:00,PAY001625,MYR,505.44,4.432722,114.02,4150.39,4264.41,credited,
LED001626,CUS0111,deposit,2026-07-30 13:49:00,2026-07-30 15:45:00,PAY001626,MYR,1211.65,4.434973,273.2,3500.72,3773.92,credited,
LED001627,CUS0038,deposit,2026-07-30 14:05:00,2026-07-30 14:44:00,PAY001627,INR,38759.44,85.606842,452.76,4598.51,5051.27,credited,
LED001628,CUS0119,deposit,2026-07-30 14:39:00,2026-07-30 16:31:00,PAY001628,MYR,1310.83,4.428243,296.02,3360.34,3656.36,credited,
LED001629,CUS0121,deposit,2026-07-30 14:52:00,2026-07-30 17:24:00,PAY001629,MYR,1037.54,4.437565,233.81,2832.58,3066.39,credited,
LED001630,CUS0024,deposit,2026-07-30 16:05:00,2026-07-30 18:12:00,PAY001630,INR,34725.49,85.526388,406.02,2974.33,3380.35,credited,
LED001631,CUS0069,deposit,2026-07-30 16:22:00,2026-07-30 18:19:00,PAY001631,INR,46740.96,85.45189,546.99,1909.84,2456.83,credited,
LED001632,CUS0083,deposit,2026-07-30 16:53:00,2026-07-30 19:35:00,PAY001632,INR,45407.27,85.472918,531.25,2680.1,3211.35,credited,
LED001633,CUS0050,deposit,2026-07-30 17:09:00,2026-07-30 20:10:00,PAY001633,MYR,1656.7,4.438504,373.26,2254.56,2627.82,credited,
LED001634,CUS0109,deposit,2026-07-30 17:22:00,2026-07-30 19:05:00,PAY001634,MYR,1349.28,4.426209,304.84,3624.88,3929.72,credited,
LED001635,CUS0076,payout,2026-07-30 17:25:00,2026-07-30 20:49:00,PAY001635,INR,5507.83,84.61874,-65.09,4984.83,4919.74,debited,
LED001636,CUS0119,deposit,2026-07-30 17:34:00,2026-07-30 18:31:00,PAY001636,MYR,1176.05,4.424897,265.78,3656.36,3922.14,credited,
LED001637,CUS0053,deposit,2026-07-30 17:41:00,2026-07-30 21:22:00,PAY001637,MYR,1208.32,4.43259,272.6,2351.38,2623.98,credited,
LED001638,CUS0128,deposit,2026-07-30 18:04:00,2026-07-30 20:20:00,PAY001638,MYR,768.75,4.424518,173.75,4227.17,4400.92,credited,
LED001639,CUS0118,deposit,2026-07-30 18:14:00,2026-07-30 19:13:00,PAY001639,MYR,1088.69,4.437798,245.32,1576.17,1821.49,credited,
LED001640,CUS0097,deposit,2026-07-30 18:21:00,2026-07-30 20:07:00,PAY001640,INR,40749.17,85.452213,476.87,5187.38,5664.25,credited,
LED001641,CUS0066,deposit,2026-07-30 18:31:00,2026-07-30 21:32:00,PAY001641,INR,46426.38,85.43045,543.44,2227.73,2771.17,credited,
LED001642,CUS0108,deposit,2026-07-30 18:34:00,2026-07-30 19:20:00,PAY001642,MYR,422.4,4.430331,95.34,4897.37,4992.71,credited,
LED001643,CUS0122,deposit,2026-07-30 18:48:00,2026-07-30 20:21:00,PAY001643,MYR,891.23,4.431822,201.1,5785.5,5986.6,credited,
LED001644,CUS0093,deposit,2026-07-30 19:03:00,2026-07-30 19:24:00,PAY001644,INR,38126.16,85.427773,446.3,3992.66,4438.96,credited,
LED001645,CUS0141,deposit,2026-07-30 19:07:00,2026-07-30 20:35:00,PAY001645,INR,26993.52,85.460705,315.86,1940.44,2256.3,credited,
LED001646,CUS0109,deposit,2026-07-30 19:36:00,2026-07-30 23:07:00,PAY001646,INR,10642.19,85.682551,124.2,3929.72,4053.92,credited,
LED001647,CUS0087,deposit,2026-07-30 20:15:00,2026-07-30 21:49:00,PAY001647,INR,48853.39,85.36918,572.26,4613.25,5185.51,credited,
LED001648,CUS0057,payout,2026-07-30 20:24:00,2026-07-30 23:44:00,PAY001648,MYR,829.46,4.381503,-189.31,2942.28,2752.97,debited,
LED001649,CUS0091,deposit,2026-07-31 08:44:00,2026-07-31 09:29:00,PAY001649,MYR,1686.31,4.422895,381.27,3089.46,3470.73,credited,
LED001650,CUS0044,deposit,2026-07-31 09:02:00,2026-07-31 10:59:00,PAY001650,MYR,1617.25,4.419972,365.9,4916.88,5282.78,credited,
LED001651,CUS0024,payout,2026-07-31 09:09:00,2026-07-31 12:09:00,PAY001651,INR,14832.95,84.441229,-175.66,3380.35,3204.69,debited,
LED001652,CUS0064,payout,2026-07-31 09:20:00,2026-07-31 10:37:00,PAY001652,MYR,1113.73,4.364841,-255.16,4355.9,4100.74,debited,
LED001653,CUS0045,deposit,2026-07-31 09:25:00,2026-07-31 10:48:00,PAY001653,MYR,1837.72,4.417275,416.03,4309.53,4725.56,credited,
LED001654,CUS0079,deposit,2026-07-31 10:36:00,2026-07-31 14:09:00,PAY001654,INR,22042.07,85.216426,258.66,3307.9,3566.56,credited,
LED001655,CUS0060,payout,2026-07-31 11:10:00,2026-07-31 12:02:00,PAY001655,MYR,170.93,4.370465,-39.11,2598.0,2558.89,debited,
LED001656,CUS0099,deposit,2026-07-31 11:14:00,2026-07-31 12:58:00,PAY001656,MYR,1705.66,4.414324,386.39,2463.29,2849.68,credited,
LED001657,CUS0126,deposit,2026-07-31 12:16:00,2026-07-31 14:57:00,PAY001657,MYR,890.2,4.410131,201.85,2943.99,3145.84,credited,
LED001658,CUS0130,deposit,2026-07-31 12:29:00,2026-07-31 15:06:00,PAY001658,MYR,1242.81,4.406874,282.02,1621.54,1903.56,credited,
LED001659,CUS0020,deposit,2026-07-31 12:50:00,2026-07-31 16:14:00,PAY001659,INR,30247.2,85.262214,354.76,2523.44,2878.2,credited,
LED001660,CUS0054,deposit,2026-07-31 13:03:00,2026-07-31 15:04:00,PAY001660,INR,11287.45,85.403859,132.17,2911.48,3043.65,credited,
LED001661,CUS0075,payout,2026-07-31 13:59:00,2026-07-31 16:20:00,PAY001661,MYR,1181.5,4.367013,-270.55,2852.51,2581.96,debited,
LED001662,CUS0145,deposit,2026-07-31 15:05:00,2026-07-31 15:55:00,PAY001662,MYR,510.82,4.423475,115.48,1417.2,1532.68,credited,
LED001663,CUS0089,deposit,2026-07-31 15:21:00,2026-07-31 16:03:00,PAY001663,INR,18296.27,85.267643,214.57,4177.99,4392.56,credited,
LED001664,CUS0109,deposit,2026-07-31 16:36:00,2026-07-31 18:09:00,PAY001664,MYR,206.24,4.419298,46.67,4053.92,4100.59,credited,
LED001665,CUS0067,deposit,2026-07-31 16:43:00,2026-07-31 17:46:00,PAY001665,INR,24187.27,85.226782,283.8,1793.36,2077.16,credited,
LED001666,CUS0098,deposit,2026-07-31 17:14:00,2026-07-31 18:23:00,PAY001666,INR,18546.31,85.423593,217.11,3170.1,3387.21,credited,
LED001667,CUS0142,payout,2026-07-31 17:16:00,2026-07-31 18:15:00,PAY001667,INR,2063.37,84.150571,-24.52,4964.11,4939.59,debited,
LED001668,CUS0076,deposit,2026-07-31 17:25:00,2026-07-31 19:39:00,PAY001668,MYR,309.02,4.414511,70.0,4919.74,4989.74,credited,
LED001669,CUS0080,deposit,2026-07-31 17:42:00,2026-07-31 18:19:00,PAY001669,INR,8748.13,85.213122,102.66,6179.5,6282.16,credited,
LED001670,CUS0147,deposit,2026-07-31 18:33:00,2026-07-31 19:42:00,PAY001670,INR,32903.78,85.346832,385.53,2863.41,3248.94,credited,
LED001671,CUS0043,deposit,2026-07-31 19:34:00,2026-07-31 21:08:00,PAY001671,MYR,495.4,4.423146,112.0,4240.27,4352.27,credited,
LED001672,CUS0026,payout,2026-07-31 19:36:00,2026-07-31 21:01:00,PAY001672,INR,7406.19,84.142144,-88.02,3761.0,3672.98,debited,
LED001673,CUS0142,payout,2026-07-31 19:48:00,2026-07-31 20:48:00,PAY001673,INR,19462.73,84.382087,-230.65,4939.59,4708.94,debited,
LED001674,CUS0003,deposit,2026-07-31 20:44:00,2026-07-31 22:22:00,PAY001674,INR,16611.15,85.218772,194.92,4050.41,4245.33,credited,
LED001675,CUS0006,deposit,2026-08-01 08:30:00,2026-08-01 09:15:00,PAY001675,MYR,1016.8,4.427537,229.65,5176.43,5406.08,credited,
LED001676,CUS0121,deposit,2026-08-01 10:08:00,2026-08-01 11:02:00,PAY001676,INR,8217.52,85.734372,95.85,3066.39,3162.24,credited,
LED001677,CUS0072,payout,2026-08-01 10:24:00,2026-08-01 12:37:00,PAY001677,MYR,631.81,4.384544,-144.1,3836.94,3692.84,debited,
LED001678,CUS0042,deposit,2026-08-01 10:41:00,2026-08-01 11:01:00,PAY001678,INR,32186.74,85.922013,374.6,5170.61,5545.21,credited,
LED001679,CUS0074,deposit,2026-08-01 10:48:00,2026-08-01 13:42:00,PAY001679,MYR,937.72,4.420854,212.11,2241.96,2454.07,credited,
LED001680,CUS0104,deposit,2026-08-01 11:15:00,2026-08-01 14:01:00,PAY001680,MYR,1780.92,4.428193,402.18,1604.22,2006.4,credited,
LED001681,CUS0148,deposit,2026-08-01 11:35:00,2026-08-01 14:12:00,PAY001681,MYR,1445.16,4.432374,326.05,3944.05,4270.1,credited,
LED001682,CUS0105,deposit,2026-08-01 11:58:00,2026-08-01 14:19:00,PAY001682,MYR,358.78,4.427718,81.03,2059.36,2140.39,credited,
LED001683,CUS0095,deposit,2026-08-01 12:03:00,2026-08-01 13:16:00,PAY001683,INR,42176.33,85.748071,491.86,2508.24,3000.1,credited,
LED001684,CUS0077,deposit,2026-08-01 12:10:00,2026-08-01 14:07:00,PAY001684,MYR,766.04,4.425222,173.11,4560.58,4733.69,credited,
LED001685,CUS0056,deposit,2026-08-01 14:24:00,2026-08-01 18:01:00,PAY001685,INR,22059.11,85.934678,256.7,4019.08,4275.78,credited,
LED001686,CUS0036,payout,2026-08-01 16:08:00,2026-08-01 17:56:00,PAY001686,INR,16811.43,84.807696,-198.23,5102.26,4904.03,debited,
LED001687,CUS0059,deposit,2026-08-01 16:10:00,2026-08-01 17:51:00,PAY001687,INR,45231.35,85.725895,527.63,2737.57,3265.2,credited,
LED001688,CUS0120,deposit,2026-08-01 16:47:00,2026-08-01 18:14:00,PAY001688,MYR,761.99,4.426706,172.13,3171.95,3344.08,credited,
LED001689,CUS0014,deposit,2026-08-01 17:48:00,2026-08-01 19:28:00,PAY001689,INR,12645.62,85.819808,147.35,3672.14,3819.49,credited,
LED001690,CUS0014,deposit,2026-08-01 18:30:00,2026-08-01 21:10:00,PAY001690,INR,17852.48,85.77847,208.12,3819.49,4027.61,credited,
LED001691,CUS0076,deposit,2026-08-01 18:48:00,2026-08-01 21:40:00,PAY001691,MYR,728.91,4.419831,164.92,4989.74,5154.66,credited,
LED001692,CUS0123,deposit,2026-08-01 19:22:00,2026-08-01 21:04:00,PAY001692,MYR,163.48,4.419165,36.99,3368.38,3405.37,credited,
LED001693,CUS0043,deposit,2026-08-01 19:42:00,2026-08-01 20:22:00,PAY001693,MYR,51.78,4.434775,11.68,4352.27,4363.95,credited,
LED001694,CUS0131,deposit,2026-08-01 19:54:00,2026-08-01 22:36:00,PAY001694,MYR,460.83,4.419508,104.27,2745.29,2849.56,credited,
LED001695,CUS0086,deposit,2026-08-01 19:58:00,2026-08-01 22:23:00,PAY001695,INR,40026.3,85.830989,466.34,3689.51,4155.85,credited,
LED001696,CUS0014,deposit,2026-08-02 08:42:00,2026-08-02 11:24:00,PAY001696,MYR,1608.41,4.418817,363.99,4027.61,4391.6,credited,
LED001697,CUS0111,payout,2026-08-02 08:49:00,2026-08-02 09:46:00,PAY001697,MYR,1014.52,4.383143,-231.46,3773.92,3542.46,debited,
LED001698,CUS0040,deposit,2026-08-02 09:21:00,2026-08-02 11:24:00,PAY001698,INR,46680.91,85.638128,545.09,3868.63,4413.72,credited,
LED001699,CUS0069,deposit,2026-08-02 10:36:00,2026-08-02 11:37:00,PAY001699,MYR,313.58,4.426716,70.84,2456.83,2527.67,credited,
LED001700,CUS0057,deposit,2026-08-02 11:14:00,2026-08-02 12:37:00,PAY001700,MYR,112.53,4.418655,25.47,2752.97,2778.44,credited,
LED001701,CUS0146,deposit,2026-08-02 11:50:00,2026-08-02 13:01:00,PAY001701,INR,10086.38,85.363212,118.16,3431.73,3549.89,credited,
LED001702,CUS0054,deposit,2026-08-02 12:20:00,2026-08-02 12:52:00,PAY001702,MYR,31.12,4.431298,7.02,3043.65,3050.67,credited,
LED001703,CUS0124,deposit,2026-08-02 14:05:00,2026-08-02 15:36:00,PAY001703,INR,39457.1,85.38749,462.09,3692.71,4154.8,credited,
LED001704,CUS0127,deposit,2026-08-02 14:42:00,2026-08-02 18:08:00,PAY001704,INR,6154.73,85.61289,71.89,1787.52,1859.41,credited,
LED001705,CUS0096,deposit,2026-08-02 15:16:00,2026-08-02 17:04:00,PAY001705,MYR,1705.67,4.424688,385.49,5470.22,5855.71,credited,
LED001706,CUS0084,deposit,2026-08-02 15:37:00,2026-08-02 19:16:00,PAY001706,MYR,1067.62,4.424949,241.27,3275.51,3516.78,credited,
LED001707,CUS0063,payout,2026-08-02 15:40:00,2026-08-02 16:18:00,PAY001707,MYR,331.43,4.383979,-75.6,4886.09,4810.49,debited,
LED001708,CUS0131,payout,2026-08-02 16:05:00,2026-08-02 17:57:00,PAY001708,MYR,425.04,4.374626,-97.16,2849.56,2752.4,debited,
LED001709,CUS0066,deposit,2026-08-02 16:10:00,2026-08-02 17:28:00,PAY001709,MYR,239.8,4.427959,54.16,2771.17,2825.33,credited,
LED001710,CUS0057,payout,2026-08-02 16:26:00,2026-08-02 18:04:00,PAY001710,INR,22445.12,84.564527,-265.42,2778.44,2513.02,debited,
LED001711,CUS0139,deposit,2026-08-02 16:33:00,2026-08-02 19:11:00,PAY001711,INR,25539.26,85.613311,298.31,2732.31,3030.62,credited,
LED001712,CUS0085,deposit,2026-08-02 17:40:00,2026-08-02 18:58:00,PAY001712,MYR,619.2,4.421194,140.05,4342.44,4482.49,credited,
LED001713,CUS0017,payout,2026-08-02 17:46:00,2026-08-02 18:33:00,PAY001713,MYR,1029.68,4.386471,-234.74,3225.14,2990.4,debited,
LED001714,CUS0040,payout,2026-08-02 17:50:00,2026-08-02 18:24:00,PAY001714,MYR,570.46,4.384134,-130.12,4413.72,4283.6,debited,
LED001715,CUS0061,deposit,2026-08-02 18:43:00,2026-08-02 21:53:00,PAY001715,MYR,988.44,4.415868,223.84,3229.17,3453.01,credited,
LED001716,CUS0104,deposit,2026-08-02 20:00:00,2026-08-02 21:24:00,PAY001716,MYR,877.31,4.424186,198.3,2006.4,2204.7,credited,
LED001717,CUS0043,deposit,2026-08-02 20:20:00,2026-08-02 23:19:00,PAY001717,INR,17137.51,85.505458,200.43,4363.95,4564.38,credited,
LED001718,CUS0026,deposit,2026-08-02 20:43:00,2026-08-02 21:00:00,PAY001718,MYR,191.73,4.42887,43.29,3672.98,3716.27,credited,
LED001719,CUS0024,deposit,2026-08-03 08:13:00,2026-08-03 11:13:00,PAY001719,MYR,1870.72,4.412131,423.99,3204.69,3628.68,credited,
LED001720,CUS0046,payout,2026-08-03 08:55:00,2026-08-03 11:08:00,PAY001720,INR,1637.61,84.066065,-19.48,4792.85,4773.37,debited,
LED001721,CUS0092,deposit,2026-08-03 09:53:00,2026-08-03 10:23:00,PAY001721,MYR,1342.13,4.415416,303.96,1931.43,2235.39,credited,
LED001722,CUS0085,payout,2026-08-03 10:34:00,2026-08-03 13:14:00,PAY001722,INR,3289.44,84.366204,-38.99,4482.49,4443.5,debited,
LED001723,CUS0050,deposit,2026-08-03 10:43:00,2026-08-03 13:21:00,PAY001723,INR,39582.36,85.289735,464.09,2627.82,3091.91,credited,
LED001724,CUS0075,deposit,2026-08-03 11:01:00,2026-08-03 13:25:00,PAY001724,MYR,1242.41,4.405334,282.02,2581.96,2863.98,credited,
LED001725,CUS0119,payout,2026-08-03 11:29:00,2026-08-03 12:51:00,PAY001725,MYR,810.42,4.362043,-185.79,3922.14,3736.35,debited,
LED001726,CUS0058,deposit,2026-08-03 11:49:00,2026-08-03 12:28:00,PAY001726,INR,34607.09,85.249515,405.95,4261.32,4667.27,credited,
LED001727,CUS0122,deposit,2026-08-03 12:21:00,2026-08-03 14:30:00,PAY001727,MYR,1626.23,4.415173,368.33,5986.6,6354.93,credited,
LED001728,CUS0103,deposit,2026-08-03 12:49:00,2026-08-03 14:45:00,PAY001728,MYR,853.4,4.408619,193.58,2702.84,2896.42,credited,
LED001729,CUS0054,deposit,2026-08-03 13:53:00,2026-08-03 15:22:00,PAY001729,MYR,504.14,4.415195,114.18,3050.67,3164.85,credited,
LED001730,CUS0016,deposit,2026-08-03 15:02:00,2026-08-03 15:47:00,PAY001730,INR,29590.31,85.092784,347.74,4448.03,4795.77,credited,
LED001731,CUS0033,deposit,2026-08-03 15:45:00,2026-08-03 16:27:00,PAY001731,INR,7891.68,85.420633,92.39,4381.55,4473.94,credited,
LED001732,CUS0149,deposit,2026-08-03 16:52:00,2026-08-03 19:28:00,PAY001732,MYR,501.33,4.415574,113.54,1976.95,2090.49,credited,
LED001733,CUS0142,deposit,2026-08-03 19:12:00,2026-08-03 21:34:00,PAY001733,MYR,1466.88,4.405601,332.96,4708.94,5041.9,credited,
LED001734,CUS0009,deposit,2026-08-03 19:13:00,2026-08-03 21:11:00,PAY001734,INR,18528.36,85.385634,217.0,4305.35,4522.35,credited,
LED001735,CUS0009,deposit,2026-08-03 19:27:00,2026-08-03 21:01:00,PAY001735,MYR,1687.01,4.404602,383.01,4522.35,4905.36,credited,
LED001736,CUS0119,deposit,2026-08-03 19:52:00,2026-08-03 22:29:00,PAY001736,INR,33087.31,85.357307,387.63,3736.35,4123.98,credited,
LED001737,CUS0084,deposit,2026-08-03 19:56:00,2026-08-03 22:32:00,PAY001737,MYR,1498.2,4.411372,339.62,3516.78,3856.4,credited,
LED001738,CUS0146,deposit,2026-08-03 20:45:00,2026-08-03 21:38:00,PAY001738,MYR,1740.22,4.420345,393.68,3549.89,3943.57,credited,
LED001739,CUS0107,deposit,2026-08-04 08:36:00,2026-08-04 10:16:00,PAY001739,INR,5114.21,85.554422,59.78,3342.59,3402.37,credited,
LED001740,CUS0062,deposit,2026-08-04 11:12:00,2026-08-04 13:41:00,PAY001740,INR,25882.83,85.530486,302.62,1150.74,1453.36,credited,
LED001741,CUS0107,deposit,2026-08-04 11:14:00,2026-08-04 12:02:00,PAY001741,INR,2403.23,85.474657,28.12,3402.37,3430.49,credited,
LED001742,CUS0096,deposit,2026-08-04 11:28:00,2026-08-04 12:30:00,PAY001742,MYR,694.24,4.428865,156.75,5855.71,6012.46,credited,
LED001743,CUS0086,deposit,2026-08-04 12:12:00,2026-08-04 14:44:00,PAY001743,INR,34177.61,85.300538,400.67,4155.85,4556.52,credited,
LED001744,CUS0051,deposit,2026-08-04 12:29:00,2026-08-04 13:14:00,PAY001744,MYR,886.83,4.43202,200.1,3119.36,3319.46,credited,
LED001745,CUS0117,deposit,2026-08-04 12:38:00,2026-08-04 14:10:00,PAY001745,MYR,117.69,4.425811,26.59,1505.83,1532.42,credited,
LED001746,CUS0017,deposit,2026-08-04 13:10:00,2026-08-04 16:01:00,PAY001746,MYR,964.8,4.426705,217.95,2990.4,3208.35,credited,
LED001747,CUS0147,deposit,2026-08-04 14:37:00,2026-08-04 16:56:00,PAY001747,MYR,484.96,4.432454,109.41,3248.94,3358.35,credited,
LED001748,CUS0077,deposit,2026-08-04 15:45:00,2026-08-04 16:52:00,PAY001748,INR,44629.9,85.381909,522.71,4733.69,5256.4,credited,
LED001749,CUS0149,payout,2026-08-04 15:55:00,2026-08-04 17:08:00,PAY001749,INR,7067.41,84.437409,-83.7,2090.49,2006.79,debited,
LED001750,CUS0116,payout,2026-08-04 17:02:00,2026-08-04 17:35:00,PAY001750,INR,6679.08,84.225482,-79.3,2658.31,2579.01,debited,
LED001751,CUS0071,deposit,2026-08-04 17:25:00,2026-08-04 20:16:00,PAY001751,INR,26995.25,85.555907,315.53,3263.98,3579.51,credited,
LED001752,CUS0079,deposit,2026-08-04 17:25:00,2026-08-04 20:23:00,PAY001752,INR,38560.59,85.399836,451.53,3566.56,4018.09,credited,
LED001753,CUS0055,deposit,2026-08-04 17:39:00,2026-08-04 20:24:00,PAY001753,MYR,1082.16,4.433777,244.07,2702.18,2946.25,credited,
LED001754,CUS0100,payout,2026-08-04 18:10:00,2026-08-04 19:51:00,PAY001754,INR,14586.47,84.500458,-172.62,4585.84,4413.22,debited,
LED001755,CUS0110,deposit,2026-08-04 18:27:00,2026-08-04 21:33:00,PAY001755,INR,4444.01,85.233294,52.14,2885.19,2937.33,credited,
LED001756,CUS0034,deposit,2026-08-04 18:43:00,2026-08-04 20:05:00,PAY001756,MYR,1864.23,4.41664,422.09,3380.97,3803.06,credited,
LED001757,CUS0107,deposit,2026-08-04 19:33:00,2026-08-04 21:41:00,PAY001757,MYR,348.87,4.428165,78.78,3430.49,3509.27,credited,
LED001758,CUS0074,payout,2026-08-04 19:43:00,2026-08-04 22:51:00,PAY001758,INR,8412.3,84.333788,-99.75,2454.07,2354.32,debited,
LED001759,CUS0040,deposit,2026-08-04 20:28:00,2026-08-04 20:49:00,PAY001759,INR,43724.45,85.254478,512.87,4283.6,4796.47,credited,
LED001760,CUS0070,deposit,2026-08-04 20:44:00,2026-08-04 22:07:00,PAY001760,INR,48274.61,85.494429,564.65,2177.7,2742.35,credited,
LED001761,CUS0129,deposit,2026-08-05 09:18:00,2026-08-05 12:09:00,PAY001761,MYR,1539.02,4.409235,349.04,2311.08,2660.12,credited,
LED001762,CUS0072,payout,2026-08-05 09:30:00,2026-08-05 11:57:00,PAY001762,INR,20045.99,84.301253,-237.79,3692.84,3455.05,debited,
LED001763,CUS0100,deposit,2026-08-05 09:48:00,2026-08-05 12:29:00,PAY001763,INR,40426.79,85.275288,474.07,4413.22,4887.29,credited,
LED001764,CUS0023,deposit,2026-08-05 10:05:00,2026-08-05 11:01:00,PAY001764,INR,49610.09,85.465625,580.47,4419.53,5000.0,credited,
LED001765,CUS0137,deposit,2026-08-05 10:28:00,2026-08-05 13:37:00,PAY001765,MYR,412.52,4.406108,93.62,3805.09,3898.71,credited,
LED001766,CUS0100,deposit,2026-08-05 11:02:00,2026-08-05 13:04:00,PAY001766,INR,39736.93,85.27083,466.01,4887.29,5353.3,credited,
LED001767,CUS0049,deposit,2026-08-05 11:29:00,2026-08-05 14:27:00,PAY001767,MYR,1253.52,4.407026,284.44,5108.71,5393.15,credited,
LED001768,CUS0059,payout,2026-08-05 12:03:00,2026-08-05 14:50:00,PAY001768,INR,21286.82,84.468147,-252.01,3265.2,3013.19,debited,
LED001769,CUS0095,payout,2026-08-05 12:51:00,2026-08-05 13:09:00,PAY001769,MYR,295.77,4.366231,-67.74,3000.1,2932.36,debited,
LED001770,CUS0147,deposit,2026-08-05 13:59:00,2026-08-05 17:54:00,PAY001770,MYR,730.18,4.406597,165.7,3358.35,3524.05,credited,
LED001771,CUS0107,deposit,2026-08-05 14:37:00,2026-08-05 15:04:00,PAY001771,MYR,1506.97,4.414727,341.35,3509.27,3850.62,credited,
LED001772,CUS0025,deposit,2026-08-05 14:51:00,2026-08-05 18:09:00,PAY001772,MYR,1201.46,4.404782,272.76,2618.54,2891.3,credited,
LED001773,CUS0122,payout,2026-08-05 15:04:00,2026-08-05 18:17:00,PAY001773,INR,12934.21,84.338903,-153.36,6354.93,6201.57,debited,
LED001774,CUS0009,deposit,2026-08-05 16:32:00,2026-08-05 19:41:00,PAY001774,MYR,1578.71,4.405391,358.36,4905.36,5263.72,credited,
LED001775,CUS0109,deposit,2026-08-05 17:30:00,2026-08-05 18:06:00,PAY001775,INR,15025.84,85.261232,176.23,4100.59,4276.82,credited,
LED001776,CUS0036,deposit,2026-08-05 17:33:00,2026-08-05 19:25:00,PAY001776,MYR,1400.94,4.415011,317.31,4904.03,5221.34,credited,
LED001777,CUS0106,deposit,2026-08-05 18:19:00,2026-08-05 21:03:00,PAY001777,MYR,1963.18,4.409277,445.24,2927.86,3373.1,credited,
LED001778,CUS0077,deposit,2026-08-05 18:39:00,2026-08-05 19:09:00,PAY001778,INR,20640.11,85.324792,241.9,5256.4,5498.3,credited,
LED001779,CUS0024,deposit,2026-08-05 19:57:00,2026-08-05 22:55:00,PAY001779,MYR,1742.92,4.406539,395.53,3628.68,4024.21,credited,
LED001780,CUS0025,deposit,2026-08-05 20:16:00,2026-08-05 22:07:00,PAY001780,INR,48744.63,85.278459,571.59,2891.3,3462.89,credited,
LED001781,CUS0055,deposit,2026-08-05 20:53:00,2026-08-05 21:33:00,PAY001781,INR,29320.3,85.217054,344.07,2946.25,3290.32,credited,
LED001782,CUS0141,deposit,2026-08-06 08:03:00,2026-08-06 09:20:00,PAY001782,INR,37864.61,85.140347,444.73,2256.3,2701.03,credited,
LED001783,CUS0077,deposit,2026-08-06 09:28:00,2026-08-06 12:05:00,PAY001783,MYR,227.86,4.433833,51.39,5498.3,5549.69,credited,
LED001784,CUS0108,deposit,2026-08-06 09:46:00,2026-08-06 11:34:00,PAY001784,INR,5101.89,85.152405,59.91,4992.71,5052.62,credited,
LED001785,CUS0025,deposit,2026-08-06 10:11:00,2026-08-06 12:47:00,PAY001785,INR,47474.7,85.092754,557.92,3462.89,4020.81,credited,
LED001786,CUS0011,deposit,2026-08-06 10:53:00,2026-08-06 12:56:00,PAY001786,INR,23726.54,85.349941,277.99,3060.76,3338.75,credited,
LED001787,CUS0144,deposit,2026-08-06 10:55:00,2026-08-06 12:09:00,PAY001787,INR,44803.71,85.136177,526.26,1883.01,2409.27,credited,
LED001788,CUS0146,deposit,2026-08-06 11:04:00,2026-08-06 12:16:00,PAY001788,MYR,1410.37,4.420766,319.03,3943.57,4262.6,credited,
LED001789,CUS0033,payout,2026-08-06 12:15:00,2026-08-06 15:47:00,PAY001789,INR,4977.31,84.190028,-59.12,4473.94,4414.82,debited,
LED001790,CUS0002,deposit,2026-08-06 14:03:00,2026-08-06 15:54:00,PAY001790,INR,34229.85,85.383429,400.9,4198.27,4599.17,credited,
LED001791,CUS0061,deposit,2026-08-06 15:31:00,2026-08-06 17:10:00,PAY001791,INR,3438.9,85.214021,40.36,3453.01,3493.37,credited,
LED001792,CUS0136,deposit,2026-08-06 16:02:00,2026-08-06 17:07:00,PAY001792,MYR,606.63,4.421193,137.21,1868.49,2005.7,credited,
LED001793,CUS0074,deposit,2026-08-06 16:05:00,2026-08-06 19:42:00,PAY001793,MYR,560.64,4.433911,126.44,2354.32,2480.76,credited,
LED001794,CUS0066,deposit,2026-08-06 16:18:00,2026-08-06 18:31:00,PAY001794,INR,32592.71,85.287052,382.15,2825.33,3207.48,credited,
LED001795,CUS0049,deposit,2026-08-06 16:34:00,2026-08-06 17:48:00,PAY001795,INR,37465.89,85.184328,439.82,5393.15,5832.97,credited,
LED001796,CUS0149,deposit,2026-08-06 16:52:00,2026-08-06 20:04:00,PAY001796,INR,6438.87,85.323709,75.46,2006.79,2082.25,credited,
LED001797,CUS0060,deposit,2026-08-06 17:53:00,2026-08-06 18:56:00,PAY001797,INR,49908.18,85.288471,585.17,2558.89,3144.06,credited,
LED001798,CUS0035,payout,2026-08-06 18:05:00,2026-08-06 19:28:00,PAY001798,INR,24428.4,84.26202,-289.91,1270.48,980.57,debited,
LED001799,CUS0029,deposit,2026-08-06 19:09:00,2026-08-06 19:44:00,PAY001799,INR,41583.55,85.268287,487.68,4060.3,4547.98,credited,
LED001800,CUS0115,deposit,2026-08-06 19:32:00,2026-08-06 23:13:00,PAY001800,INR,7646.99,85.162449,89.79,2054.51,2144.3,credited,
LED001801,CUS0084,deposit,2026-08-06 20:07:00,2026-08-06 22:31:00,PAY001801,INR,48873.88,85.342237,572.68,3856.4,4429.08,credited,
LED001802,CUS0052,deposit,2026-08-06 20:13:00,2026-08-06 21:09:00,PAY001802,MYR,1719.78,4.425636,388.59,3379.44,3768.03,credited,
LED001803,CUS0063,deposit,2026-08-07 08:23:00,2026-08-07 10:06:00,PAY001803,MYR,995.13,4.433737,224.44,4810.49,5034.93,credited,
LED001804,CUS0111,deposit,2026-08-07 08:31:00,2026-08-07 09:42:00,PAY001804,INR,23447.33,85.23997,275.07,3542.46,3817.53,credited,
LED001805,CUS0135,deposit,2026-08-07 08:51:00,2026-08-07 10:49:00,PAY001805,INR,14809.11,85.409327,173.39,2869.23,3042.62,credited,
LED001806,CUS0072,deposit,2026-08-07 09:43:00,2026-08-07 10:22:00,PAY001806,MYR,378.81,4.429966,85.51,3455.05,3540.56,credited,
LED001807,CUS0090,deposit,2026-08-07 10:47:00,2026-08-07 12:18:00,PAY001807,INR,15508.19,85.354091,181.69,3019.05,3200.74,credited,
LED001808,CUS0071,deposit,2026-08-07 10:50:00,2026-08-07 12:52:00,PAY001808,INR,42053.66,85.388885,492.5,3579.51,4072.01,credited,
LED001809,CUS0113,deposit,2026-08-07 11:00:00,2026-08-07 11:59:00,PAY001809,INR,45287.92,85.317868,530.81,1168.15,1698.96,credited,
LED001810,CUS0099,deposit,2026-08-07 11:44:00,2026-08-07 14:43:00,PAY001810,INR,11334.21,85.374137,132.76,2849.68,2982.44,credited,
LED001811,CUS0095,payout,2026-08-07 12:05:00,2026-08-07 12:53:00,PAY001811,INR,13585.04,84.175208,-161.39,2932.36,2770.97,debited,
LED001812,CUS0006,deposit,2026-08-07 12:23:00,2026-08-07 13:11:00,PAY001812,MYR,154.05,4.440715,34.69,5406.08,5440.77,credited,
LED001813,CUS0063,deposit,2026-08-07 14:23:00,2026-08-07 18:19:00,PAY001813,MYR,1522.74,4.431943,343.58,5034.93,5378.51,credited,
LED001814,CUS0136,payout,2026-08-07 14:52:00,2026-08-07 15:23:00,PAY001814,INR,926.16,84.349789,-10.98,2005.7,1994.72,debited,
LED001815,CUS0001,deposit,2026-08-07 14:52:00,2026-08-07 15:51:00,PAY001815,MYR,977.61,4.437548,220.3,1783.41,2003.71,credited,
LED001816,CUS0109,deposit,2026-08-07 16:24:00,2026-08-07 18:16:00,PAY001816,MYR,524.8,4.440262,118.19,4276.82,4395.01,credited,
LED001817,CUS0145,deposit,2026-08-07 17:04:00,2026-08-07 17:58:00,PAY001817,INR,28419.09,85.368549,332.9,1532.68,1865.58,credited,
LED001818,CUS0063,deposit,2026-08-07 17:11:00,2026-08-07 19:05:00,PAY001818,MYR,669.69,4.438553,150.88,5378.51,5529.39,credited,
LED001819,CUS0137,deposit,2026-08-07 17:27:00,2026-08-07 18:58:00,PAY001819,MYR,686.86,4.440937,154.67,3898.71,4053.38,credited,
LED001820,CUS0027,deposit,2026-08-07 17:37:00,2026-08-07 18:32:00,PAY001820,INR,28475.37,85.389328,333.48,2717.0,3050.48,credited,
LED001821,CUS0053,deposit,2026-08-07 18:27:00,2026-08-07 21:36:00,PAY001821,MYR,950.15,4.442847,213.86,2623.98,2837.84,credited,
LED001822,CUS0141,deposit,2026-08-07 18:37:00,2026-08-07 19:31:00,PAY001822,INR,22343.42,85.188947,262.28,2701.03,2963.31,credited,
LED001823,CUS0025,payout,2026-08-07 18:44:00,2026-08-07 19:50:00,PAY001823,INR,1736.45,84.211847,-20.62,4020.81,4000.19,debited,
LED001824,CUS0072,deposit,2026-08-07 19:17:00,2026-08-07 22:15:00,PAY001824,MYR,1296.75,4.429604,292.75,3540.56,3833.31,credited,
LED001825,CUS0061,deposit,2026-08-07 19:45:00,2026-08-07 21:05:00,PAY001825,INR,30782.81,85.18583,361.36,3493.37,3854.73,credited,
LED001826,CUS0138,deposit,2026-08-07 19:56:00,2026-08-07 21:05:00,PAY001826,MYR,1500.44,4.441508,337.82,2425.92,2763.74,credited,
LED001827,CUS0139,deposit,2026-08-07 20:18:00,2026-08-07 21:24:00,PAY001827,MYR,359.06,4.439696,80.87,3030.62,3111.49,credited,
LED001828,CUS0056,deposit,2026-08-07 20:30:00,2026-08-07 22:06:00,PAY001828,MYR,1597.57,4.441968,359.65,4275.78,4635.43,credited,
LED001829,CUS0059,deposit,2026-08-07 20:56:00,2026-08-07 22:13:00,PAY001829,INR,46278.15,85.325837,542.37,3013.19,3555.56,credited,
LED001830,CUS0092,deposit,2026-08-08 09:59:00,2026-08-08 13:11:00,PAY001830,MYR,1514.05,4.410281,343.3,2235.39,2578.69,credited,
LED001831,CUS0025,payout,2026-08-08 10:30:00,2026-08-08 13:03:00,PAY001831,INR,24898.21,84.572736,-294.4,4000.19,3705.79,debited,
LED001832,CUS0041,deposit,2026-08-08 10:53:00,2026-08-08 11:56:00,PAY001832,MYR,491.41,4.401399,111.65,4264.41,4376.06,credited,
LED001833,CUS0054,payout,2026-08-08 12:27:00,2026-08-08 14:17:00,PAY001833,INR,5697.29,84.630001,-67.32,3164.85,3097.53,debited,
LED001834,CUS0058,deposit,2026-08-08 12:30:00,2026-08-08 12:51:00,PAY001834,INR,31122.99,85.811473,362.69,4667.27,5029.96,credited,
LED001835,CUS0077,payout,2026-08-08 13:00:00,2026-08-08 15:05:00,PAY001835,INR,21348.12,84.687886,-252.08,5549.69,5297.61,debited,
LED001836,CUS0041,deposit,2026-08-08 13:07:00,2026-08-08 13:24:00,PAY001836,INR,23949.64,85.870459,278.9,4376.06,4654.96,credited,
LED001837,CUS0045,deposit,2026-08-08 13:23:00,2026-08-08 15:22:00,PAY001837,MYR,1378.35,4.398625,313.36,4725.56,5038.92,credited,
LED001838,CUS0055,payout,2026-08-08 13:48:00,2026-08-08 15:46:00,PAY001838,INR,2649.01,84.822705,-31.23,3290.32,3259.09,debited,
LED001839,CUS0043,deposit,2026-08-08 14:17:00,2026-08-08 17:21:00,PAY001839,MYR,554.3,4.402047,125.92,4564.38,4690.3,credited,
LED001840,CUS0041,deposit,2026-08-08 14:23:00,2026-08-08 17:35:00,PAY001840,MYR,1662.69,4.41363,376.72,4654.96,5031.68,credited,
LED001841,CUS0109,deposit,2026-08-08 14:25:00,2026-08-08 16:41:00,PAY001841,INR,9020.68,85.911621,105.0,4395.01,4500.01,credited,
LED001842,CUS0055,deposit,2026-08-08 14:53:00,2026-08-08 15:16:00,PAY001842,MYR,1854.64,4.402592,421.26,3259.09,3680.35,credited,
LED001843,CUS0138,deposit,2026-08-08 15:05:00,2026-08-08 16:29:00,PAY001843,MYR,945.79,4.403215,214.8,2763.74,2978.54,credited,
LED001844,CUS0033,deposit,2026-08-08 16:09:00,2026-08-08 18:00:00,PAY001844,INR,45091.13,85.857761,525.18,4414.82,4940.0,credited,
LED001845,CUS0102,deposit,2026-08-08 16:24:00,2026-08-08 19:43:00,PAY001845,INR,45511.98,85.776623,530.59,2633.79,3164.38,credited,
LED001846,CUS0047,deposit,2026-08-08 17:38:00,2026-08-08 19:34:00,PAY001846,INR,27181.76,85.60263,317.53,2251.82,2569.35,credited,
LED001847,CUS0013,deposit,2026-08-08 18:41:00,2026-08-08 21:56:00,PAY001847,INR,25666.59,85.666998,299.61,2584.19,2883.8,credited,
LED001848,CUS0142,deposit,2026-08-08 20:22:00,2026-08-08 23:16:00,PAY001848,INR,4636.61,85.667345,54.12,5041.9,5096.02,credited,
LED001849,CUS0086,deposit,2026-08-08 20:33:00,2026-08-08 21:26:00,PAY001849,INR,27670.92,85.673576,322.98,4556.52,4879.5,credited,
LED001850,CUS0053,deposit,2026-08-08 20:36:00,2026-08-08 22:22:00,PAY001850,MYR,305.23,4.406652,69.27,2837.84,2907.11,credited,
LED001851,CUS0114,deposit,2026-08-09 08:06:00,2026-08-09 11:28:00,PAY001851,INR,4036.04,85.336902,47.3,4654.25,4701.55,credited,
LED001852,CUS0083,deposit,2026-08-09 08:07:00,2026-08-09 11:24:00,PAY001852,INR,23314.51,85.411921,272.97,3211.35,3484.32,credited,
LED001853,CUS0003,deposit,2026-08-09 08:49:00,2026-08-09 12:29:00,PAY001853,MYR,1566.69,4.419653,354.48,4245.33,4599.81,credited,
LED001854,CUS0008,payout,2026-08-09 09:33:00,2026-08-09 11:09:00,PAY001854,INR,2891.91,84.435296,-34.25,3530.53,3496.28,debited,
LED001855,CUS0049,deposit,2026-08-09 10:03:00,2026-08-09 11:02:00,PAY001855,INR,24298.6,85.188317,285.23,5832.97,6118.2,credited,
LED001856,CUS0007,deposit,2026-08-09 10:28:00,2026-08-09 12:24:00,PAY001856,MYR,1446.87,4.420136,327.34,2868.43,3195.77,credited,
LED001857,CUS0130,deposit,2026-08-09 10:32:00,2026-08-09 12:08:00,PAY001857,MYR,1301.85,4.431028,293.8,1903.56,2197.36,credited,
LED001858,CUS0038,deposit,2026-08-09 10:44:00,2026-08-09 13:51:00,PAY001858,INR,30217.24,85.189139,354.71,5051.27,5405.98,credited,
LED001859,CUS0134,deposit,2026-08-09 11:06:00,2026-08-09 11:40:00,PAY001859,MYR,1823.2,4.424209,412.1,4716.72,5128.82,credited,
LED001860,CUS0074,deposit,2026-08-09 11:20:00,2026-08-09 11:56:00,PAY001860,INR,25320.06,85.441485,296.34,2480.76,2777.1,credited,
LED001861,CUS0130,deposit,2026-08-09 12:10:00,2026-08-09 12:24:00,PAY001861,MYR,886.34,4.427427,200.19,2197.36,2397.55,credited,
LED001862,CUS0067,deposit,2026-08-09 12:12:00,2026-08-09 14:16:00,PAY001862,INR,44346.74,85.161067,520.74,2077.16,2597.9,credited,
LED001863,CUS0133,deposit,2026-08-09 12:15:00,2026-08-09 13:24:00,PAY001863,MYR,571.91,4.420693,129.37,2624.25,2753.62,credited,
LED001864,CUS0061,deposit,2026-08-09 13:06:00,2026-08-09 14:52:00,PAY001864,MYR,843.56,4.429094,190.46,3854.73,4045.19,credited,
LED001865,CUS0095,deposit,2026-08-09 13:11:00,2026-08-09 15:09:00,PAY001865,INR,33235.53,85.49825,388.73,2770.97,3159.7,credited,
LED001866,CUS0097,deposit,2026-08-09 13:19:00,2026-08-09 16:31:00,PAY001866,INR,36615.18,85.428099,428.61,5664.25,6092.86,credited,
LED001867,CUS0014,payout,2026-08-09 14:14:00,2026-08-09 15:47:00,PAY001867,INR,10793.23,84.355074,-127.95,4391.6,4263.65,debited,
LED001868,CUS0005,deposit,2026-08-09 14:14:00,2026-08-09 17:56:00,PAY001868,MYR,1551.56,4.43007,350.23,3299.0,3649.23,credited,
LED001869,CUS0016,deposit,2026-08-09 14:19:00,2026-08-09 15:36:00,PAY001869,INR,13756.63,85.20304,161.46,4795.77,4957.23,credited,
LED001870,CUS0065,deposit,2026-08-09 14:33:00,2026-08-09 16:06:00,PAY001870,INR,41827.46,85.455443,489.47,1430.02,1919.49,credited,
LED001871,CUS0067,deposit,2026-08-09 15:26:00,2026-08-09 18:27:00,PAY001871,INR,48126.53,85.249405,564.54,2597.9,3162.44,credited,
LED001872,CUS0064,deposit,2026-08-09 15:36:00,2026-08-09 18:03:00,PAY001872,MYR,1045.86,4.42795,236.2,4100.74,4336.94,credited,
LED001873,CUS0017,deposit,2026-08-09 16:11:00,2026-08-09 17:28:00,PAY001873,INR,20285.58,85.340441,237.7,3208.35,3446.05,credited,
LED001874,CUS0103,deposit,2026-08-09 17:14:00,2026-08-09 19:21:00,PAY001874,INR,31144.2,85.20841,365.51,2896.42,3261.93,credited,
LED001875,CUS0079,payout,2026-08-09 17:59:00,2026-08-09 18:46:00,PAY001875,INR,10811.54,84.320238,-128.22,4018.09,3889.87,debited,
LED001876,CUS0034,deposit,2026-08-09 18:21:00,2026-08-09 21:09:00,PAY001876,INR,18728.7,85.460288,219.15,3803.06,4022.21,credited,
LED001877,CUS0065,deposit,2026-08-09 18:29:00,2026-08-09 19:37:00,PAY001877,INR,4567.33,85.195642,53.61,1919.49,1973.1,credited,
LED001878,CUS0100,deposit,2026-08-09 18:41:00,2026-08-09 21:10:00,PAY001878,MYR,338.64,4.424287,76.54,5353.3,5429.84,credited,
LED001879,CUS0011,deposit,2026-08-09 19:34:00,2026-08-09 21:24:00,PAY001879,MYR,397.58,4.434465,89.66,3338.75,3428.41,credited,
LED001880,CUS0048,deposit,2026-08-09 19:50:00,2026-08-09 20:43:00,PAY001880,MYR,608.85,4.425143,137.59,2820.07,2957.66,credited,
LED001881,CUS0079,deposit,2026-08-09 19:57:00,2026-08-09 22:09:00,PAY001881,INR,20853.99,85.320477,244.42,3889.87,4134.29,credited,
LED001882,CUS0136,deposit,2026-08-09 20:02:00,2026-08-09 21:02:00,PAY001882,MYR,1025.28,4.428208,231.53,1994.72,2226.25,credited,
LED001883,CUS0095,deposit,2026-08-09 20:02:00,2026-08-09 22:49:00,PAY001883,INR,12451.45,85.409545,145.79,3159.7,3305.49,credited,
LED001884,CUS0071,deposit,2026-08-09 20:09:00,2026-08-09 21:18:00,PAY001884,INR,16911.79,85.443552,197.93,4072.01,4269.94,credited,
LED001885,CUS0088,deposit,2026-08-09 20:10:00,2026-08-09 23:51:00,PAY001885,INR,2358.28,85.390054,27.62,4854.07,4881.69,credited,
LED001886,CUS0075,deposit,2026-08-09 20:15:00,2026-08-09 21:29:00,PAY001886,INR,12321.45,85.499089,144.11,2863.98,3008.09,credited,
LED001887,CUS0135,deposit,2026-08-09 20:49:00,2026-08-09 23:11:00,PAY001887,MYR,537.7,4.422564,121.58,3042.62,3164.2,credited,
LED001888,CUS0057,deposit,2026-08-10 08:11:00,2026-08-10 08:48:00,PAY001888,INR,40431.9,85.278587,474.12,2513.02,2987.14,credited,
LED001889,CUS0117,deposit,2026-08-10 08:30:00,2026-08-10 09:41:00,PAY001889,INR,26547.47,85.386625,310.91,1532.42,1843.33,credited,
LED001890,CUS0051,deposit,2026-08-10 09:47:00,2026-08-10 10:56:00,PAY001890,INR,12434.27,85.350844,145.68,3319.46,3465.14,credited,
LED001891,CUS0035,deposit,2026-08-10 10:10:00,2026-08-10 11:52:00,PAY001891,INR,20547.23,85.311983,240.85,980.57,1221.42,credited,
LED001892,CUS0009,deposit,2026-08-10 10:15:00,2026-08-10 11:40:00,PAY001892,INR,36306.36,85.445006,424.91,5263.72,5688.63,credited,
LED001893,CUS0084,deposit,2026-08-10 10:57:00,2026-08-10 11:56:00,PAY001893,MYR,1983.1,4.41355,449.32,4429.08,4878.4,credited,
LED001894,CUS0135,deposit,2026-08-10 11:00:00,2026-08-10 12:06:00,PAY001894,MYR,1786.89,4.413912,404.83,3164.2,3569.03,credited,
LED001895,CUS0007,payout,2026-08-10 12:05:00,2026-08-10 12:55:00,PAY001895,INR,25193.07,84.198626,-299.21,3195.77,2896.56,debited,
LED001896,CUS0107,deposit,2026-08-10 12:05:00,2026-08-10 13:36:00,PAY001896,INR,6044.72,85.258067,70.9,3850.62,3921.52,credited,
LED001897,CUS0097,deposit,2026-08-10 12:13:00,2026-08-10 15:46:00,PAY001897,INR,17025.67,85.227285,199.77,6092.86,6292.63,credited,
LED001898,CUS0073,deposit,2026-08-10 12:31:00,2026-08-10 15:16:00,PAY001898,MYR,1651.39,4.404829,374.9,3646.81,4021.71,credited,
LED001899,CUS0055,deposit,2026-08-10 12:44:00,2026-08-10 16:16:00,PAY001899,MYR,801.77,4.416341,181.55,3680.35,3861.9,credited,
LED001900,CUS0015,deposit,2026-08-10 13:35:00,2026-08-10 16:19:00,PAY001900,MYR,180.22,4.402537,40.94,3007.04,3047.98,credited,
LED001901,CUS0148,deposit,2026-08-10 13:45:00,2026-08-10 16:27:00,PAY001901,INR,14698.39,85.441068,172.03,4270.1,4442.13,credited,
LED001902,CUS0136,deposit,2026-08-10 13:55:00,2026-08-10 14:44:00,PAY001902,INR,24128.67,85.222836,283.12,2226.25,2509.37,credited,
LED001903,CUS0105,deposit,2026-08-10 13:55:00,2026-08-10 14:54:00,PAY001903,INR,10137.94,85.402055,118.71,2140.39,2259.1,credited,
LED001904,CUS0116,deposit,2026-08-10 14:05:00,2026-08-10 16:03:00,PAY001904,INR,14113.47,85.168969,165.71,2579.01,2744.72,credited,
LED001905,CUS0010,deposit,2026-08-10 14:39:00,2026-08-10 16:08:00,PAY001905,INR,34923.15,85.175358,410.01,2136.57,2546.58,credited,
LED001906,CUS0011,deposit,2026-08-10 15:39:00,2026-08-10 18:27:00,PAY001906,MYR,1664.28,4.416765,376.81,3428.41,3805.22,credited,
LED001907,CUS0102,deposit,2026-08-10 16:11:00,2026-08-10 17:01:00,PAY001907,MYR,874.48,4.404366,198.55,3164.38,3362.93,credited,
LED001908,CUS0033,deposit,2026-08-10 17:38:00,2026-08-10 17:50:00,PAY001908,INR,21612.54,85.183647,253.72,4940.0,5193.72,credited,
LED001909,CUS0015,deposit,2026-08-10 18:06:00,2026-08-10 19:27:00,PAY001909,INR,26252.7,85.442428,307.26,3047.98,3355.24,credited,
LED001910,CUS0023,deposit,2026-08-10 18:38:00,2026-08-10 19:14:00,PAY001910,MYR,1641.8,4.407191,372.53,5000.0,5372.53,credited,
LED001911,CUS0019,payout,2026-08-10 18:41:00,2026-08-10 19:47:00,PAY001911,INR,8681.4,84.359196,-102.91,4411.02,4308.11,debited,
LED001912,CUS0066,deposit,2026-08-10 19:11:00,2026-08-10 20:51:00,PAY001912,INR,44925.93,85.405834,526.03,3207.48,3733.51,credited,
LED001913,CUS0047,deposit,2026-08-10 19:44:00,2026-08-10 20:48:00,PAY001913,MYR,889.39,4.409153,201.71,2569.35,2771.06,credited,
LED001914,CUS0144,deposit,2026-08-10 20:33:00,2026-08-10 21:54:00,PAY001914,MYR,1298.98,4.407661,294.71,2409.27,2703.98,credited,
LED001915,CUS0068,payout,2026-08-11 08:12:00,2026-08-11 08:35:00,PAY001915,INR,8003.85,84.948488,-94.22,1920.79,1826.57,debited,
LED001916,CUS0142,deposit,2026-08-11 08:24:00,2026-08-11 11:13:00,PAY001916,INR,745.47,85.740656,8.69,5096.02,5104.71,credited,
LED001917,CUS0061,deposit,2026-08-11 09:05:00,2026-08-11 12:59:00,PAY001917,INR,24105.9,85.753906,281.11,4045.19,4326.3,credited,
LED001918,CUS0055,deposit,2026-08-11 09:16:00,2026-08-11 11:36:00,PAY001918,INR,12070.5,85.776163,140.72,3861.9,4002.62,credited,
LED001919,CUS0095,deposit,2026-08-11 11:33:00,2026-08-11 12:21:00,PAY001919,INR,22850.93,85.65464,266.78,3305.49,3572.27,credited,
LED001920,CUS0145,payout,2026-08-11 13:28:00,2026-08-11 14:41:00,PAY001920,INR,15129.37,84.786882,-178.44,1865.58,1687.14,debited,
LED001921,CUS0047,payout,2026-08-11 13:32:00,2026-08-11 15:49:00,PAY001921,MYR,1230.47,4.376734,-281.14,2771.06,2489.92,debited,
LED001922,CUS0147,deposit,2026-08-11 13:51:00,2026-08-11 17:03:00,PAY001922,INR,31376.89,85.774584,365.81,3524.05,3889.86,credited,
LED001923,CUS0076,deposit,2026-08-11 14:27:00,2026-08-11 17:55:00,PAY001923,MYR,1665.66,4.431054,375.91,5154.66,5530.57,credited,
LED001924,CUS0134,deposit,2026-08-11 14:50:00,2026-08-11 18:03:00,PAY001924,MYR,612.23,4.417251,138.6,5128.82,5267.42,credited,
LED001925,CUS0146,deposit,2026-08-11 17:58:00,2026-08-11 20:04:00,PAY001925,MYR,518.96,4.425916,117.25,4262.6,4379.85,credited,
LED001926,CUS0129,deposit,2026-08-12 08:23:00,2026-08-12 11:33:00,PAY001926,INR,44423.25,85.421,520.05,2660.12,3180.17,credited,
LED001927,CUS0049,deposit,2026-08-12 08:40:00,2026-08-12 10:01:00,PAY001927,INR,5863.57,85.646314,68.46,6118.2,6186.66,credited,
LED001928,CUS0111,deposit,2026-08-12 09:08:00,2026-08-12 11:40:00,PAY001928,INR,20508.5,85.585779,239.63,3817.53,4057.16,credited,
LED001929,CUS0006,deposit,2026-08-12 09:26:00,2026-08-12 11:42:00,PAY001929,MYR,1980.34,4.434236,446.6,5440.77,5887.37,credited,
LED001930,CUS0118,deposit,2026-08-12 10:01:00,2026-08-12 10:55:00,PAY001930,MYR,1534.67,4.434555,346.07,1821.49,2167.56,credited,
LED001931,CUS0056,deposit,2026-08-12 10:45:00,2026-08-12 12:22:00,PAY001931,MYR,639.72,4.426288,144.53,4635.43,4779.96,credited,
LED001932,CUS0093,deposit,2026-08-12 11:24:00,2026-08-12 13:51:00,PAY001932,INR,32684.38,85.431727,382.58,4438.96,4821.54,credited,
LED001933,CUS0073,payout,2026-08-12 12:39:00,2026-08-12 14:39:00,PAY001933,INR,21156.41,84.585048,-250.12,4021.71,3771.59,debited,
LED001934,CUS0145,deposit,2026-08-12 13:27:00,2026-08-12 15:01:00,PAY001934,INR,30695.35,85.655995,358.36,1687.14,2045.5,credited,
LED001935,CUS0092,deposit,2026-08-12 13:35:00,2026-08-12 14:45:00,PAY001935,INR,27452.77,85.459239,321.24,2578.69,2899.93,credited,
LED001936,CUS0141,payout,2026-08-12 14:31:00,2026-08-12 16:35:00,PAY001936,MYR,529.69,4.380834,-120.91,2963.31,2842.4,debited,
LED001937,CUS0056,deposit,2026-08-12 14:51:00,2026-08-12 17:51:00,PAY001937,MYR,59.42,4.43438,13.4,4779.96,4793.36,credited,
LED001938,CUS0038,deposit,2026-08-12 16:31:00,2026-08-12 19:12:00,PAY001938,MYR,1539.99,4.424947,348.02,5405.98,5754.0,credited,
LED001939,CUS0031,deposit,2026-08-12 16:49:00,2026-08-12 18:33:00,PAY001939,MYR,526.3,4.440587,118.52,4847.57,4966.09,credited,
LED001940,CUS0039,payout,2026-08-12 17:09:00,2026-08-12 19:28:00,PAY001940,MYR,349.89,4.38619,-79.77,2094.5,2014.73,debited,
LED001941,CUS0011,deposit,2026-08-12 17:12:00,2026-08-12 18:30:00,PAY001941,MYR,1713.63,4.434303,386.45,3805.22,4191.67,credited,
LED001942,CUS0132,deposit,2026-08-12 17:44:00,2026-08-12 20:28:00,PAY001942,INR,21995.28,85.320657,257.8,2790.94,3048.74,credited,
LED001943,CUS0015,deposit,2026-08-12 19:25:00,2026-08-12 21:42:00,PAY001943,MYR,260.06,4.424315,58.78,3355.24,3414.02,credited,
LED001944,CUS0050,deposit,2026-08-12 19:35:00,2026-08-12 21:58:00,PAY001944,INR,40808.53,85.345989,478.15,3091.91,3570.06,credited,
LED001945,CUS0017,deposit,2026-08-12 19:51:00,2026-08-12 20:50:00,PAY001945,INR,19071.98,85.336708,223.49,3446.05,3669.54,credited,
LED001946,CUS0019,deposit,2026-08-12 19:55:00,2026-08-12 21:26:00,PAY001946,MYR,1719.94,4.424625,0.0,4308.11,4308.11,pending,
LED001947,CUS0046,payout,2026-08-12 20:10:00,2026-08-12 22:41:00,PAY001947,MYR,1141.5,4.386351,-260.24,4773.37,4513.13,debited,
LED001948,CUS0037,deposit,2026-08-13 08:22:00,2026-08-13 10:16:00,PAY001948,MYR,129.09,4.413555,29.25,3660.84,3690.09,credited,
LED001949,CUS0127,payout,2026-08-13 08:30:00,2026-08-13 11:27:00,PAY001949,MYR,601.2,4.363141,-137.79,1859.41,1721.62,debited,
LED001950,CUS0115,deposit,2026-08-13 10:21:00,2026-08-13 12:58:00,PAY001950,MYR,1774.31,4.40509,402.79,2144.3,2547.09,credited,
LED001951,CUS0036,deposit,2026-08-13 11:02:00,2026-08-13 14:21:00,PAY001951,MYR,708.76,4.414072,160.57,5221.34,5381.91,credited,
LED001952,CUS0126,deposit,2026-08-13 11:10:00,2026-08-13 14:16:00,PAY001952,INR,36386.91,85.804655,424.07,3145.84,3569.91,credited,
LED001953,CUS0042,deposit,2026-08-13 11:31:00,2026-08-13 14:15:00,PAY001953,MYR,1143.88,4.418513,258.88,5545.21,5804.09,credited,
LED001954,CUS0135,deposit,2026-08-13 12:18:00,2026-08-13 13:35:00,PAY001954,MYR,1359.03,4.402627,308.69,3569.03,3877.72,credited,
LED001955,CUS0117,deposit,2026-08-13 12:38:00,2026-08-13 14:16:00,PAY001955,INR,11989.6,85.616953,140.04,1843.33,1983.37,credited,
LED001956,CUS0044,deposit,2026-08-13 12:52:00,2026-08-13 14:46:00,PAY001956,MYR,429.16,4.40854,97.35,5282.78,5380.13,credited,
LED001957,CUS0021,deposit,2026-08-13 12:59:00,2026-08-13 14:51:00,PAY001957,MYR,944.58,4.411836,214.1,4149.2,4363.3,credited,
LED001958,CUS0021,deposit,2026-08-13 13:09:00,2026-08-13 13:39:00,PAY001958,INR,30344.9,85.781397,353.75,4363.3,4717.05,credited,
LED001959,CUS0109,deposit,2026-08-13 13:22:00,2026-08-13 16:21:00,PAY001959,INR,12279.66,85.623959,143.41,4500.01,4643.42,credited,
LED001960,CUS0127,deposit,2026-08-13 13:24:00,2026-08-13 15:22:00,PAY001960,MYR,1105.84,4.404561,251.07,1721.62,1972.69,credited,
LED001961,CUS0115,deposit,2026-08-13 13:59:00,2026-08-13 17:29:00,PAY001961,INR,4179.63,85.614193,48.82,2547.09,2595.91,credited,
LED001962,CUS0013,payout,2026-08-13 14:19:00,2026-08-13 16:03:00,PAY001962,MYR,962.39,4.363787,-220.54,2883.8,2663.26,debited,
LED001963,CUS0102,deposit,2026-08-13 14:33:00,2026-08-13 15:42:00,PAY001963,MYR,609.21,4.403069,138.36,3362.93,3501.29,credited,
LED001964,CUS0073,deposit,2026-08-13 14:48:00,2026-08-13 16:22:00,PAY001964,INR,49748.98,85.696749,580.52,3771.59,4352.11,credited,
LED001965,CUS0027,deposit,2026-08-13 14:53:00,2026-08-13 17:21:00,PAY001965,INR,20218.8,85.782774,235.7,3050.48,3286.18,credited,
LED001966,CUS0128,deposit,2026-08-13 15:26:00,2026-08-13 17:13:00,PAY001966,INR,33530.18,85.859235,390.53,4400.92,4791.45,credited,
LED001967,CUS0042,deposit,2026-08-13 15:36:00,2026-08-13 18:44:00,PAY001967,INR,32133.59,85.57469,375.5,5804.09,6179.59,credited,
LED001968,CUS0050,deposit,2026-08-13 15:44:00,2026-08-13 17:47:00,PAY001968,INR,13424.37,85.584002,156.86,3570.06,3726.92,credited,
LED001969,CUS0126,deposit,2026-08-13 15:49:00,2026-08-13 19:28:00,PAY001969,MYR,1575.26,4.415186,356.78,3569.91,3926.69,credited,
LED001970,CUS0110,deposit,2026-08-13 16:22:00,2026-08-13 18:22:00,PAY001970,MYR,1737.17,4.406352,394.24,2937.33,3331.57,credited,
LED001971,CUS0132,deposit,2026-08-13 18:00:00,2026-08-13 21:20:00,PAY001971,INR,9272.22,85.849497,108.01,3048.74,3156.75,credited,
LED001972,CUS0059,deposit,2026-08-13 18:51:00,2026-08-13 21:39:00,PAY001972,MYR,1157.68,4.40274,262.95,3555.56,3818.51,credited,
LED001973,CUS0140,deposit,2026-08-13 18:55:00,2026-08-13 21:15:00,PAY001973,INR,36099.55,85.717893,421.14,2290.12,2711.26,credited,
LED001974,CUS0016,deposit,2026-08-13 19:25:00,2026-08-13 21:53:00,PAY001974,INR,20431.64,85.704434,238.4,4957.23,5195.63,credited,
LED001975,CUS0038,deposit,2026-08-13 19:57:00,2026-08-13 20:29:00,PAY001975,MYR,1724.4,4.41137,390.9,5754.0,6144.9,credited,
LED001976,CUS0037,payout,2026-08-13 20:03:00,2026-08-13 21:03:00,PAY001976,INR,2917.24,84.655872,-34.46,3690.09,3655.63,debited,
LED001977,CUS0084,deposit,2026-08-13 20:38:00,2026-08-13 21:31:00,PAY001977,INR,33857.21,85.764645,0.0,4878.4,4878.4,declined,risk_rule_after_psp_success
LED001978,CUS0086,deposit,2026-08-14 08:00:00,2026-08-14 10:59:00,PAY001978,MYR,1091.98,4.410984,247.56,4879.5,5127.06,credited,
LED001979,CUS0104,deposit,2026-08-14 08:21:00,2026-08-14 09:18:00,PAY001979,INR,28686.87,85.297937,336.31,2204.7,2541.01,credited,
LED001980,CUS0147,deposit,2026-08-14 08:54:00,2026-08-14 11:50:00,PAY001980,INR,7367.83,85.088604,86.59,3889.86,3976.45,credited,
LED001981,CUS0011,payout,2026-08-14 09:18:00,2026-08-14 12:29:00,PAY001981,MYR,751.97,4.380047,-171.68,4191.67,4019.99,debited,
LED001982,CUS0139,payout,2026-08-14 09:22:00,2026-08-14 12:42:00,PAY001982,MYR,409.78,4.370951,-93.75,3111.49,3017.74,debited,
LED001983,CUS0033,payout,2026-08-14 09:52:00,2026-08-14 11:01:00,PAY001983,INR,22672.8,84.370188,-268.73,5193.72,4924.99,debited,
LED001984,CUS0059,deposit,2026-08-14 10:56:00,2026-08-14 13:47:00,PAY001984,MYR,1334.76,4.424836,301.65,3818.51,4120.16,credited,
LED001985,CUS0075,deposit,2026-08-14 12:39:00,2026-08-14 14:57:00,PAY001985,MYR,1307.29,4.419691,295.79,3008.09,3303.88,credited,
LED001986,CUS0132,payout,2026-08-14 12:58:00,2026-08-14 14:01:00,PAY001986,MYR,747.2,4.381643,-170.53,3156.75,2986.22,debited,
LED001987,CUS0116,deposit,2026-08-14 13:55:00,2026-08-14 16:39:00,PAY001987,INR,31490.26,85.160478,369.78,2744.72,3114.5,credited,
LED001988,CUS0113,deposit,2026-08-14 14:34:00,2026-08-14 15:40:00,PAY001988,INR,5037.45,85.300846,59.06,1698.96,1758.02,credited,
LED001989,CUS0123,deposit,2026-08-14 15:48:00,2026-08-14 18:53:00,PAY001989,MYR,416.1,4.418634,94.17,3405.37,3499.54,credited,
LED001990,CUS0116,deposit,2026-08-14 17:30:00,2026-08-14 18:34:00,PAY001990,INR,14107.55,85.382202,165.23,3114.5,3279.73,credited,
LED001991,CUS0119,payout,2026-08-14 17:50:00,2026-08-14 20:43:00,PAY001991,INR,12940.43,84.291469,-153.52,4123.98,3970.46,debited,
LED001992,CUS0148,deposit,2026-08-14 18:01:00,2026-08-14 20:47:00,PAY001992,MYR,1833.18,4.420303,414.72,4442.13,4856.85,credited,
LED001993,CUS0034,payout,2026-08-14 18:31:00,2026-08-14 21:16:00,PAY001993,INR,8671.77,84.331097,-102.83,4022.21,3919.38,debited,
LED001994,CUS0010,deposit,2026-08-14 18:59:00,2026-08-14 21:41:00,PAY001994,MYR,1587.34,4.428297,358.45,2546.58,2905.03,credited,
LED001995,CUS0048,deposit,2026-08-14 19:31:00,2026-08-14 21:00:00,PAY001995,INR,34275.77,85.199695,402.3,2957.66,3359.96,credited,
LED001996,CUS0008,deposit,2026-08-14 19:36:00,2026-08-14 22:02:00,PAY001996,INR,33346.72,85.300922,390.93,3496.28,3887.21,credited,
LED001997,CUS0085,deposit,2026-08-14 19:39:00,2026-08-14 22:12:00,PAY001997,MYR,1380.66,4.417456,312.55,4443.5,4756.05,credited,
LED001998,CUS0043,payout,2026-08-14 19:57:00,2026-08-14 22:32:00,PAY001998,INR,7675.84,84.275839,-91.08,4690.3,4599.22,debited,
LED001999,CUS0069,payout,2026-08-14 20:15:00,2026-08-14 23:00:00,PAY001999,MYR,363.03,4.381754,-82.85,2527.67,2444.82,debited,
LED002000,CUS0051,deposit,2026-08-14 20:20:00,2026-08-17 09:45:00,PAY002000,MYR,306.5,4.421216,0.0,3465.14,3465.14,pending,
