statement_entry_id,event_timestamp,currency,transaction_type,entry_type,reference_id,psp_record_id,entry_amount_local,balance_before_local,balance_after_local
STM000001,2026-05-18 09:38:00,INR,deposit,deposit_received,PAY000001,PSP000001,27693.6,0.0,27693.6
STM000002,2026-05-18 09:39:00,INR,deposit,psp_fee,PAY000001,PSP000001,-664.65,27693.6,27028.95
STM000003,2026-05-18 11:23:00,MYR,deposit,deposit_received,PAY000002,PSP000002,170.35,0.0,170.35
STM000004,2026-05-18 11:24:00,MYR,deposit,psp_fee,PAY000002,PSP000002,-4.09,170.35,166.26
STM000005,2026-05-18 11:48:00,MYR,deposit,deposit_received,PAY000003,PSP000003,286.25,166.26,452.51
STM000006,2026-05-18 11:49:00,MYR,deposit,psp_fee,PAY000003,PSP000003,-6.87,452.51,445.64
STM000007,2026-05-18 12:51:00,MYR,deposit,deposit_received,PAY000005,PSP000005,684.69,445.64,1130.33
STM000008,2026-05-18 12:52:00,MYR,deposit,psp_fee,PAY000005,PSP000005,-16.43,1130.33,1113.9
STM000009,2026-05-18 13:15:00,INR,deposit,deposit_received,PAY000004,PSP000004,4762.92,27028.95,31791.87
STM000010,2026-05-18 13:16:00,INR,deposit,psp_fee,PAY000004,PSP000004,-114.31,31791.87,31677.56
STM000011,2026-05-18 13:43:00,INR,deposit,deposit_received,PAY000006,PSP000006,28605.57,31677.56,60283.13
STM000012,2026-05-18 13:44:00,INR,deposit,psp_fee,PAY000006,PSP000006,-686.53,60283.13,59596.6
STM000013,2026-05-18 16:12:00,MYR,deposit,deposit_received,PAY000007,PSP000007,1378.42,1113.9,2492.32
STM000014,2026-05-18 16:13:00,MYR,deposit,psp_fee,PAY000007,PSP000007,-33.08,2492.32,2459.24
STM000015,2026-05-18 16:54:00,INR,deposit,deposit_received,PAY000008,PSP000008,43124.27,59596.6,102720.87
STM000016,2026-05-18 16:55:00,INR,deposit,psp_fee,PAY000008,PSP000008,-1034.98,102720.87,101685.89
STM000017,2026-05-18 17:51:00,MYR,payout,payout_sent,PAY000009,PSP000009,-1040.83,2459.24,1418.41
STM000018,2026-05-18 17:52:00,MYR,payout,psp_fee,PAY000009,PSP000009,-24.98,1418.41,1393.43
STM000019,2026-05-18 18:10:00,INR,deposit,deposit_received,PAY000011,PSP000011,30419.79,101685.89,132105.68
STM000020,2026-05-18 18:11:00,INR,deposit,psp_fee,PAY000011,PSP000011,-730.07,132105.68,131375.61
STM000021,2026-05-18 19:29:00,MYR,deposit,deposit_received,PAY000010,PSP000010,252.39,1393.43,1645.82
STM000022,2026-05-18 19:30:00,MYR,deposit,psp_fee,PAY000010,PSP000010,-6.06,1645.82,1639.76
STM000023,2026-05-18 20:19:00,MYR,deposit,deposit_received,PAY000013,PSP000013,1193.36,1639.76,2833.12
STM000024,2026-05-18 20:20:00,MYR,deposit,psp_fee,PAY000013,PSP000013,-28.64,2833.12,2804.48
STM000025,2026-05-18 20:45:00,INR,deposit,deposit_received,PAY000014,PSP000014,19498.91,131375.61,150874.52
STM000026,2026-05-18 20:46:00,INR,deposit,psp_fee,PAY000014,PSP000014,-467.97,150874.52,150406.55
STM000027,2026-05-18 20:47:00,INR,deposit,deposit_received,PAY000012,PSP000012,16630.55,150406.55,167037.1
STM000028,2026-05-18 20:48:00,INR,deposit,psp_fee,PAY000012,PSP000012,-399.13,167037.1,166637.97
STM000029,2026-05-18 21:08:00,MYR,deposit,deposit_received,PAY000015,PSP000015,1147.41,2804.48,3951.89
STM000030,2026-05-18 21:09:00,MYR,deposit,psp_fee,PAY000015,PSP000015,-27.54,3951.89,3924.35
STM000031,2026-05-18 21:11:00,MYR,deposit,deposit_received,PAY000017,PSP000017,670.99,3924.35,4595.34
STM000032,2026-05-18 21:12:00,MYR,deposit,psp_fee,PAY000017,PSP000017,-16.1,4595.34,4579.24
STM000033,2026-05-18 21:15:00,MYR,deposit,deposit_received,PAY000018,PSP000018,167.13,4579.24,4746.37
STM000034,2026-05-18 21:16:00,MYR,deposit,psp_fee,PAY000018,PSP000018,-4.01,4746.37,4742.36
STM000035,2026-05-18 21:34:00,MYR,deposit,deposit_received,PAY000019,PSP000019,208.35,4742.36,4950.71
STM000036,2026-05-18 21:35:00,MYR,deposit,psp_fee,PAY000019,PSP000019,-5.0,4950.71,4945.71
STM000037,2026-05-18 22:32:00,INR,deposit,deposit_received,PAY000016,PSP000016,37098.67,166637.97,203736.64
STM000038,2026-05-18 22:33:00,INR,deposit,psp_fee,PAY000016,PSP000016,-890.37,203736.64,202846.27
STM000039,2026-05-19 10:46:00,INR,deposit,deposit_received,PAY000020,PSP000020,22922.23,202846.27,225768.5
STM000040,2026-05-19 10:47:00,INR,deposit,psp_fee,PAY000020,PSP000020,-550.13,225768.5,225218.37
STM000041,2026-05-19 12:22:00,INR,deposit,deposit_received,PAY000024,PSP000024,5930.07,225218.37,231148.44
STM000042,2026-05-19 12:23:00,INR,deposit,psp_fee,PAY000024,PSP000024,-142.32,231148.44,231006.12
STM000043,2026-05-19 12:47:00,MYR,deposit,deposit_received,PAY000021,PSP000021,620.48,4945.71,5566.19
STM000044,2026-05-19 12:48:00,MYR,deposit,psp_fee,PAY000021,PSP000021,-14.89,5566.19,5551.3
STM000045,2026-05-19 13:00:00,MYR,deposit,deposit_received,PAY000022,PSP000022,1980.87,5551.3,7532.17
STM000046,2026-05-19 13:01:00,MYR,deposit,psp_fee,PAY000022,PSP000022,-47.54,7532.17,7484.63
STM000047,2026-05-19 13:10:00,INR,deposit,deposit_received,PAY000027,PSP000027,42078.15,231006.12,273084.27
STM000048,2026-05-19 13:11:00,INR,deposit,psp_fee,PAY000027,PSP000027,-1009.88,273084.27,272074.39
STM000049,2026-05-19 13:22:00,INR,payout,payout_sent,PAY000028,PSP000028,-16677.01,272074.39,255397.38
STM000050,2026-05-19 13:23:00,INR,payout,psp_fee,PAY000028,PSP000028,-400.25,255397.38,254997.13
STM000051,2026-05-19 13:27:00,MYR,deposit,deposit_received,PAY000023,PSP000023,152.95,7484.63,7637.58
STM000052,2026-05-19 13:28:00,MYR,deposit,psp_fee,PAY000023,PSP000023,-3.67,7637.58,7633.91
STM000053,2026-05-19 13:41:00,INR,deposit,deposit_received,PAY000025,PSP000025,31448.11,254997.13,286445.24
STM000054,2026-05-19 13:42:00,INR,deposit,psp_fee,PAY000025,PSP000025,-754.75,286445.24,285690.49
STM000055,2026-05-19 14:19:00,MYR,payout,payout_sent,PAY000026,PSP000026,-882.69,7633.91,6751.22
STM000056,2026-05-19 14:20:00,MYR,payout,psp_fee,PAY000026,PSP000026,-21.18,6751.22,6730.04
STM000057,2026-05-19 18:20:00,MYR,deposit,deposit_received,PAY000029,PSP000029,196.79,6730.04,6926.83
STM000058,2026-05-19 18:21:00,MYR,deposit,psp_fee,PAY000029,PSP000029,-4.72,6926.83,6922.11
STM000059,2026-05-19 19:29:00,MYR,deposit,deposit_received,PAY000033,PSP000033,1165.41,6922.11,8087.52
STM000060,2026-05-19 19:30:00,MYR,deposit,psp_fee,PAY000033,PSP000033,-27.97,8087.52,8059.55
STM000061,2026-05-19 19:51:00,MYR,deposit,deposit_received,PAY000031,PSP000031,787.89,8059.55,8847.44
STM000062,2026-05-19 19:52:00,MYR,deposit,psp_fee,PAY000031,PSP000031,-18.91,8847.44,8828.53
STM000063,2026-05-19 20:04:00,MYR,deposit,deposit_received,PAY000032,PSP000032,1011.37,8828.53,9839.9
STM000064,2026-05-19 20:05:00,MYR,deposit,psp_fee,PAY000032,PSP000032,-24.27,9839.9,9815.63
STM000065,2026-05-19 20:16:00,MYR,payout,payout_sent,PAY000030,PSP000030,-834.41,9815.63,8981.22
STM000066,2026-05-19 20:17:00,MYR,payout,psp_fee,PAY000030,PSP000030,-20.03,8981.22,8961.19
STM000067,2026-05-20 08:40:00,MYR,deposit,deposit_received,PAY000034,PSP000034,1173.13,8961.19,10134.32
STM000068,2026-05-20 08:41:00,MYR,deposit,psp_fee,PAY000034,PSP000034,-28.16,10134.32,10106.16
STM000069,2026-05-20 10:10:00,MYR,deposit,deposit_received,PAY000037,PSP000037,1084.02,10106.16,11190.18
STM000070,2026-05-20 10:11:00,MYR,deposit,psp_fee,PAY000037,PSP000037,-26.02,11190.18,11164.16
STM000071,2026-05-20 11:07:00,INR,deposit,deposit_received,PAY000036,PSP000036,34361.66,285690.49,320052.15
STM000072,2026-05-20 11:08:00,INR,deposit,psp_fee,PAY000036,PSP000036,-824.68,320052.15,319227.47
STM000073,2026-05-20 11:15:00,MYR,deposit,deposit_received,PAY000035,PSP000035,1061.01,11164.16,12225.17
STM000074,2026-05-20 11:16:00,MYR,deposit,psp_fee,PAY000035,PSP000035,-25.46,12225.17,12199.71
STM000075,2026-05-20 11:27:00,MYR,deposit,deposit_received,PAY000039,PSP000039,599.74,12199.71,12799.45
STM000076,2026-05-20 11:28:00,MYR,deposit,psp_fee,PAY000039,PSP000039,-14.39,12799.45,12785.06
STM000077,2026-05-20 12:15:00,MYR,deposit,deposit_received,PAY000038,PSP000038,1160.71,12785.06,13945.77
STM000078,2026-05-20 12:16:00,MYR,deposit,psp_fee,PAY000038,PSP000038,-27.86,13945.77,13917.91
STM000079,2026-05-20 14:19:00,MYR,deposit,deposit_received,PAY000040,PSP000040,543.07,13917.91,14460.98
STM000080,2026-05-20 14:20:00,MYR,deposit,psp_fee,PAY000040,PSP000040,-13.03,14460.98,14447.95
STM000081,2026-05-20 15:06:00,MYR,deposit,deposit_received,PAY000042,PSP000042,1026.02,14447.95,15473.97
STM000082,2026-05-20 15:07:00,MYR,deposit,psp_fee,PAY000042,PSP000042,-24.62,15473.97,15449.35
STM000083,2026-05-20 16:05:00,INR,deposit,deposit_received,PAY000041,PSP000041,40540.34,319227.47,359767.81
STM000084,2026-05-20 16:06:00,INR,deposit,psp_fee,PAY000041,PSP000041,-972.97,359767.81,358794.84
STM000085,2026-05-20 16:16:00,INR,deposit,deposit_received,PAY000043,PSP000043,42963.99,358794.84,401758.83
STM000086,2026-05-20 16:17:00,INR,deposit,psp_fee,PAY000043,PSP000043,-1031.14,401758.83,400727.69
STM000087,2026-05-20 18:25:00,INR,deposit,deposit_received,PAY000044,PSP000044,33128.2,400727.69,433855.89
STM000088,2026-05-20 18:26:00,INR,deposit,psp_fee,PAY000044,PSP000044,-795.08,433855.89,433060.81
STM000089,2026-05-20 19:12:00,INR,deposit,deposit_received,PAY000045,PSP000045,24503.47,433060.81,457564.28
STM000090,2026-05-20 19:13:00,INR,deposit,psp_fee,PAY000045,PSP000045,-588.08,457564.28,456976.2
STM000091,2026-05-20 19:41:00,INR,deposit,deposit_received,PAY000046,PSP000046,48383.61,456976.2,505359.81
STM000092,2026-05-20 19:42:00,INR,deposit,psp_fee,PAY000046,PSP000046,-1161.21,505359.81,504198.6
STM000093,2026-05-20 20:29:00,INR,deposit,deposit_received,PAY000047,PSP000047,38633.21,504198.6,542831.81
STM000094,2026-05-20 20:30:00,INR,deposit,psp_fee,PAY000047,PSP000047,-927.2,542831.81,541904.61
STM000095,2026-05-20 21:19:00,MYR,deposit,deposit_received,PAY000048,PSP000048,445.39,15449.35,15894.74
STM000096,2026-05-20 21:20:00,MYR,deposit,psp_fee,PAY000048,PSP000048,-10.69,15894.74,15884.05
STM000097,2026-05-21 11:05:00,MYR,deposit,deposit_received,PAY000049,PSP000049,133.47,15884.05,16017.52
STM000098,2026-05-21 11:06:00,MYR,deposit,psp_fee,PAY000049,PSP000049,-3.2,16017.52,16014.32
STM000099,2026-05-21 12:21:00,MYR,deposit,deposit_received,PAY000050,PSP000050,490.31,16014.32,16504.63
STM000100,2026-05-21 12:22:00,MYR,deposit,psp_fee,PAY000050,PSP000050,-11.77,16504.63,16492.86
STM000101,2026-05-21 12:48:00,MYR,payout,payout_sent,PAY000052,PSP000052,-527.93,16492.86,15964.93
STM000102,2026-05-21 12:49:00,MYR,payout,psp_fee,PAY000052,PSP000052,-12.67,15964.93,15952.26
STM000103,2026-05-21 13:06:00,MYR,payout,payout_sent,PAY000051,PSP000051,-714.8,15952.26,15237.46
STM000104,2026-05-21 13:07:00,MYR,payout,psp_fee,PAY000051,PSP000051,-17.16,15237.46,15220.3
STM000105,2026-05-21 14:48:00,INR,deposit,deposit_received,PAY000056,PSP000056,16006.86,541904.61,557911.47
STM000106,2026-05-21 14:49:00,INR,deposit,psp_fee,PAY000056,PSP000056,-384.16,557911.47,557527.31
STM000107,2026-05-21 15:01:00,MYR,payout,payout_sent,PAY000054,PSP000054,-1058.2,15220.3,14162.1
STM000108,2026-05-21 15:02:00,MYR,payout,psp_fee,PAY000054,PSP000054,-25.4,14162.1,14136.7
STM000109,2026-05-21 15:33:00,INR,deposit,deposit_received,PAY000053,PSP000053,32052.5,557527.31,589579.81
STM000110,2026-05-21 15:34:00,INR,deposit,psp_fee,PAY000053,PSP000053,-769.26,589579.81,588810.55
STM000111,2026-05-21 16:38:00,MYR,payout,payout_sent,PAY000055,PSP000055,-890.76,14136.7,13245.94
STM000112,2026-05-21 16:39:00,MYR,payout,psp_fee,PAY000055,PSP000055,-21.38,13245.94,13224.56
STM000113,2026-05-21 17:05:00,MYR,deposit,deposit_received,PAY000058,PSP000058,526.24,13224.56,13750.8
STM000114,2026-05-21 17:06:00,MYR,deposit,psp_fee,PAY000058,PSP000058,-12.63,13750.8,13738.17
STM000115,2026-05-21 17:25:00,INR,deposit,deposit_received,PAY000057,PSP000057,20856.81,588810.55,609667.36
STM000116,2026-05-21 17:26:00,INR,deposit,psp_fee,PAY000057,PSP000057,-500.56,609667.36,609166.8
STM000117,2026-05-21 21:19:00,INR,deposit,deposit_received,PAY000059,PSP000059,47549.2,609166.8,656716.0
STM000118,2026-05-21 21:20:00,INR,deposit,psp_fee,PAY000059,PSP000059,-1141.18,656716.0,655574.82
STM000119,2026-05-21 22:43:00,INR,payout,payout_sent,PAY000061,PSP000061,-7085.71,655574.82,648489.11
STM000120,2026-05-21 22:44:00,INR,payout,psp_fee,PAY000061,PSP000061,-170.06,648489.11,648319.05
STM000121,2026-05-21 23:20:00,INR,deposit,deposit_received,PAY000060,PSP000060,19109.94,648319.05,667428.99
STM000122,2026-05-21 23:21:00,INR,deposit,psp_fee,PAY000060,PSP000060,-458.64,667428.99,666970.35
STM000123,2026-05-22 10:46:00,MYR,deposit,deposit_received,PAY000063,PSP000063,576.26,13738.17,14314.43
STM000124,2026-05-22 10:47:00,MYR,deposit,psp_fee,PAY000063,PSP000063,-13.83,14314.43,14300.6
STM000125,2026-05-22 11:50:00,MYR,deposit,deposit_received,PAY000064,PSP000064,538.73,14300.6,14839.33
STM000126,2026-05-22 11:51:00,MYR,deposit,psp_fee,PAY000064,PSP000064,-12.93,14839.33,14826.4
STM000127,2026-05-22 11:56:00,MYR,payout,payout_sent,PAY000065,PSP000065,-814.16,14826.4,14012.24
STM000128,2026-05-22 11:57:00,MYR,payout,psp_fee,PAY000065,PSP000065,-19.54,14012.24,13992.7
STM000129,2026-05-22 12:24:00,INR,deposit,deposit_received,PAY000067,PSP000067,5612.71,666970.35,672583.06
STM000130,2026-05-22 12:25:00,INR,deposit,psp_fee,PAY000067,PSP000067,-134.71,672583.06,672448.35
STM000131,2026-05-22 12:29:00,MYR,deposit,deposit_received,PAY000066,PSP000066,1544.35,13992.7,15537.05
STM000132,2026-05-22 12:30:00,MYR,deposit,psp_fee,PAY000066,PSP000066,-37.06,15537.05,15499.99
STM000133,2026-05-22 12:44:00,INR,payout,payout_sent,PAY000062,PSP000062,-19694.09,672448.35,652754.26
STM000134,2026-05-22 12:45:00,INR,payout,psp_fee,PAY000062,PSP000062,-472.66,652754.26,652281.6
STM000135,2026-05-22 13:21:00,MYR,deposit,deposit_received,PAY000068,PSP000068,1796.13,15499.99,17296.12
STM000136,2026-05-22 13:22:00,MYR,deposit,psp_fee,PAY000068,PSP000068,-43.11,17296.12,17253.01
STM000137,2026-05-22 14:34:00,INR,deposit,deposit_received,PAY000069,PSP000069,13688.61,652281.6,665970.21
STM000138,2026-05-22 14:35:00,INR,deposit,psp_fee,PAY000069,PSP000069,-328.53,665970.21,665641.68
STM000139,2026-05-22 15:08:00,MYR,deposit,deposit_received,PAY000071,PSP000071,1094.05,17253.01,18347.06
STM000140,2026-05-22 15:09:00,MYR,deposit,psp_fee,PAY000071,PSP000071,-26.26,18347.06,18320.8
STM000141,2026-05-22 16:56:00,MYR,deposit,deposit_received,PAY000074,PSP000074,1306.15,18320.8,19626.95
STM000142,2026-05-22 16:57:00,MYR,deposit,psp_fee,PAY000074,PSP000074,-31.35,19626.95,19595.6
STM000143,2026-05-22 17:00:00,MYR,deposit,deposit_received,PAY000072,PSP000072,1872.03,19595.6,21467.63
STM000144,2026-05-22 17:01:00,MYR,deposit,psp_fee,PAY000072,PSP000072,-44.93,21467.63,21422.7
STM000145,2026-05-22 17:06:00,MYR,payout,payout_sent,PAY000070,PSP000070,-938.93,21422.7,20483.77
STM000146,2026-05-22 17:07:00,MYR,payout,psp_fee,PAY000070,PSP000070,-22.53,20483.77,20461.24
STM000147,2026-05-22 17:10:00,MYR,deposit,deposit_received,PAY000073,PSP000073,749.75,20461.24,21210.99
STM000148,2026-05-22 17:11:00,MYR,deposit,psp_fee,PAY000073,PSP000073,-17.99,21210.99,21193.0
STM000149,2026-05-22 18:00:00,INR,deposit,deposit_received,PAY000075,PSP000075,15294.08,665641.68,680935.76
STM000150,2026-05-22 18:00:00,MYR,deposit,deposit_received,PAY000079,PSP000079,102.97,21193.0,21295.97
STM000151,2026-05-22 18:01:00,INR,deposit,psp_fee,PAY000075,PSP000075,-367.06,680935.76,680568.7
STM000152,2026-05-22 18:01:00,MYR,deposit,psp_fee,PAY000079,PSP000079,-2.47,21295.97,21293.5
STM000153,2026-05-22 19:03:00,MYR,deposit,deposit_received,PAY000078,PSP000078,1297.51,21293.5,22591.01
STM000154,2026-05-22 19:04:00,MYR,deposit,psp_fee,PAY000078,PSP000078,-31.14,22591.01,22559.87
STM000155,2026-05-22 19:08:00,INR,deposit,deposit_received,PAY000076,PSP000076,24581.93,680568.7,705150.63
STM000156,2026-05-22 19:09:00,INR,deposit,psp_fee,PAY000076,PSP000076,-589.97,705150.63,704560.66
STM000157,2026-05-22 19:12:00,INR,deposit,deposit_received,PAY000077,PSP000077,1755.55,704560.66,706316.21
STM000158,2026-05-22 19:13:00,INR,deposit,psp_fee,PAY000077,PSP000077,-42.13,706316.21,706274.08
STM000159,2026-05-22 19:33:00,INR,payout,payout_sent,PAY000082,PSP000082,-12792.14,706274.08,693481.94
STM000160,2026-05-22 19:34:00,INR,payout,psp_fee,PAY000082,PSP000082,-307.01,693481.94,693174.93
STM000161,2026-05-22 20:40:00,INR,deposit,deposit_received,PAY000080,PSP000080,40451.63,693174.93,733626.56
STM000162,2026-05-22 20:41:00,INR,deposit,psp_fee,PAY000080,PSP000080,-970.84,733626.56,732655.72
STM000163,2026-05-22 21:09:00,MYR,deposit,deposit_received,PAY000081,PSP000081,323.44,22559.87,22883.31
STM000164,2026-05-22 21:10:00,MYR,deposit,psp_fee,PAY000081,PSP000081,-7.76,22883.31,22875.55
STM000165,2026-05-22 21:11:00,MYR,deposit,deposit_received,PAY000084,PSP000084,928.68,22875.55,23804.23
STM000166,2026-05-22 21:12:00,MYR,deposit,psp_fee,PAY000084,PSP000084,-22.29,23804.23,23781.94
STM000167,2026-05-22 22:58:00,INR,payout,payout_sent,PAY000083,PSP000083,-1195.24,732655.72,731460.48
STM000168,2026-05-22 22:59:00,INR,payout,psp_fee,PAY000083,PSP000083,-28.69,731460.48,731431.79
STM000169,2026-05-22 23:18:00,INR,payout,payout_sent,PAY000085,PSP000085,-3644.72,731431.79,727787.07
STM000170,2026-05-22 23:19:00,INR,payout,psp_fee,PAY000085,PSP000085,-87.47,727787.07,727699.6
STM000171,2026-05-23 09:29:00,INR,deposit,deposit_received,PAY000088,PSP000088,17107.43,727699.6,744807.03
STM000172,2026-05-23 09:30:00,INR,deposit,psp_fee,PAY000088,PSP000088,-410.58,744807.03,744396.45
STM000173,2026-05-23 10:17:00,MYR,deposit,deposit_received,PAY000087,PSP000087,1105.39,23781.94,24887.33
STM000174,2026-05-23 10:18:00,MYR,deposit,psp_fee,PAY000087,PSP000087,-26.53,24887.33,24860.8
STM000175,2026-05-23 11:00:00,INR,payout,payout_sent,PAY000086,PSP000086,-11242.77,744396.45,733153.68
STM000176,2026-05-23 11:01:00,INR,payout,psp_fee,PAY000086,PSP000086,-269.83,733153.68,732883.85
STM000177,2026-05-23 11:06:00,MYR,deposit,deposit_received,PAY000090,PSP000090,110.18,24860.8,24970.98
STM000178,2026-05-23 11:07:00,MYR,deposit,psp_fee,PAY000090,PSP000090,-2.64,24970.98,24968.34
STM000179,2026-05-23 11:37:00,MYR,deposit,deposit_received,PAY000091,PSP000091,1762.87,24968.34,26731.21
STM000180,2026-05-23 11:38:00,MYR,deposit,psp_fee,PAY000091,PSP000091,-42.31,26731.21,26688.9
STM000181,2026-05-23 12:06:00,INR,deposit,deposit_received,PAY000089,PSP000089,34966.64,732883.85,767850.49
STM000182,2026-05-23 12:07:00,INR,deposit,psp_fee,PAY000089,PSP000089,-839.2,767850.49,767011.29
STM000183,2026-05-23 12:30:00,MYR,deposit,deposit_received,PAY000093,PSP000093,1393.95,26688.9,28082.85
STM000184,2026-05-23 12:31:00,MYR,deposit,psp_fee,PAY000093,PSP000093,-33.45,28082.85,28049.4
STM000185,2026-05-23 12:50:00,INR,deposit,deposit_received,PAY000095,PSP000095,30796.47,767011.29,797807.76
STM000186,2026-05-23 12:51:00,INR,deposit,psp_fee,PAY000095,PSP000095,-739.12,797807.76,797068.64
STM000187,2026-05-23 12:59:00,MYR,payout,payout_sent,PAY000094,PSP000094,-347.57,28049.4,27701.83
STM000188,2026-05-23 13:00:00,MYR,payout,psp_fee,PAY000094,PSP000094,-8.34,27701.83,27693.49
STM000189,2026-05-23 13:49:00,INR,deposit,deposit_received,PAY000092,PSP000092,35483.69,797068.64,832552.33
STM000190,2026-05-23 13:50:00,INR,deposit,psp_fee,PAY000092,PSP000092,-851.61,832552.33,831700.72
STM000191,2026-05-23 13:51:00,MYR,deposit,deposit_received,PAY000096,PSP000096,1128.69,27693.49,28822.18
STM000192,2026-05-23 13:52:00,MYR,deposit,psp_fee,PAY000096,PSP000096,-27.09,28822.18,28795.09
STM000193,2026-05-23 15:11:00,INR,deposit,deposit_received,PAY000098,PSP000098,6077.62,831700.72,837778.34
STM000194,2026-05-23 15:12:00,INR,deposit,psp_fee,PAY000098,PSP000098,-145.86,837778.34,837632.48
STM000195,2026-05-23 16:20:00,INR,deposit,deposit_received,PAY000097,PSP000097,25623.27,837632.48,863255.75
STM000196,2026-05-23 16:21:00,INR,deposit,psp_fee,PAY000097,PSP000097,-614.96,863255.75,862640.79
STM000197,2026-05-23 16:40:00,MYR,deposit,deposit_received,PAY000099,PSP000099,1350.18,28795.09,30145.27
STM000198,2026-05-23 16:41:00,MYR,deposit,psp_fee,PAY000099,PSP000099,-32.4,30145.27,30112.87
STM000199,2026-05-23 19:13:00,MYR,payout,payout_sent,PAY000100,PSP000100,-362.64,30112.87,29750.23
STM000200,2026-05-23 19:14:00,MYR,payout,psp_fee,PAY000100,PSP000100,-8.7,29750.23,29741.53
STM000201,2026-05-23 20:23:00,MYR,deposit,deposit_received,PAY000101,PSP000101,1851.98,29741.53,31593.51
STM000202,2026-05-23 20:24:00,MYR,deposit,psp_fee,PAY000101,PSP000101,-44.45,31593.51,31549.06
STM000203,2026-05-23 21:04:00,INR,deposit,deposit_received,PAY000102,PSP000102,4007.55,862640.79,866648.34
STM000204,2026-05-23 21:05:00,INR,deposit,psp_fee,PAY000102,PSP000102,-96.18,866648.34,866552.16
STM000205,2026-05-23 21:16:00,MYR,deposit,deposit_received,PAY000104,PSP000104,672.48,31549.06,32221.54
STM000206,2026-05-23 21:17:00,MYR,deposit,psp_fee,PAY000104,PSP000104,-16.14,32221.54,32205.4
STM000207,2026-05-23 23:08:00,MYR,deposit,deposit_received,PAY000103,PSP000103,855.56,32205.4,33060.96
STM000208,2026-05-23 23:09:00,MYR,deposit,psp_fee,PAY000103,PSP000103,-20.53,33060.96,33040.43
STM000209,2026-05-24 09:12:00,MYR,deposit,deposit_received,PAY000105,PSP000105,1785.99,33040.43,34826.42
STM000210,2026-05-24 09:13:00,MYR,deposit,psp_fee,PAY000105,PSP000105,-42.86,34826.42,34783.56
STM000211,2026-05-24 11:18:00,INR,deposit,deposit_received,PAY000107,PSP000107,23158.14,866552.16,889710.3
STM000212,2026-05-24 11:19:00,INR,deposit,psp_fee,PAY000107,PSP000107,-555.8,889710.3,889154.5
STM000213,2026-05-24 11:31:00,MYR,deposit,deposit_received,PAY000108,PSP000108,691.71,34783.56,35475.27
STM000214,2026-05-24 11:32:00,MYR,deposit,psp_fee,PAY000108,PSP000108,-16.6,35475.27,35458.67
STM000215,2026-05-24 12:21:00,INR,deposit,deposit_received,PAY000111,PSP000111,42822.7,889154.5,931977.2
STM000216,2026-05-24 12:22:00,INR,deposit,psp_fee,PAY000111,PSP000111,-1027.74,931977.2,930949.46
STM000217,2026-05-24 12:55:00,MYR,payout,payout_sent,PAY000106,PSP000106,-226.83,35458.67,35231.84
STM000218,2026-05-24 12:56:00,MYR,payout,psp_fee,PAY000106,PSP000106,-5.44,35231.84,35226.4
STM000219,2026-05-24 13:41:00,INR,deposit,deposit_received,PAY000109,PSP000109,42656.74,930949.46,973606.2
STM000220,2026-05-24 13:42:00,INR,deposit,psp_fee,PAY000109,PSP000109,-1023.76,973606.2,972582.44
STM000221,2026-05-24 14:25:00,INR,payout,payout_sent,PAY000114,PSP000114,-23182.18,972582.44,949400.26
STM000222,2026-05-24 14:26:00,INR,deposit,deposit_received,PAY000110,PSP000110,44377.24,949400.26,993777.5
STM000223,2026-05-24 14:26:00,INR,payout,psp_fee,PAY000114,PSP000114,-556.37,993777.5,993221.13
STM000224,2026-05-24 14:27:00,INR,deposit,psp_fee,PAY000110,PSP000110,-1065.05,993221.13,992156.08
STM000225,2026-05-24 14:34:00,MYR,deposit,deposit_received,PAY000112,PSP000112,1195.41,35226.4,36421.81
STM000226,2026-05-24 14:35:00,MYR,deposit,psp_fee,PAY000112,PSP000112,-28.69,36421.81,36393.12
STM000227,2026-05-24 15:37:00,INR,deposit,deposit_received,PAY000113,PSP000113,12767.66,992156.08,1004923.74
STM000228,2026-05-24 15:38:00,INR,deposit,psp_fee,PAY000113,PSP000113,-306.42,1004923.74,1004617.32
STM000229,2026-05-24 16:38:00,INR,deposit,deposit_received,PAY000115,PSP000115,36807.08,1004617.32,1041424.4
STM000230,2026-05-24 16:39:00,INR,deposit,psp_fee,PAY000115,PSP000115,-883.37,1041424.4,1040541.03
STM000231,2026-05-24 17:29:00,MYR,deposit,deposit_received,PAY000116,PSP000116,1625.14,36393.12,38018.26
STM000232,2026-05-24 17:30:00,MYR,deposit,psp_fee,PAY000116,PSP000116,-39.0,38018.26,37979.26
STM000233,2026-05-24 18:03:00,INR,payout,payout_sent,PAY000118,PSP000118,-4123.68,1040541.03,1036417.35
STM000234,2026-05-24 18:04:00,INR,payout,psp_fee,PAY000118,PSP000118,-98.97,1036417.35,1036318.38
STM000235,2026-05-24 19:19:00,MYR,deposit,deposit_received,PAY000117,PSP000117,1513.57,37979.26,39492.83
STM000236,2026-05-24 19:20:00,MYR,deposit,psp_fee,PAY000117,PSP000117,-36.33,39492.83,39456.5
STM000237,2026-05-24 19:20:00,MYR,deposit,deposit_received,PAY000121,PSP000121,1724.95,39456.5,41181.45
STM000238,2026-05-24 19:21:00,MYR,deposit,psp_fee,PAY000121,PSP000121,-41.4,41181.45,41140.05
STM000239,2026-05-24 20:09:00,INR,deposit,deposit_received,PAY000120,PSP000120,38705.83,1036318.38,1075024.21
STM000240,2026-05-24 20:10:00,INR,deposit,psp_fee,PAY000120,PSP000120,-928.94,1075024.21,1074095.27
STM000241,2026-05-24 20:44:00,MYR,deposit,deposit_received,PAY000119,PSP000119,1415.51,41140.05,42555.56
STM000242,2026-05-24 20:45:00,MYR,deposit,psp_fee,PAY000119,PSP000119,-33.97,42555.56,42521.59
STM000243,2026-05-24 21:03:00,INR,deposit,deposit_received,PAY000123,PSP000123,31212.53,1074095.27,1105307.8
STM000244,2026-05-24 21:04:00,INR,deposit,psp_fee,PAY000123,PSP000123,-749.1,1105307.8,1104558.7
STM000245,2026-05-25 07:00:00,INR,settlement,settlement,SET20260525_INR,,-982124.08,1104558.7,122434.62
STM000246,2026-05-25 07:00:00,MYR,settlement,settlement,SET20260525_MYR,,-31905.07,42521.59,10616.52
STM000247,2026-05-25 09:01:00,INR,deposit,deposit_received,PAY000124,PSP000124,44454.91,122434.62,166889.53
STM000248,2026-05-25 09:02:00,INR,deposit,psp_fee,PAY000124,PSP000124,-1066.92,166889.53,165822.61
STM000249,2026-05-25 10:22:00,MYR,deposit,deposit_received,PAY000125,PSP000125,750.18,10616.52,11366.7
STM000250,2026-05-25 10:23:00,MYR,deposit,psp_fee,PAY000125,PSP000125,-18.0,11366.7,11348.7
STM000251,2026-05-25 11:04:00,INR,deposit,deposit_received,PAY000127,PSP000127,43621.0,165822.61,209443.61
STM000252,2026-05-25 11:05:00,INR,deposit,psp_fee,PAY000127,PSP000127,-1046.9,209443.61,208396.71
STM000253,2026-05-25 11:12:00,INR,deposit,deposit_received,PAY000126,PSP000126,7351.09,208396.71,215747.8
STM000254,2026-05-25 11:13:00,INR,deposit,psp_fee,PAY000126,PSP000126,-176.43,215747.8,215571.37
STM000255,2026-05-25 12:13:00,MYR,payout,payout_sent,PAY000131,PSP000131,-1059.52,11348.7,10289.18
STM000256,2026-05-25 12:14:00,MYR,payout,psp_fee,PAY000131,PSP000131,-25.43,10289.18,10263.75
STM000257,2026-05-25 12:21:00,INR,deposit,deposit_received,PAY000128,PSP000128,25426.52,215571.37,240997.89
STM000258,2026-05-25 12:22:00,INR,deposit,psp_fee,PAY000128,PSP000128,-610.24,240997.89,240387.65
STM000259,2026-05-25 12:45:00,INR,deposit,deposit_received,PAY000129,PSP000129,22894.33,240387.65,263281.98
STM000260,2026-05-25 12:46:00,INR,deposit,psp_fee,PAY000129,PSP000129,-549.46,263281.98,262732.52
STM000261,2026-05-25 13:09:00,INR,deposit,deposit_received,PAY000130,PSP000130,34076.26,262732.52,296808.78
STM000262,2026-05-25 13:10:00,INR,deposit,psp_fee,PAY000130,PSP000130,-817.83,296808.78,295990.95
STM000263,2026-05-25 13:30:00,MYR,deposit,deposit_received,PAY000132,PSP000132,1798.95,10263.75,12062.7
STM000264,2026-05-25 13:31:00,MYR,deposit,psp_fee,PAY000132,PSP000132,-43.17,12062.7,12019.53
STM000265,2026-05-25 14:54:00,INR,deposit,deposit_received,PAY000133,PSP000133,35005.56,295990.95,330996.51
STM000266,2026-05-25 14:55:00,INR,deposit,psp_fee,PAY000133,PSP000133,-840.13,330996.51,330156.38
STM000267,2026-05-25 17:30:00,MYR,deposit,deposit_received,PAY000136,PSP000136,1747.43,12019.53,13766.96
STM000268,2026-05-25 17:31:00,MYR,deposit,psp_fee,PAY000136,PSP000136,-41.94,13766.96,13725.02
STM000269,2026-05-25 17:39:00,MYR,deposit,deposit_received,PAY000139,PSP000139,1942.33,13725.02,15667.35
STM000270,2026-05-25 17:40:00,MYR,deposit,psp_fee,PAY000139,PSP000139,-46.62,15667.35,15620.73
STM000271,2026-05-25 17:51:00,INR,deposit,deposit_received,PAY000134,PSP000134,15011.89,330156.38,345168.27
STM000272,2026-05-25 17:52:00,INR,deposit,psp_fee,PAY000134,PSP000134,-360.29,345168.27,344807.98
STM000273,2026-05-25 17:58:00,INR,deposit,deposit_received,PAY000135,PSP000135,22471.07,344807.98,367279.05
STM000274,2026-05-25 17:59:00,INR,deposit,psp_fee,PAY000135,PSP000135,-539.31,367279.05,366739.74
STM000275,2026-05-25 18:25:00,MYR,deposit,deposit_received,PAY000137,PSP000137,1321.85,15620.73,16942.58
STM000276,2026-05-25 18:26:00,MYR,deposit,psp_fee,PAY000137,PSP000137,-31.72,16942.58,16910.86
STM000277,2026-05-25 18:26:00,MYR,deposit,deposit_received,PAY000140,PSP000140,1248.7,16910.86,18159.56
STM000278,2026-05-25 18:27:00,MYR,deposit,psp_fee,PAY000140,PSP000140,-29.97,18159.56,18129.59
STM000279,2026-05-25 18:40:00,MYR,deposit,deposit_received,PAY000138,PSP000138,289.95,18129.59,18419.54
STM000280,2026-05-25 18:41:00,MYR,deposit,psp_fee,PAY000138,PSP000138,-6.96,18419.54,18412.58
STM000281,2026-05-25 19:33:00,INR,payout,payout_sent,PAY000142,PSP000142,-1852.57,366739.74,364887.17
STM000282,2026-05-25 19:34:00,INR,payout,psp_fee,PAY000142,PSP000142,-44.46,364887.17,364842.71
STM000283,2026-05-25 20:44:00,INR,deposit,deposit_received,PAY000143,PSP000143,9632.58,364842.71,374475.29
STM000284,2026-05-25 20:45:00,INR,deposit,psp_fee,PAY000143,PSP000143,-231.18,374475.29,374244.11
STM000285,2026-05-25 20:47:00,INR,deposit,deposit_received,PAY000148,PSP000148,17264.88,374244.11,391508.99
STM000286,2026-05-25 20:48:00,INR,deposit,psp_fee,PAY000148,PSP000148,-414.36,391508.99,391094.63
STM000287,2026-05-25 20:49:00,MYR,payout,payout_sent,PAY000146,PSP000146,-1015.92,18412.58,17396.66
STM000288,2026-05-25 20:50:00,MYR,payout,psp_fee,PAY000146,PSP000146,-24.38,17396.66,17372.28
STM000289,2026-05-25 20:55:00,MYR,deposit,deposit_received,PAY000141,PSP000141,1683.48,17372.28,19055.76
STM000290,2026-05-25 20:55:00,MYR,deposit,deposit_received,PAY000149,PSP000149,1365.68,19055.76,20421.44
STM000291,2026-05-25 20:56:00,MYR,deposit,psp_fee,PAY000141,PSP000141,-40.4,20421.44,20381.04
STM000292,2026-05-25 20:56:00,MYR,deposit,psp_fee,PAY000149,PSP000149,-32.78,20381.04,20348.26
STM000293,2026-05-25 21:07:00,INR,deposit,deposit_received,PAY000144,PSP000144,7823.24,391094.63,398917.87
STM000294,2026-05-25 21:08:00,INR,deposit,psp_fee,PAY000144,PSP000144,-187.76,398917.87,398730.11
STM000295,2026-05-25 21:33:00,MYR,deposit,deposit_received,PAY000147,PSP000147,963.6,20348.26,21311.86
STM000296,2026-05-25 21:34:00,MYR,deposit,psp_fee,PAY000147,PSP000147,-23.13,21311.86,21288.73
STM000297,2026-05-25 21:38:00,INR,deposit,deposit_received,PAY000145,PSP000145,46061.48,398730.11,444791.59
STM000298,2026-05-25 21:39:00,INR,deposit,psp_fee,PAY000145,PSP000145,-1105.48,444791.59,443686.11
STM000299,2026-05-26 08:47:00,INR,payout,payout_sent,PAY000150,PSP000150,-11741.04,443686.11,431945.07
STM000300,2026-05-26 08:48:00,INR,payout,psp_fee,PAY000150,PSP000150,-281.78,431945.07,431663.29
STM000301,2026-05-26 09:54:00,INR,deposit,deposit_received,PAY000151,PSP000151,29379.86,431663.29,461043.15
STM000302,2026-05-26 09:55:00,INR,deposit,psp_fee,PAY000151,PSP000151,-705.12,461043.15,460338.03
STM000303,2026-05-26 11:01:00,INR,deposit,deposit_received,PAY000153,PSP000153,10125.28,460338.03,470463.31
STM000304,2026-05-26 11:02:00,INR,deposit,psp_fee,PAY000153,PSP000153,-243.01,470463.31,470220.3
STM000305,2026-05-26 11:23:00,MYR,deposit,deposit_received,PAY000152,PSP000152,1090.67,21288.73,22379.4
STM000306,2026-05-26 11:24:00,MYR,deposit,psp_fee,PAY000152,PSP000152,-26.18,22379.4,22353.22
STM000307,2026-05-26 11:31:00,MYR,deposit,deposit_received,PAY000155,PSP000155,709.49,22353.22,23062.71
STM000308,2026-05-26 11:32:00,INR,deposit,deposit_received,PAY000154,PSP000154,20179.12,470220.3,490399.42
STM000309,2026-05-26 11:32:00,MYR,deposit,psp_fee,PAY000155,PSP000155,-17.03,23062.71,23045.68
STM000310,2026-05-26 11:33:00,INR,deposit,psp_fee,PAY000154,PSP000154,-484.3,490399.42,489915.12
STM000311,2026-05-26 12:50:00,INR,deposit,deposit_received,PAY000156,PSP000156,37205.62,489915.12,527120.74
STM000312,2026-05-26 12:51:00,INR,deposit,psp_fee,PAY000156,PSP000156,-892.93,527120.74,526227.81
STM000313,2026-05-26 13:15:00,MYR,deposit,deposit_received,PAY000157,PSP000157,1465.35,23045.68,24511.03
STM000314,2026-05-26 13:16:00,MYR,deposit,psp_fee,PAY000157,PSP000157,-35.17,24511.03,24475.86
STM000315,2026-05-26 13:37:00,INR,deposit,deposit_received,PAY000165,PSP000165,24905.99,526227.81,551133.8
STM000316,2026-05-26 13:38:00,INR,deposit,deposit_received,PAY000159,PSP000159,4878.19,551133.8,556011.99
STM000317,2026-05-26 13:38:00,INR,deposit,psp_fee,PAY000165,PSP000165,-597.74,556011.99,555414.25
STM000318,2026-05-26 13:39:00,INR,deposit,psp_fee,PAY000159,PSP000159,-117.08,555414.25,555297.17
STM000319,2026-05-26 14:01:00,INR,deposit,deposit_received,PAY000158,PSP000158,23993.35,555297.17,579290.52
STM000320,2026-05-26 14:02:00,INR,deposit,psp_fee,PAY000158,PSP000158,-575.84,579290.52,578714.68
STM000321,2026-05-26 14:29:00,INR,deposit,deposit_received,PAY000161,PSP000161,14828.43,578714.68,593543.11
STM000322,2026-05-26 14:30:00,INR,deposit,psp_fee,PAY000161,PSP000161,-355.88,593543.11,593187.23
STM000323,2026-05-26 14:44:00,MYR,deposit,deposit_received,PAY000160,PSP000160,940.38,24475.86,25416.24
STM000324,2026-05-26 14:44:00,MYR,payout,payout_sent,PAY000162,PSP000162,-672.48,25416.24,24743.76
STM000325,2026-05-26 14:45:00,MYR,deposit,psp_fee,PAY000160,PSP000160,-22.57,24743.76,24721.19
STM000326,2026-05-26 14:45:00,MYR,payout,psp_fee,PAY000162,PSP000162,-16.14,24721.19,24705.05
STM000327,2026-05-26 14:55:00,MYR,deposit,deposit_received,PAY000164,PSP000164,851.8,24705.05,25556.85
STM000328,2026-05-26 14:56:00,MYR,deposit,psp_fee,PAY000164,PSP000164,-20.44,25556.85,25536.41
STM000329,2026-05-26 15:32:00,INR,deposit,deposit_received,PAY000163,PSP000163,13502.51,593187.23,606689.74
STM000330,2026-05-26 15:33:00,INR,deposit,psp_fee,PAY000163,PSP000163,-324.06,606689.74,606365.68
STM000331,2026-05-26 15:53:00,MYR,deposit,deposit_received,PAY000166,PSP000166,889.05,25536.41,26425.46
STM000332,2026-05-26 15:54:00,MYR,deposit,psp_fee,PAY000166,PSP000166,-21.34,26425.46,26404.12
STM000333,2026-05-26 16:27:00,MYR,deposit,deposit_received,PAY000170,PSP000170,1073.34,26404.12,27477.46
STM000334,2026-05-26 16:28:00,MYR,deposit,psp_fee,PAY000170,PSP000170,-25.76,27477.46,27451.7
STM000335,2026-05-26 17:34:00,MYR,deposit,deposit_received,PAY000167,PSP000167,765.21,27451.7,28216.91
STM000336,2026-05-26 17:35:00,MYR,deposit,psp_fee,PAY000167,PSP000167,-18.37,28216.91,28198.54
STM000337,2026-05-26 17:38:00,MYR,deposit,deposit_received,PAY000168,PSP000168,317.89,28198.54,28516.43
STM000338,2026-05-26 17:39:00,MYR,deposit,psp_fee,PAY000168,PSP000168,-7.63,28516.43,28508.8
STM000339,2026-05-26 17:47:00,INR,deposit,deposit_received,PAY000169,PSP000169,13997.18,606365.68,620362.86
STM000340,2026-05-26 17:48:00,INR,deposit,psp_fee,PAY000169,PSP000169,-335.93,620362.86,620026.93
STM000341,2026-05-26 17:50:00,MYR,deposit,deposit_received,PAY000175,PSP000175,231.76,28508.8,28740.56
STM000342,2026-05-26 17:51:00,MYR,deposit,psp_fee,PAY000175,PSP000175,-5.56,28740.56,28735.0
STM000343,2026-05-26 18:43:00,INR,deposit,deposit_received,PAY000174,PSP000174,14430.18,620026.93,634457.11
STM000344,2026-05-26 18:44:00,INR,deposit,psp_fee,PAY000174,PSP000174,-346.32,634457.11,634110.79
STM000345,2026-05-26 18:47:00,INR,deposit,deposit_received,PAY000171,PSP000171,38352.12,634110.79,672462.91
STM000346,2026-05-26 18:48:00,INR,deposit,psp_fee,PAY000171,PSP000171,-920.45,672462.91,671542.46
STM000347,2026-05-26 19:07:00,MYR,deposit,deposit_received,PAY000173,PSP000173,218.79,28735.0,28953.79
STM000348,2026-05-26 19:08:00,MYR,deposit,psp_fee,PAY000173,PSP000173,-5.25,28953.79,28948.54
STM000349,2026-05-26 19:34:00,INR,deposit,deposit_received,PAY000172,PSP000172,41427.69,671542.46,712970.15
STM000350,2026-05-26 19:35:00,INR,deposit,psp_fee,PAY000172,PSP000172,-994.26,712970.15,711975.89
STM000351,2026-05-26 20:53:00,INR,payout,payout_sent,PAY000176,PSP000176,-14769.72,711975.89,697206.17
STM000352,2026-05-26 20:54:00,INR,payout,psp_fee,PAY000176,PSP000176,-354.47,697206.17,696851.7
STM000353,2026-05-27 08:42:00,INR,deposit,deposit_received,PAY000177,PSP000177,6270.0,696851.7,703121.7
STM000354,2026-05-27 08:43:00,INR,deposit,psp_fee,PAY000177,PSP000177,-150.48,703121.7,702971.22
STM000355,2026-05-27 08:51:00,INR,deposit,deposit_received,PAY000178,PSP000178,34707.01,702971.22,737678.23
STM000356,2026-05-27 08:52:00,INR,deposit,psp_fee,PAY000178,PSP000178,-832.97,737678.23,736845.26
STM000357,2026-05-27 09:35:00,INR,deposit,deposit_received,PAY000181,PSP000181,6945.8,736845.26,743791.06
STM000358,2026-05-27 09:36:00,INR,deposit,psp_fee,PAY000181,PSP000181,-166.7,743791.06,743624.36
STM000359,2026-05-27 09:40:00,MYR,deposit,deposit_received,PAY000180,PSP000180,468.04,28948.54,29416.58
STM000360,2026-05-27 09:41:00,MYR,deposit,psp_fee,PAY000180,PSP000180,-11.23,29416.58,29405.35
STM000361,2026-05-27 10:26:00,MYR,payout,payout_sent,PAY000179,PSP000179,-1010.82,29405.35,28394.53
STM000362,2026-05-27 10:27:00,MYR,payout,psp_fee,PAY000179,PSP000179,-24.26,28394.53,28370.27
STM000363,2026-05-27 10:52:00,INR,deposit,deposit_received,PAY000182,PSP000182,37988.03,743624.36,781612.39
STM000364,2026-05-27 10:53:00,INR,deposit,psp_fee,PAY000182,PSP000182,-911.71,781612.39,780700.68
STM000365,2026-05-27 12:33:00,MYR,deposit,deposit_received,PAY000184,PSP000184,1345.15,28370.27,29715.42
STM000366,2026-05-27 12:34:00,MYR,deposit,psp_fee,PAY000184,PSP000184,-32.28,29715.42,29683.14
STM000367,2026-05-27 13:56:00,INR,deposit,deposit_received,PAY000183,PSP000183,29862.22,780700.68,810562.9
STM000368,2026-05-27 13:57:00,INR,deposit,psp_fee,PAY000183,PSP000183,-716.69,810562.9,809846.21
STM000369,2026-05-27 14:06:00,INR,deposit,deposit_received,PAY000185,PSP000185,29586.35,809846.21,839432.56
STM000370,2026-05-27 14:07:00,INR,deposit,psp_fee,PAY000185,PSP000185,-710.07,839432.56,838722.49
STM000371,2026-05-27 14:32:00,MYR,deposit,deposit_received,PAY000186,PSP000186,1696.35,29683.14,31379.49
STM000372,2026-05-27 14:33:00,MYR,deposit,psp_fee,PAY000186,PSP000186,-40.71,31379.49,31338.78
STM000373,2026-05-27 16:19:00,MYR,payout,payout_sent,PAY000187,PSP000187,-1030.39,31338.78,30308.39
STM000374,2026-05-27 16:19:00,INR,payout,payout_sent,PAY000188,PSP000188,-19562.88,838722.49,819159.61
STM000375,2026-05-27 16:20:00,MYR,payout,psp_fee,PAY000187,PSP000187,-24.73,30308.39,30283.66
STM000376,2026-05-27 16:20:00,INR,payout,psp_fee,PAY000188,PSP000188,-469.51,819159.61,818690.1
STM000377,2026-05-27 17:51:00,INR,deposit,deposit_received,PAY000189,PSP000189,45132.18,818690.1,863822.28
STM000378,2026-05-27 17:52:00,INR,deposit,psp_fee,PAY000189,PSP000189,-1083.17,863822.28,862739.11
STM000379,2026-05-27 18:24:00,INR,payout,payout_sent,PAY000190,PSP000190,-15366.74,862739.11,847372.37
STM000380,2026-05-27 18:25:00,INR,payout,psp_fee,PAY000190,PSP000190,-368.8,847372.37,847003.57
STM000381,2026-05-27 18:32:00,INR,deposit,deposit_received,PAY000191,PSP000191,9452.0,847003.57,856455.57
STM000382,2026-05-27 18:32:00,MYR,deposit,deposit_received,PAY000192,PSP000192,832.93,30283.66,31116.59
STM000383,2026-05-27 18:33:00,INR,deposit,psp_fee,PAY000191,PSP000191,-226.85,856455.57,856228.72
STM000384,2026-05-27 18:33:00,MYR,deposit,psp_fee,PAY000192,PSP000192,-19.99,31116.59,31096.6
STM000385,2026-05-27 19:00:00,MYR,deposit,deposit_received,PAY000193,PSP000193,1006.76,31096.6,32103.36
STM000386,2026-05-27 19:01:00,MYR,deposit,psp_fee,PAY000193,PSP000193,-24.16,32103.36,32079.2
STM000387,2026-05-27 19:42:00,MYR,deposit,deposit_received,PAY000196,PSP000196,401.91,32079.2,32481.11
STM000388,2026-05-27 19:43:00,MYR,deposit,psp_fee,PAY000196,PSP000196,-9.65,32481.11,32471.46
STM000389,2026-05-27 20:14:00,MYR,payout,payout_sent,PAY000194,PSP000194,-147.64,32471.46,32323.82
STM000390,2026-05-27 20:15:00,MYR,payout,psp_fee,PAY000194,PSP000194,-3.54,32323.82,32320.28
STM000391,2026-05-27 20:57:00,MYR,deposit,deposit_received,PAY000195,PSP000195,1383.48,32320.28,33703.76
STM000392,2026-05-27 20:58:00,MYR,deposit,psp_fee,PAY000195,PSP000195,-33.2,33703.76,33670.56
STM000393,2026-05-27 21:11:00,INR,deposit,deposit_received,PAY000198,PSP000198,33098.14,856228.72,889326.86
STM000394,2026-05-27 21:12:00,INR,deposit,psp_fee,PAY000198,PSP000198,-794.36,889326.86,888532.5
STM000395,2026-05-27 22:40:00,MYR,deposit,deposit_received,PAY000197,PSP000197,383.22,33670.56,34053.78
STM000396,2026-05-27 22:41:00,MYR,deposit,psp_fee,PAY000197,PSP000197,-9.2,34053.78,34044.58
STM000397,2026-05-28 10:04:00,INR,deposit,deposit_received,PAY000199,PSP000199,37200.89,888532.5,925733.39
STM000398,2026-05-28 10:05:00,INR,deposit,psp_fee,PAY000199,PSP000199,-892.82,925733.39,924840.57
STM000399,2026-05-28 11:35:00,MYR,deposit,deposit_received,PAY000200,PSP000200,424.52,34044.58,34469.1
STM000400,2026-05-28 11:36:00,MYR,deposit,psp_fee,PAY000200,PSP000200,-10.19,34469.1,34458.91
STM000401,2026-05-28 12:14:00,INR,deposit,deposit_received,PAY000204,PSP000204,11925.68,924840.57,936766.25
STM000402,2026-05-28 12:15:00,INR,deposit,psp_fee,PAY000204,PSP000204,-286.22,936766.25,936480.03
STM000403,2026-05-28 12:20:00,INR,deposit,deposit_received,PAY000205,PSP000205,25157.68,936480.03,961637.71
STM000404,2026-05-28 12:21:00,INR,deposit,psp_fee,PAY000205,PSP000205,-603.78,961637.71,961033.93
STM000405,2026-05-28 12:22:00,INR,deposit,deposit_received,PAY000201,PSP000201,14286.66,961033.93,975320.59
STM000406,2026-05-28 12:23:00,INR,deposit,psp_fee,PAY000201,PSP000201,-342.88,975320.59,974977.71
STM000407,2026-05-28 12:48:00,MYR,deposit,deposit_received,PAY000202,PSP000202,731.51,34458.91,35190.42
STM000408,2026-05-28 12:49:00,MYR,deposit,psp_fee,PAY000202,PSP000202,-17.56,35190.42,35172.86
STM000409,2026-05-28 13:11:00,MYR,deposit,deposit_received,PAY000203,PSP000203,579.41,35172.86,35752.27
STM000410,2026-05-28 13:12:00,MYR,deposit,psp_fee,PAY000203,PSP000203,-13.91,35752.27,35738.36
STM000411,2026-05-28 15:32:00,INR,deposit,deposit_received,PAY000209,PSP000209,49540.22,974977.71,1024517.93
STM000412,2026-05-28 15:33:00,INR,deposit,psp_fee,PAY000209,PSP000209,-1188.97,1024517.93,1023328.96
STM000413,2026-05-28 16:05:00,MYR,deposit,deposit_received,PAY000210,PSP000210,901.84,35738.36,36640.2
STM000414,2026-05-28 16:06:00,MYR,deposit,psp_fee,PAY000210,PSP000210,-21.64,36640.2,36618.56
STM000415,2026-05-28 16:26:00,MYR,payout,payout_sent,PAY000206,PSP000206,-238.16,36618.56,36380.4
STM000416,2026-05-28 16:27:00,MYR,payout,psp_fee,PAY000206,PSP000206,-5.72,36380.4,36374.68
STM000417,2026-05-28 16:36:00,INR,deposit,deposit_received,PAY000207,PSP000207,38494.82,1023328.96,1061823.78
STM000418,2026-05-28 16:37:00,INR,deposit,psp_fee,PAY000207,PSP000207,-923.88,1061823.78,1060899.9
STM000419,2026-05-28 17:01:00,MYR,deposit,deposit_received,PAY000212,PSP000212,990.29,36374.68,37364.97
STM000420,2026-05-28 17:02:00,MYR,deposit,psp_fee,PAY000212,PSP000212,-23.77,37364.97,37341.2
STM000421,2026-05-28 17:03:00,MYR,deposit,deposit_received,PAY000208,PSP000208,1024.45,37341.2,38365.65
STM000422,2026-05-28 17:04:00,MYR,deposit,psp_fee,PAY000208,PSP000208,-24.59,38365.65,38341.06
STM000423,2026-05-28 17:10:00,INR,deposit,deposit_received,PAY000211,PSP000211,44292.66,1060899.9,1105192.56
STM000424,2026-05-28 17:11:00,INR,deposit,psp_fee,PAY000211,PSP000211,-1063.02,1105192.56,1104129.54
STM000425,2026-05-28 17:13:00,MYR,deposit,deposit_received,PAY000215,PSP000215,661.35,38341.06,39002.41
STM000426,2026-05-28 17:14:00,MYR,deposit,psp_fee,PAY000215,PSP000215,-15.87,39002.41,38986.54
STM000427,2026-05-28 18:51:00,MYR,deposit,deposit_received,PAY000213,PSP000213,1157.25,38986.54,40143.79
STM000428,2026-05-28 18:52:00,MYR,deposit,psp_fee,PAY000213,PSP000213,-27.77,40143.79,40116.02
STM000429,2026-05-28 19:14:00,MYR,deposit,deposit_received,PAY000217,PSP000217,709.93,40116.02,40825.95
STM000430,2026-05-28 19:15:00,MYR,deposit,psp_fee,PAY000217,PSP000217,-17.04,40825.95,40808.91
STM000431,2026-05-28 19:23:00,INR,deposit,deposit_received,PAY000214,PSP000214,13537.85,1104129.54,1117667.39
STM000432,2026-05-28 19:24:00,INR,deposit,psp_fee,PAY000214,PSP000214,-324.91,1117667.39,1117342.48
STM000433,2026-05-28 19:28:00,INR,deposit,deposit_received,PAY000219,PSP000219,43512.53,1117342.48,1160855.01
STM000434,2026-05-28 19:29:00,INR,deposit,psp_fee,PAY000219,PSP000219,-1044.3,1160855.01,1159810.71
STM000435,2026-05-28 19:40:00,INR,deposit,deposit_received,PAY000216,PSP000216,17769.4,1159810.71,1177580.11
STM000436,2026-05-28 19:41:00,INR,deposit,psp_fee,PAY000216,PSP000216,-426.47,1177580.11,1177153.64
STM000437,2026-05-28 20:58:00,MYR,deposit,deposit_received,PAY000218,PSP000218,517.8,40808.91,41326.71
STM000438,2026-05-28 20:59:00,MYR,deposit,psp_fee,PAY000218,PSP000218,-12.43,41326.71,41314.28
STM000439,2026-05-28 22:02:00,MYR,payout,payout_sent,PAY000221,PSP000221,-383.0,41314.28,40931.28
STM000440,2026-05-28 22:03:00,MYR,payout,psp_fee,PAY000221,PSP000221,-9.19,40931.28,40922.09
STM000441,2026-05-28 22:42:00,INR,deposit,deposit_received,PAY000220,PSP000220,2350.19,1177153.64,1179503.83
STM000442,2026-05-28 22:43:00,INR,deposit,psp_fee,PAY000220,PSP000220,-56.4,1179503.83,1179447.43
STM000443,2026-05-29 09:11:00,INR,deposit,deposit_received,PAY000223,PSP000223,34697.77,1179447.43,1214145.2
STM000444,2026-05-29 09:12:00,INR,deposit,psp_fee,PAY000223,PSP000223,-832.75,1214145.2,1213312.45
STM000445,2026-05-29 09:33:00,INR,deposit,deposit_received,PAY000222,PSP000222,28732.5,1213312.45,1242044.95
STM000446,2026-05-29 09:34:00,INR,deposit,psp_fee,PAY000222,PSP000222,-689.58,1242044.95,1241355.37
STM000447,2026-05-29 10:40:00,MYR,deposit,deposit_received,PAY000224,PSP000224,358.26,40922.09,41280.35
STM000448,2026-05-29 10:41:00,MYR,deposit,psp_fee,PAY000224,PSP000224,-8.6,41280.35,41271.75
STM000449,2026-05-29 12:14:00,MYR,deposit,deposit_received,PAY000226,PSP000226,1992.57,41271.75,43264.32
STM000450,2026-05-29 12:15:00,MYR,deposit,deposit_received,PAY000225,PSP000225,1685.55,43264.32,44949.87
STM000451,2026-05-29 12:15:00,MYR,deposit,psp_fee,PAY000226,PSP000226,-47.82,44949.87,44902.05
STM000452,2026-05-29 12:16:00,MYR,deposit,psp_fee,PAY000225,PSP000225,-40.45,44902.05,44861.6
STM000453,2026-05-29 12:32:00,INR,deposit,deposit_received,PAY000229,PSP000229,32751.07,1241355.37,1274106.44
STM000454,2026-05-29 12:33:00,INR,deposit,psp_fee,PAY000229,PSP000229,-786.03,1274106.44,1273320.41
STM000455,2026-05-29 12:45:00,MYR,deposit,deposit_received,PAY000228,PSP000228,1608.34,44861.6,46469.94
STM000456,2026-05-29 12:46:00,MYR,deposit,psp_fee,PAY000228,PSP000228,-38.6,46469.94,46431.34
STM000457,2026-05-29 13:03:00,INR,deposit,deposit_received,PAY000227,PSP000227,36026.49,1273320.41,1309346.9
STM000458,2026-05-29 13:04:00,INR,deposit,psp_fee,PAY000227,PSP000227,-864.64,1309346.9,1308482.26
STM000459,2026-05-29 13:19:00,MYR,payout,payout_sent,PAY000230,PSP000230,-440.27,46431.34,45991.07
STM000460,2026-05-29 13:20:00,MYR,payout,psp_fee,PAY000230,PSP000230,-10.57,45991.07,45980.5
STM000461,2026-05-29 14:41:00,INR,deposit,deposit_received,PAY000237,PSP000237,20590.36,1308482.26,1329072.62
STM000462,2026-05-29 14:42:00,INR,deposit,psp_fee,PAY000237,PSP000237,-494.17,1329072.62,1328578.45
STM000463,2026-05-29 14:49:00,MYR,deposit,deposit_received,PAY000231,PSP000231,1352.97,45980.5,47333.47
STM000464,2026-05-29 14:50:00,MYR,deposit,psp_fee,PAY000231,PSP000231,-32.47,47333.47,47301.0
STM000465,2026-05-29 14:52:00,MYR,deposit,deposit_received,PAY000234,PSP000234,1058.87,47301.0,48359.87
STM000466,2026-05-29 14:53:00,MYR,deposit,psp_fee,PAY000234,PSP000234,-25.41,48359.87,48334.46
STM000467,2026-05-29 15:01:00,INR,deposit,deposit_received,PAY000241,PSP000241,39220.57,1328578.45,1367799.02
STM000468,2026-05-29 15:02:00,INR,deposit,psp_fee,PAY000241,PSP000241,-941.29,1367799.02,1366857.73
STM000469,2026-05-29 15:10:00,INR,payout,payout_sent,PAY000236,PSP000236,-7379.78,1366857.73,1359477.95
STM000470,2026-05-29 15:11:00,INR,payout,psp_fee,PAY000236,PSP000236,-177.11,1359477.95,1359300.84
STM000471,2026-05-29 15:20:00,INR,payout,payout_sent,PAY000232,PSP000232,-21966.59,1359300.84,1337334.25
STM000472,2026-05-29 15:21:00,INR,payout,psp_fee,PAY000232,PSP000232,-527.2,1337334.25,1336807.05
STM000473,2026-05-29 15:22:00,INR,deposit,deposit_received,PAY000240,PSP000240,33104.2,1336807.05,1369911.25
STM000474,2026-05-29 15:23:00,INR,deposit,psp_fee,PAY000240,PSP000240,-794.5,1369911.25,1369116.75
STM000475,2026-05-29 15:28:00,INR,deposit,deposit_received,PAY000235,PSP000235,42284.04,1369116.75,1411400.79
STM000476,2026-05-29 15:29:00,INR,deposit,psp_fee,PAY000235,PSP000235,-1014.82,1411400.79,1410385.97
STM000477,2026-05-29 15:40:00,INR,deposit,deposit_received,PAY000233,PSP000233,13762.83,1410385.97,1424148.8
STM000478,2026-05-29 15:41:00,INR,deposit,psp_fee,PAY000233,PSP000233,-330.31,1424148.8,1423818.49
STM000479,2026-05-29 15:46:00,MYR,deposit,deposit_received,PAY000239,PSP000239,427.92,48334.46,48762.38
STM000480,2026-05-29 15:47:00,MYR,deposit,psp_fee,PAY000239,PSP000239,-10.27,48762.38,48752.11
STM000481,2026-05-29 16:12:00,MYR,payout,payout_sent,PAY000243,PSP000243,-546.55,48752.11,48205.56
STM000482,2026-05-29 16:13:00,MYR,payout,psp_fee,PAY000243,PSP000243,-13.12,48205.56,48192.44
STM000483,2026-05-29 16:32:00,INR,deposit,deposit_received,PAY000242,PSP000242,43425.0,1423818.49,1467243.49
STM000484,2026-05-29 16:33:00,INR,deposit,psp_fee,PAY000242,PSP000242,-1042.2,1467243.49,1466201.29
STM000485,2026-05-29 16:52:00,INR,deposit,deposit_received,PAY000238,PSP000238,23475.91,1466201.29,1489677.2
STM000486,2026-05-29 16:53:00,INR,deposit,psp_fee,PAY000238,PSP000238,-563.42,1489677.2,1489113.78
STM000487,2026-05-29 17:17:00,MYR,deposit,deposit_received,PAY000245,PSP000245,499.01,48192.44,48691.45
STM000488,2026-05-29 17:18:00,MYR,deposit,psp_fee,PAY000245,PSP000245,-11.98,48691.45,48679.47
STM000489,2026-05-29 18:13:00,INR,deposit,deposit_received,PAY000244,PSP000244,46680.3,1489113.78,1535794.08
STM000490,2026-05-29 18:14:00,INR,deposit,psp_fee,PAY000244,PSP000244,-1120.33,1535794.08,1534673.75
STM000491,2026-05-29 18:30:00,MYR,deposit,deposit_received,PAY000246,PSP000246,1482.36,48679.47,50161.83
STM000492,2026-05-29 18:31:00,MYR,deposit,psp_fee,PAY000246,PSP000246,-35.58,50161.83,50126.25
STM000493,2026-05-29 20:21:00,MYR,payout,payout_sent,PAY000247,PSP000247,-265.11,50126.25,49861.14
STM000494,2026-05-29 20:22:00,MYR,payout,psp_fee,PAY000247,PSP000247,-6.36,49861.14,49854.78
STM000495,2026-05-29 20:48:00,INR,deposit,deposit_received,PAY000250,PSP000250,41157.59,1534673.75,1575831.34
STM000496,2026-05-29 20:49:00,INR,deposit,psp_fee,PAY000250,PSP000250,-987.78,1575831.34,1574843.56
STM000497,2026-05-29 20:50:00,INR,deposit,deposit_received,PAY000249,PSP000249,24005.28,1574843.56,1598848.84
STM000498,2026-05-29 20:51:00,INR,deposit,psp_fee,PAY000249,PSP000249,-576.13,1598848.84,1598272.71
STM000499,2026-05-29 21:09:00,MYR,deposit,deposit_received,PAY000248,PSP000248,996.01,49854.78,50850.79
STM000500,2026-05-29 21:10:00,MYR,deposit,psp_fee,PAY000248,PSP000248,-23.9,50850.79,50826.89
STM000501,2026-05-29 23:39:00,INR,deposit,deposit_received,PAY000251,PSP000251,34688.78,1598272.71,1632961.49
STM000502,2026-05-29 23:40:00,INR,deposit,psp_fee,PAY000251,PSP000251,-832.53,1632961.49,1632128.96
STM000503,2026-05-30 09:34:00,MYR,payout,payout_sent,PAY000254,PSP000254,-425.97,50826.89,50400.92
STM000504,2026-05-30 09:35:00,MYR,payout,psp_fee,PAY000254,PSP000254,-10.22,50400.92,50390.7
STM000505,2026-05-30 09:55:00,MYR,deposit,deposit_received,PAY000252,PSP000252,1288.73,50390.7,51679.43
STM000506,2026-05-30 09:56:00,MYR,deposit,psp_fee,PAY000252,PSP000252,-30.93,51679.43,51648.5
STM000507,2026-05-30 10:09:00,INR,deposit,deposit_received,PAY000253,PSP000253,42953.53,1632128.96,1675082.49
STM000508,2026-05-30 10:10:00,INR,deposit,psp_fee,PAY000253,PSP000253,-1030.88,1675082.49,1674051.61
STM000509,2026-05-30 11:18:00,MYR,deposit,deposit_received,PAY000257,PSP000257,1443.25,51648.5,53091.75
STM000510,2026-05-30 11:19:00,MYR,deposit,psp_fee,PAY000257,PSP000257,-34.64,53091.75,53057.11
STM000511,2026-05-30 12:18:00,MYR,deposit,deposit_received,PAY000256,PSP000256,1736.9,53057.11,54794.01
STM000512,2026-05-30 12:19:00,MYR,deposit,psp_fee,PAY000256,PSP000256,-41.69,54794.01,54752.32
STM000513,2026-05-30 12:22:00,INR,deposit,deposit_received,PAY000255,PSP000255,45836.59,1674051.61,1719888.2
STM000514,2026-05-30 12:23:00,INR,deposit,psp_fee,PAY000255,PSP000255,-1100.08,1719888.2,1718788.12
STM000515,2026-05-30 12:38:00,INR,deposit,deposit_received,PAY000260,PSP000260,652.25,1718788.12,1719440.37
STM000516,2026-05-30 12:39:00,INR,deposit,psp_fee,PAY000260,PSP000260,-15.65,1719440.37,1719424.72
STM000517,2026-05-30 12:47:00,INR,deposit,deposit_received,PAY000258,PSP000258,3785.18,1719424.72,1723209.9
STM000518,2026-05-30 12:48:00,INR,deposit,psp_fee,PAY000258,PSP000258,-90.84,1723209.9,1723119.06
STM000519,2026-05-30 12:54:00,MYR,deposit,deposit_received,PAY000261,PSP000261,248.33,54752.32,55000.65
STM000520,2026-05-30 12:55:00,MYR,deposit,psp_fee,PAY000261,PSP000261,-5.96,55000.65,54994.69
STM000521,2026-05-30 13:40:00,INR,payout,payout_sent,PAY000262,PSP000262,-20368.98,1723119.06,1702750.08
STM000522,2026-05-30 13:41:00,INR,payout,psp_fee,PAY000262,PSP000262,-488.86,1702750.08,1702261.22
STM000523,2026-05-30 13:41:00,MYR,deposit,deposit_received,PAY000265,PSP000265,472.24,54994.69,55466.93
STM000524,2026-05-30 13:42:00,MYR,deposit,psp_fee,PAY000265,PSP000265,-11.33,55466.93,55455.6
STM000525,2026-05-30 13:57:00,MYR,deposit,deposit_received,PAY000259,PSP000259,1531.09,55455.6,56986.69
STM000526,2026-05-30 13:58:00,MYR,deposit,psp_fee,PAY000259,PSP000259,-36.75,56986.69,56949.94
STM000527,2026-05-30 14:52:00,MYR,deposit,deposit_received,PAY000264,PSP000264,196.27,56949.94,57146.21
STM000528,2026-05-30 14:53:00,MYR,deposit,psp_fee,PAY000264,PSP000264,-4.71,57146.21,57141.5
STM000529,2026-05-30 15:30:00,INR,deposit,deposit_received,PAY000266,PSP000266,10314.18,1702261.22,1712575.4
STM000530,2026-05-30 15:31:00,INR,deposit,psp_fee,PAY000266,PSP000266,-247.54,1712575.4,1712327.86
STM000531,2026-05-30 15:41:00,MYR,deposit,deposit_received,PAY000263,PSP000263,543.54,57141.5,57685.04
STM000532,2026-05-30 15:42:00,MYR,deposit,psp_fee,PAY000263,PSP000263,-13.04,57685.04,57672.0
STM000533,2026-05-30 17:48:00,MYR,deposit,deposit_received,PAY000267,PSP000267,324.02,57672.0,57996.02
STM000534,2026-05-30 17:49:00,MYR,deposit,psp_fee,PAY000267,PSP000267,-7.78,57996.02,57988.24
STM000535,2026-05-30 17:55:00,MYR,deposit,deposit_received,PAY000269,PSP000269,405.37,57988.24,58393.61
STM000536,2026-05-30 17:56:00,MYR,deposit,psp_fee,PAY000269,PSP000269,-9.73,58393.61,58383.88
STM000537,2026-05-30 18:43:00,INR,deposit,deposit_received,PAY000268,PSP000268,22040.36,1712327.86,1734368.22
STM000538,2026-05-30 18:44:00,INR,deposit,psp_fee,PAY000268,PSP000268,-528.97,1734368.22,1733839.25
STM000539,2026-05-30 18:47:00,MYR,deposit,deposit_received,PAY000271,PSP000271,854.11,58383.88,59237.99
STM000540,2026-05-30 18:48:00,MYR,deposit,psp_fee,PAY000271,PSP000271,-20.5,59237.99,59217.49
STM000541,2026-05-30 19:21:00,MYR,deposit,deposit_received,PAY000270,PSP000270,1716.99,59217.49,60934.48
STM000542,2026-05-30 19:22:00,MYR,deposit,psp_fee,PAY000270,PSP000270,-41.21,60934.48,60893.27
STM000543,2026-05-30 19:41:00,INR,deposit,deposit_received,PAY000272,PSP000272,12156.54,1733839.25,1745995.79
STM000544,2026-05-30 19:42:00,INR,deposit,psp_fee,PAY000272,PSP000272,-291.76,1745995.79,1745704.03
STM000545,2026-05-30 20:38:00,INR,payout,payout_sent,PAY000273,PSP000273,-900.1,1745704.03,1744803.93
STM000546,2026-05-30 20:39:00,INR,payout,psp_fee,PAY000273,PSP000273,-21.6,1744803.93,1744782.33
STM000547,2026-05-30 20:52:00,INR,deposit,deposit_received,PAY000276,PSP000276,23811.15,1744782.33,1768593.48
STM000548,2026-05-30 20:53:00,MYR,deposit,deposit_received,PAY000274,PSP000274,1383.1,60893.27,62276.37
STM000549,2026-05-30 20:53:00,INR,deposit,psp_fee,PAY000276,PSP000276,-571.47,1768593.48,1768022.01
STM000550,2026-05-30 20:54:00,MYR,deposit,psp_fee,PAY000274,PSP000274,-33.19,62276.37,62243.18
STM000551,2026-05-30 21:40:00,INR,deposit,deposit_received,PAY000277,PSP000277,31173.06,1768022.01,1799195.07
STM000552,2026-05-30 21:41:00,MYR,payout,payout_sent,PAY000275,PSP000275,-136.5,62243.18,62106.68
STM000553,2026-05-30 21:41:00,INR,deposit,psp_fee,PAY000277,PSP000277,-748.15,1799195.07,1798446.92
STM000554,2026-05-30 21:42:00,MYR,payout,psp_fee,PAY000275,PSP000275,-3.28,62106.68,62103.4
STM000555,2026-05-31 09:08:00,MYR,deposit,deposit_received,PAY000278,PSP000278,111.02,62103.4,62214.42
STM000556,2026-05-31 09:09:00,MYR,deposit,psp_fee,PAY000278,PSP000278,-2.66,62214.42,62211.76
STM000557,2026-05-31 09:10:00,INR,deposit,deposit_received,PAY000279,PSP000279,43955.89,1798446.92,1842402.81
STM000558,2026-05-31 09:11:00,INR,deposit,psp_fee,PAY000279,PSP000279,-1054.94,1842402.81,1841347.87
STM000559,2026-05-31 09:31:00,MYR,deposit,deposit_received,PAY000280,PSP000280,309.34,62211.76,62521.1
STM000560,2026-05-31 09:32:00,MYR,deposit,psp_fee,PAY000280,PSP000280,-7.42,62521.1,62513.68
STM000561,2026-05-31 10:16:00,INR,deposit,deposit_received,PAY000281,PSP000281,43648.14,1841347.87,1884996.01
STM000562,2026-05-31 10:17:00,INR,deposit,psp_fee,PAY000281,PSP000281,-1047.56,1884996.01,1883948.45
STM000563,2026-05-31 10:32:00,MYR,deposit,deposit_received,PAY000282,PSP000282,1808.5,62513.68,64322.18
STM000564,2026-05-31 10:33:00,MYR,deposit,psp_fee,PAY000282,PSP000282,-43.4,64322.18,64278.78
STM000565,2026-05-31 11:32:00,MYR,deposit,deposit_received,PAY000285,PSP000285,137.5,64278.78,64416.28
STM000566,2026-05-31 11:33:00,MYR,deposit,psp_fee,PAY000285,PSP000285,-3.3,64416.28,64412.98
STM000567,2026-05-31 11:36:00,MYR,deposit,deposit_received,PAY000283,PSP000283,1788.56,64412.98,66201.54
STM000568,2026-05-31 11:37:00,MYR,deposit,psp_fee,PAY000283,PSP000283,-42.93,66201.54,66158.61
STM000569,2026-05-31 13:21:00,MYR,deposit,deposit_received,PAY000284,PSP000284,1124.68,66158.61,67283.29
STM000570,2026-05-31 13:22:00,MYR,deposit,psp_fee,PAY000284,PSP000284,-26.99,67283.29,67256.3
STM000571,2026-05-31 13:45:00,MYR,payout,payout_sent,PAY000286,PSP000286,-595.36,67256.3,66660.94
STM000572,2026-05-31 13:46:00,MYR,payout,psp_fee,PAY000286,PSP000286,-14.29,66660.94,66646.65
STM000573,2026-05-31 14:28:00,MYR,deposit,deposit_received,PAY000287,PSP000287,985.84,66646.65,67632.49
STM000574,2026-05-31 14:29:00,MYR,deposit,psp_fee,PAY000287,PSP000287,-23.66,67632.49,67608.83
STM000575,2026-05-31 14:32:00,INR,deposit,deposit_received,PAY000288,PSP000288,10584.82,1883948.45,1894533.27
STM000576,2026-05-31 14:33:00,INR,deposit,psp_fee,PAY000288,PSP000288,-254.04,1894533.27,1894279.23
STM000577,2026-05-31 16:12:00,INR,payout,payout_sent,PAY000289,PSP000289,-14612.38,1894279.23,1879666.85
STM000578,2026-05-31 16:13:00,INR,payout,psp_fee,PAY000289,PSP000289,-350.7,1879666.85,1879316.15
STM000579,2026-05-31 17:03:00,INR,deposit,deposit_received,PAY000290,PSP000290,26537.76,1879316.15,1905853.91
STM000580,2026-05-31 17:04:00,INR,deposit,psp_fee,PAY000290,PSP000290,-636.91,1905853.91,1905217.0
STM000581,2026-05-31 17:45:00,MYR,deposit,deposit_received,PAY000292,PSP000292,806.51,67608.83,68415.34
STM000582,2026-05-31 17:46:00,MYR,deposit,psp_fee,PAY000292,PSP000292,-19.36,68415.34,68395.98
STM000583,2026-05-31 17:49:00,MYR,deposit,deposit_received,PAY000294,PSP000294,1200.58,68395.98,69596.56
STM000584,2026-05-31 17:50:00,MYR,deposit,psp_fee,PAY000294,PSP000294,-28.81,69596.56,69567.75
STM000585,2026-05-31 18:02:00,MYR,payout,payout_sent,PAY000291,PSP000291,-1017.57,69567.75,68550.18
STM000586,2026-05-31 18:03:00,MYR,payout,psp_fee,PAY000291,PSP000291,-24.42,68550.18,68525.76
STM000587,2026-05-31 18:48:00,INR,deposit,deposit_received,PAY000293,PSP000293,1929.29,1905217.0,1907146.29
STM000588,2026-05-31 18:49:00,INR,deposit,psp_fee,PAY000293,PSP000293,-46.3,1907146.29,1907099.99
STM000589,2026-05-31 19:12:00,INR,payout,payout_sent,PAY000296,PSP000296,-8747.44,1907099.99,1898352.55
STM000590,2026-05-31 19:13:00,INR,payout,psp_fee,PAY000296,PSP000296,-209.94,1898352.55,1898142.61
STM000591,2026-05-31 20:16:00,INR,payout,payout_sent,PAY000295,PSP000295,-8783.18,1898142.61,1889359.43
STM000592,2026-05-31 20:17:00,INR,payout,psp_fee,PAY000295,PSP000295,-210.8,1889359.43,1889148.63
STM000593,2026-05-31 21:50:00,INR,deposit,deposit_received,PAY000297,PSP000297,5081.28,1889148.63,1894229.91
STM000594,2026-05-31 21:51:00,INR,deposit,psp_fee,PAY000297,PSP000297,-121.95,1894229.91,1894107.96
STM000595,2026-06-01 07:00:00,INR,settlement,settlement,SET20260601_INR,,-1714640.0,1894107.96,179467.96
STM000596,2026-06-01 07:00:00,MYR,settlement,settlement,SET20260601_MYR,,-57484.67,68525.76,11041.09
STM000597,2026-06-01 09:45:00,INR,deposit,deposit_received,PAY000298,PSP000298,4914.82,179467.96,184382.78
STM000598,2026-06-01 09:46:00,INR,deposit,psp_fee,PAY000298,PSP000298,-117.96,184382.78,184264.82
STM000599,2026-06-01 10:18:00,INR,deposit,deposit_received,PAY000300,PSP000300,36926.52,184264.82,221191.34
STM000600,2026-06-01 10:19:00,INR,deposit,psp_fee,PAY000300,PSP000300,-886.24,221191.34,220305.1
STM000601,2026-06-01 11:43:00,MYR,deposit,deposit_received,PAY000299,PSP000299,1304.92,11041.09,12346.01
STM000602,2026-06-01 11:44:00,MYR,deposit,psp_fee,PAY000299,PSP000299,-31.32,12346.01,12314.69
STM000603,2026-06-01 12:10:00,INR,deposit,deposit_received,PAY000301,PSP000301,41686.62,220305.1,261991.72
STM000604,2026-06-01 12:11:00,INR,deposit,psp_fee,PAY000301,PSP000301,-1000.48,261991.72,260991.24
STM000605,2026-06-01 12:44:00,MYR,deposit,deposit_received,PAY000308,PSP000308,180.77,12314.69,12495.46
STM000606,2026-06-01 12:45:00,MYR,deposit,psp_fee,PAY000308,PSP000308,-4.34,12495.46,12491.12
STM000607,2026-06-01 13:03:00,MYR,deposit,deposit_received,PAY000304,PSP000304,109.66,12491.12,12600.78
STM000608,2026-06-01 13:04:00,MYR,deposit,psp_fee,PAY000304,PSP000304,-2.63,12600.78,12598.15
STM000609,2026-06-01 13:11:00,MYR,deposit,deposit_received,PAY000302,PSP000302,968.59,12598.15,13566.74
STM000610,2026-06-01 13:12:00,MYR,deposit,psp_fee,PAY000302,PSP000302,-23.25,13566.74,13543.49
STM000611,2026-06-01 13:26:00,MYR,deposit,deposit_received,PAY000303,PSP000303,1627.66,13543.49,15171.15
STM000612,2026-06-01 13:27:00,MYR,deposit,psp_fee,PAY000303,PSP000303,-39.06,15171.15,15132.09
STM000613,2026-06-01 13:54:00,INR,deposit,deposit_received,PAY000306,PSP000306,4419.56,260991.24,265410.8
STM000614,2026-06-01 13:55:00,INR,deposit,psp_fee,PAY000306,PSP000306,-106.07,265410.8,265304.73
STM000615,2026-06-01 13:59:00,INR,deposit,deposit_received,PAY000305,PSP000305,46568.05,265304.73,311872.78
STM000616,2026-06-01 14:00:00,INR,deposit,psp_fee,PAY000305,PSP000305,-1117.63,311872.78,310755.15
STM000617,2026-06-01 14:13:00,INR,deposit,deposit_received,PAY000311,PSP000311,9387.83,310755.15,320142.98
STM000618,2026-06-01 14:14:00,INR,deposit,psp_fee,PAY000311,PSP000311,-225.31,320142.98,319917.67
STM000619,2026-06-01 14:22:00,INR,deposit,deposit_received,PAY000307,PSP000307,42156.13,319917.67,362073.8
STM000620,2026-06-01 14:23:00,INR,deposit,psp_fee,PAY000307,PSP000307,-1011.75,362073.8,361062.05
STM000621,2026-06-01 15:11:00,MYR,deposit,deposit_received,PAY000312,PSP000312,1757.21,15132.09,16889.3
STM000622,2026-06-01 15:12:00,MYR,deposit,psp_fee,PAY000312,PSP000312,-42.17,16889.3,16847.13
STM000623,2026-06-01 15:23:00,MYR,deposit,deposit_received,PAY000310,PSP000310,191.09,16847.13,17038.22
STM000624,2026-06-01 15:24:00,MYR,deposit,psp_fee,PAY000310,PSP000310,-4.59,17038.22,17033.63
STM000625,2026-06-01 15:28:00,MYR,deposit,deposit_received,PAY000313,PSP000313,1258.91,17033.63,18292.54
STM000626,2026-06-01 15:29:00,MYR,deposit,psp_fee,PAY000313,PSP000313,-30.21,18292.54,18262.33
STM000627,2026-06-01 15:36:00,INR,deposit,deposit_received,PAY000309,PSP000309,5176.98,361062.05,366239.03
STM000628,2026-06-01 15:37:00,INR,deposit,psp_fee,PAY000309,PSP000309,-124.25,366239.03,366114.78
STM000629,2026-06-01 16:12:00,INR,payout,payout_sent,PAY000315,PSP000315,-991.02,366114.78,365123.76
STM000630,2026-06-01 16:13:00,INR,payout,psp_fee,PAY000315,PSP000315,-23.78,365123.76,365099.98
STM000631,2026-06-01 17:07:00,INR,deposit,deposit_received,PAY000314,PSP000314,37477.95,365099.98,402577.93
STM000632,2026-06-01 17:08:00,INR,deposit,psp_fee,PAY000314,PSP000314,-899.47,402577.93,401678.46
STM000633,2026-06-01 18:36:00,INR,deposit,deposit_received,PAY000316,PSP000316,34744.41,401678.46,436422.87
STM000634,2026-06-01 18:37:00,INR,deposit,psp_fee,PAY000316,PSP000316,-833.87,436422.87,435589.0
STM000635,2026-06-01 18:46:00,MYR,deposit,deposit_received,PAY000318,PSP000318,57.34,18262.33,18319.67
STM000636,2026-06-01 18:47:00,MYR,deposit,psp_fee,PAY000318,PSP000318,-1.38,18319.67,18318.29
STM000637,2026-06-01 20:04:00,MYR,payout,payout_sent,PAY000317,PSP000317,-920.69,18318.29,17397.6
STM000638,2026-06-01 20:05:00,MYR,payout,psp_fee,PAY000317,PSP000317,-22.1,17397.6,17375.5
STM000639,2026-06-01 21:04:00,INR,deposit,deposit_received,PAY000319,PSP000319,43021.1,435589.0,478610.1
STM000640,2026-06-01 21:05:00,INR,deposit,psp_fee,PAY000319,PSP000319,-1032.51,478610.1,477577.59
STM000641,2026-06-01 23:10:00,INR,deposit,deposit_received,PAY000320,PSP000320,42183.44,477577.59,519761.03
STM000642,2026-06-01 23:11:00,INR,deposit,psp_fee,PAY000320,PSP000320,-1012.4,519761.03,518748.63
STM000643,2026-06-02 09:24:00,MYR,deposit,deposit_received,PAY000325,PSP000325,1998.08,17375.5,19373.58
STM000644,2026-06-02 09:25:00,MYR,deposit,psp_fee,PAY000325,PSP000325,-47.95,19373.58,19325.63
STM000645,2026-06-02 09:41:00,MYR,deposit,deposit_received,PAY000323,PSP000323,1182.9,19325.63,20508.53
STM000646,2026-06-02 09:42:00,MYR,deposit,psp_fee,PAY000323,PSP000323,-28.39,20508.53,20480.14
STM000647,2026-06-02 09:50:00,MYR,deposit,deposit_received,PAY000326,PSP000326,486.85,20480.14,20966.99
STM000648,2026-06-02 09:51:00,MYR,deposit,psp_fee,PAY000326,PSP000326,-11.68,20966.99,20955.31
STM000649,2026-06-02 09:53:00,INR,deposit,deposit_received,PAY000321,PSP000321,7834.2,518748.63,526582.83
STM000650,2026-06-02 09:54:00,INR,deposit,psp_fee,PAY000321,PSP000321,-188.02,526582.83,526394.81
STM000651,2026-06-02 10:27:00,INR,deposit,deposit_received,PAY000322,PSP000322,37069.67,526394.81,563464.48
STM000652,2026-06-02 10:28:00,INR,deposit,psp_fee,PAY000322,PSP000322,-889.67,563464.48,562574.81
STM000653,2026-06-02 10:56:00,INR,deposit,deposit_received,PAY000327,PSP000327,27886.16,562574.81,590460.97
STM000654,2026-06-02 10:57:00,INR,deposit,psp_fee,PAY000327,PSP000327,-669.27,590460.97,589791.7
STM000655,2026-06-02 11:02:00,MYR,deposit,deposit_received,PAY000324,PSP000324,232.25,20955.31,21187.56
STM000656,2026-06-02 11:03:00,MYR,deposit,psp_fee,PAY000324,PSP000324,-5.57,21187.56,21181.99
STM000657,2026-06-02 11:14:00,MYR,deposit,deposit_received,PAY000329,PSP000329,347.83,21181.99,21529.82
STM000658,2026-06-02 11:15:00,MYR,deposit,psp_fee,PAY000329,PSP000329,-8.35,21529.82,21521.47
STM000659,2026-06-02 12:56:00,MYR,deposit,deposit_received,PAY000328,PSP000328,1004.73,21521.47,22526.2
STM000660,2026-06-02 12:57:00,MYR,deposit,psp_fee,PAY000328,PSP000328,-24.11,22526.2,22502.09
STM000661,2026-06-02 14:50:00,MYR,deposit,deposit_received,PAY000330,PSP000330,462.81,22502.09,22964.9
STM000662,2026-06-02 14:51:00,MYR,deposit,psp_fee,PAY000330,PSP000330,-11.11,22964.9,22953.79
STM000663,2026-06-02 15:29:00,MYR,deposit,deposit_received,PAY000331,PSP000331,1454.3,22953.79,24408.09
STM000664,2026-06-02 15:30:00,MYR,deposit,psp_fee,PAY000331,PSP000331,-34.9,24408.09,24373.19
STM000665,2026-06-02 15:30:00,MYR,deposit,deposit_received,PAY000332,PSP000332,1255.03,24373.19,25628.22
STM000666,2026-06-02 15:31:00,MYR,deposit,psp_fee,PAY000332,PSP000332,-30.12,25628.22,25598.1
STM000667,2026-06-02 15:48:00,INR,deposit,deposit_received,PAY000333,PSP000333,9077.91,589791.7,598869.61
STM000668,2026-06-02 15:49:00,INR,deposit,psp_fee,PAY000333,PSP000333,-217.87,598869.61,598651.74
STM000669,2026-06-02 17:18:00,INR,deposit,deposit_received,PAY000337,PSP000337,31069.36,598651.74,629721.1
STM000670,2026-06-02 17:19:00,INR,deposit,psp_fee,PAY000337,PSP000337,-745.66,629721.1,628975.44
STM000671,2026-06-02 17:36:00,INR,deposit,deposit_received,PAY000335,PSP000335,49963.43,628975.44,678938.87
STM000672,2026-06-02 17:37:00,INR,deposit,psp_fee,PAY000335,PSP000335,-1199.12,678938.87,677739.75
STM000673,2026-06-02 17:58:00,MYR,payout,payout_sent,PAY000334,PSP000334,-1241.42,25598.1,24356.68
STM000674,2026-06-02 17:59:00,MYR,payout,psp_fee,PAY000334,PSP000334,-29.79,24356.68,24326.89
STM000675,2026-06-02 18:02:00,INR,deposit,deposit_received,PAY000338,PSP000338,39351.85,677739.75,717091.6
STM000676,2026-06-02 18:03:00,INR,deposit,psp_fee,PAY000338,PSP000338,-944.44,717091.6,716147.16
STM000677,2026-06-02 18:35:00,MYR,deposit,deposit_received,PAY000336,PSP000336,374.19,24326.89,24701.08
STM000678,2026-06-02 18:36:00,MYR,deposit,psp_fee,PAY000336,PSP000336,-8.98,24701.08,24692.1
STM000679,2026-06-02 18:45:00,MYR,deposit,deposit_received,PAY000339,PSP000339,1220.45,24692.1,25912.55
STM000680,2026-06-02 18:46:00,MYR,deposit,psp_fee,PAY000339,PSP000339,-29.29,25912.55,25883.26
STM000681,2026-06-02 20:28:00,INR,payout,payout_sent,PAY000340,PSP000340,-20507.19,716147.16,695639.97
STM000682,2026-06-02 20:29:00,INR,payout,psp_fee,PAY000340,PSP000340,-492.17,695639.97,695147.8
STM000683,2026-06-02 21:01:00,INR,deposit,deposit_received,PAY000341,PSP000341,25611.63,695147.8,720759.43
STM000684,2026-06-02 21:02:00,INR,deposit,psp_fee,PAY000341,PSP000341,-614.68,720759.43,720144.75
STM000685,2026-06-02 21:21:00,MYR,deposit,deposit_received,PAY000343,PSP000343,1473.13,25883.26,27356.39
STM000686,2026-06-02 21:22:00,MYR,deposit,psp_fee,PAY000343,PSP000343,-35.36,27356.39,27321.03
STM000687,2026-06-02 21:47:00,INR,deposit,deposit_received,PAY000342,PSP000342,8273.11,720144.75,728417.86
STM000688,2026-06-02 21:48:00,INR,deposit,psp_fee,PAY000342,PSP000342,-198.55,728417.86,728219.31
STM000689,2026-06-02 21:53:00,MYR,deposit,deposit_received,PAY000344,PSP000344,272.28,27321.03,27593.31
STM000690,2026-06-02 21:54:00,MYR,deposit,psp_fee,PAY000344,PSP000344,-6.53,27593.31,27586.78
STM000691,2026-06-02 23:03:00,MYR,deposit,deposit_received,PAY000345,PSP000345,513.27,27586.78,28100.05
STM000692,2026-06-02 23:04:00,MYR,deposit,psp_fee,PAY000345,PSP000345,-12.32,28100.05,28087.73
STM000693,2026-06-03 10:24:00,MYR,deposit,deposit_received,PAY000346,PSP000346,554.05,28087.73,28641.78
STM000694,2026-06-03 10:25:00,MYR,deposit,psp_fee,PAY000346,PSP000346,-13.3,28641.78,28628.48
STM000695,2026-06-03 10:27:00,INR,deposit,deposit_received,PAY000347,PSP000347,21375.25,728219.31,749594.56
STM000696,2026-06-03 10:28:00,INR,deposit,psp_fee,PAY000347,PSP000347,-513.01,749594.56,749081.55
STM000697,2026-06-03 10:40:00,MYR,deposit,deposit_received,PAY000349,PSP000349,316.8,28628.48,28945.28
STM000698,2026-06-03 10:41:00,MYR,deposit,psp_fee,PAY000349,PSP000349,-7.6,28945.28,28937.68
STM000699,2026-06-03 11:42:00,INR,deposit,deposit_received,PAY000350,PSP000350,20381.72,749081.55,769463.27
STM000700,2026-06-03 11:43:00,INR,deposit,psp_fee,PAY000350,PSP000350,-489.16,769463.27,768974.11
STM000701,2026-06-03 11:53:00,MYR,deposit,deposit_received,PAY000353,PSP000353,1821.18,28937.68,30758.86
STM000702,2026-06-03 11:54:00,MYR,deposit,psp_fee,PAY000353,PSP000353,-43.71,30758.86,30715.15
STM000703,2026-06-03 12:14:00,MYR,deposit,deposit_received,PAY000348,PSP000348,1799.19,30715.15,32514.34
STM000704,2026-06-03 12:15:00,MYR,deposit,psp_fee,PAY000348,PSP000348,-43.18,32514.34,32471.16
STM000705,2026-06-03 13:01:00,INR,deposit,deposit_received,PAY000352,PSP000352,48646.73,768974.11,817620.84
STM000706,2026-06-03 13:02:00,INR,deposit,psp_fee,PAY000352,PSP000352,-1167.52,817620.84,816453.32
STM000707,2026-06-03 13:49:00,INR,deposit,deposit_received,PAY000351,PSP000351,33178.72,816453.32,849632.04
STM000708,2026-06-03 13:50:00,INR,deposit,psp_fee,PAY000351,PSP000351,-796.29,849632.04,848835.75
STM000709,2026-06-03 13:51:00,MYR,deposit,deposit_received,PAY000354,PSP000354,1409.58,32471.16,33880.74
STM000710,2026-06-03 13:52:00,MYR,deposit,psp_fee,PAY000354,PSP000354,-33.83,33880.74,33846.91
STM000711,2026-06-03 15:00:00,INR,deposit,deposit_received,PAY000357,PSP000357,14554.43,848835.75,863390.18
STM000712,2026-06-03 15:01:00,INR,deposit,psp_fee,PAY000357,PSP000357,-349.31,863390.18,863040.87
STM000713,2026-06-03 15:15:00,INR,deposit,deposit_received,PAY000356,PSP000356,2330.02,863040.87,865370.89
STM000714,2026-06-03 15:16:00,INR,deposit,psp_fee,PAY000356,PSP000356,-55.92,865370.89,865314.97
STM000715,2026-06-03 16:32:00,INR,deposit,deposit_received,PAY000355,PSP000355,35024.81,865314.97,900339.78
STM000716,2026-06-03 16:33:00,INR,deposit,psp_fee,PAY000355,PSP000355,-840.6,900339.78,899499.18
STM000717,2026-06-03 17:37:00,MYR,deposit,deposit_received,PAY000358,PSP000358,76.14,33846.91,33923.05
STM000718,2026-06-03 17:38:00,MYR,deposit,psp_fee,PAY000358,PSP000358,-1.83,33923.05,33921.22
STM000719,2026-06-03 18:12:00,MYR,deposit,deposit_received,PAY000359,PSP000359,1461.22,33921.22,35382.44
STM000720,2026-06-03 18:13:00,MYR,deposit,psp_fee,PAY000359,PSP000359,-35.07,35382.44,35347.37
STM000721,2026-06-03 19:11:00,INR,deposit,deposit_received,PAY000360,PSP000360,31535.98,899499.18,931035.16
STM000722,2026-06-03 19:12:00,INR,deposit,psp_fee,PAY000360,PSP000360,-756.86,931035.16,930278.3
STM000723,2026-06-03 19:47:00,INR,deposit,deposit_received,PAY000364,PSP000364,37006.86,930278.3,967285.16
STM000724,2026-06-03 19:48:00,INR,deposit,psp_fee,PAY000364,PSP000364,-888.16,967285.16,966397.0
STM000725,2026-06-03 20:10:00,INR,deposit,deposit_received,PAY000365,PSP000365,22988.32,966397.0,989385.32
STM000726,2026-06-03 20:11:00,INR,deposit,psp_fee,PAY000365,PSP000365,-551.72,989385.32,988833.6
STM000727,2026-06-03 20:27:00,INR,deposit,deposit_received,PAY000361,PSP000361,22712.48,988833.6,1011546.08
STM000728,2026-06-03 20:28:00,INR,deposit,psp_fee,PAY000361,PSP000361,-545.1,1011546.08,1011000.98
STM000729,2026-06-03 20:44:00,INR,payout,payout_sent,PAY000362,PSP000362,-20580.49,1011000.98,990420.49
STM000730,2026-06-03 20:45:00,INR,payout,psp_fee,PAY000362,PSP000362,-493.93,990420.49,989926.56
STM000731,2026-06-03 21:42:00,MYR,deposit,deposit_received,PAY000366,PSP000366,211.73,35347.37,35559.1
STM000732,2026-06-03 21:43:00,MYR,deposit,psp_fee,PAY000366,PSP000366,-5.08,35559.1,35554.02
STM000733,2026-06-03 21:45:00,INR,deposit,deposit_received,PAY000363,PSP000363,33512.66,989926.56,1023439.22
STM000734,2026-06-03 21:46:00,INR,deposit,psp_fee,PAY000363,PSP000363,-804.3,1023439.22,1022634.92
STM000735,2026-06-03 21:47:00,MYR,deposit,deposit_received,PAY000368,PSP000368,1564.28,35554.02,37118.3
STM000736,2026-06-03 21:48:00,MYR,deposit,psp_fee,PAY000368,PSP000368,-37.54,37118.3,37080.76
STM000737,2026-06-03 23:06:00,INR,deposit,deposit_received,PAY000367,PSP000367,4364.6,1022634.92,1026999.52
STM000738,2026-06-03 23:07:00,INR,deposit,psp_fee,PAY000367,PSP000367,-104.75,1026999.52,1026894.77
STM000739,2026-06-04 10:03:00,MYR,deposit,deposit_received,PAY000371,PSP000371,1730.65,37080.76,38811.41
STM000740,2026-06-04 10:04:00,MYR,deposit,psp_fee,PAY000371,PSP000371,-41.54,38811.41,38769.87
STM000741,2026-06-04 10:45:00,MYR,payout,payout_sent,PAY000369,PSP000369,-919.48,38769.87,37850.39
STM000742,2026-06-04 10:46:00,MYR,payout,psp_fee,PAY000369,PSP000369,-22.07,37850.39,37828.32
STM000743,2026-06-04 10:53:00,MYR,deposit,deposit_received,PAY000375,PSP000375,1588.67,37828.32,39416.99
STM000744,2026-06-04 10:54:00,MYR,deposit,psp_fee,PAY000375,PSP000375,-38.13,39416.99,39378.86
STM000745,2026-06-04 11:02:00,MYR,deposit,deposit_received,PAY000377,PSP000377,716.84,39378.86,40095.7
STM000746,2026-06-04 11:03:00,MYR,deposit,psp_fee,PAY000377,PSP000377,-17.2,40095.7,40078.5
STM000747,2026-06-04 11:09:00,MYR,deposit,deposit_received,PAY000370,PSP000370,1026.4,40078.5,41104.9
STM000748,2026-06-04 11:09:00,MYR,deposit,deposit_received,PAY000374,PSP000374,261.95,41104.9,41366.85
STM000749,2026-06-04 11:10:00,MYR,deposit,psp_fee,PAY000370,PSP000370,-24.63,41366.85,41342.22
STM000750,2026-06-04 11:10:00,MYR,deposit,psp_fee,PAY000374,PSP000374,-6.29,41342.22,41335.93
STM000751,2026-06-04 11:24:00,INR,deposit,deposit_received,PAY000373,PSP000373,5961.64,1026894.77,1032856.41
STM000752,2026-06-04 11:25:00,INR,deposit,psp_fee,PAY000373,PSP000373,-143.08,1032856.41,1032713.33
STM000753,2026-06-04 11:26:00,MYR,deposit,deposit_received,PAY000376,PSP000376,1781.44,41335.93,43117.37
STM000754,2026-06-04 11:27:00,MYR,deposit,psp_fee,PAY000376,PSP000376,-42.75,43117.37,43074.62
STM000755,2026-06-04 12:07:00,INR,deposit,deposit_received,PAY000372,PSP000372,37451.57,1032713.33,1070164.9
STM000756,2026-06-04 12:08:00,INR,deposit,psp_fee,PAY000372,PSP000372,-898.84,1070164.9,1069266.06
STM000757,2026-06-04 12:36:00,MYR,deposit,deposit_received,PAY000381,PSP000381,697.83,43074.62,43772.45
STM000758,2026-06-04 12:37:00,MYR,deposit,psp_fee,PAY000381,PSP000381,-16.75,43772.45,43755.7
STM000759,2026-06-04 12:41:00,MYR,deposit,deposit_received,PAY000382,PSP000382,1735.93,43755.7,45491.63
STM000760,2026-06-04 12:42:00,MYR,deposit,psp_fee,PAY000382,PSP000382,-41.66,45491.63,45449.97
STM000761,2026-06-04 13:12:00,MYR,deposit,deposit_received,PAY000383,PSP000383,1298.51,45449.97,46748.48
STM000762,2026-06-04 13:13:00,MYR,deposit,psp_fee,PAY000383,PSP000383,-31.16,46748.48,46717.32
STM000763,2026-06-04 13:21:00,MYR,deposit,deposit_received,PAY000378,PSP000378,921.18,46717.32,47638.5
STM000764,2026-06-04 13:22:00,MYR,deposit,psp_fee,PAY000378,PSP000378,-22.11,47638.5,47616.39
STM000765,2026-06-04 13:28:00,MYR,deposit,deposit_received,PAY000380,PSP000380,323.5,47616.39,47939.89
STM000766,2026-06-04 13:29:00,MYR,deposit,psp_fee,PAY000380,PSP000380,-7.76,47939.89,47932.13
STM000767,2026-06-04 14:06:00,MYR,deposit,deposit_received,PAY000379,PSP000379,1531.04,47932.13,49463.17
STM000768,2026-06-04 14:07:00,MYR,deposit,psp_fee,PAY000379,PSP000379,-36.74,49463.17,49426.43
STM000769,2026-06-04 14:21:00,INR,deposit,deposit_received,PAY000385,PSP000385,9397.3,1069266.06,1078663.36
STM000770,2026-06-04 14:22:00,INR,deposit,psp_fee,PAY000385,PSP000385,-225.54,1078663.36,1078437.82
STM000771,2026-06-04 14:36:00,MYR,deposit,deposit_received,PAY000387,PSP000387,998.2,49426.43,50424.63
STM000772,2026-06-04 14:37:00,MYR,deposit,psp_fee,PAY000387,PSP000387,-23.96,50424.63,50400.67
STM000773,2026-06-04 15:24:00,INR,deposit,deposit_received,PAY000384,PSP000384,9875.1,1078437.82,1088312.92
STM000774,2026-06-04 15:25:00,INR,deposit,psp_fee,PAY000384,PSP000384,-237.0,1088312.92,1088075.92
STM000775,2026-06-04 16:19:00,MYR,deposit,deposit_received,PAY000388,PSP000388,1723.51,50400.67,52124.18
STM000776,2026-06-04 16:20:00,MYR,deposit,psp_fee,PAY000388,PSP000388,-41.36,52124.18,52082.82
STM000777,2026-06-04 16:27:00,MYR,deposit,deposit_received,PAY000389,PSP000389,1097.31,52082.82,53180.13
STM000778,2026-06-04 16:28:00,MYR,deposit,psp_fee,PAY000389,PSP000389,-26.34,53180.13,53153.79
STM000779,2026-06-04 16:36:00,INR,deposit,deposit_received,PAY000386,PSP000386,22489.36,1088075.92,1110565.28
STM000780,2026-06-04 16:37:00,INR,deposit,psp_fee,PAY000386,PSP000386,-539.74,1110565.28,1110025.54
STM000781,2026-06-04 18:18:00,INR,deposit,deposit_received,PAY000390,PSP000390,8134.25,1110025.54,1118159.79
STM000782,2026-06-04 18:19:00,INR,deposit,psp_fee,PAY000390,PSP000390,-195.22,1118159.79,1117964.57
STM000783,2026-06-04 18:38:00,INR,payout,payout_sent,PAY000391,PSP000391,-5276.3,1117964.57,1112688.27
STM000784,2026-06-04 18:39:00,INR,payout,psp_fee,PAY000391,PSP000391,-126.63,1112688.27,1112561.64
STM000785,2026-06-04 19:34:00,INR,deposit,deposit_received,PAY000394,PSP000394,19559.91,1112561.64,1132121.55
STM000786,2026-06-04 19:35:00,INR,deposit,psp_fee,PAY000394,PSP000394,-469.44,1132121.55,1131652.11
STM000787,2026-06-04 19:49:00,MYR,deposit,deposit_received,PAY000393,PSP000393,132.2,53153.79,53285.99
STM000788,2026-06-04 19:50:00,MYR,deposit,psp_fee,PAY000393,PSP000393,-3.17,53285.99,53282.82
STM000789,2026-06-04 20:08:00,MYR,deposit,deposit_received,PAY000392,PSP000392,843.26,53282.82,54126.08
STM000790,2026-06-04 20:09:00,MYR,deposit,psp_fee,PAY000392,PSP000392,-20.24,54126.08,54105.84
STM000791,2026-06-04 21:18:00,INR,deposit,deposit_received,PAY000397,PSP000397,32751.77,1131652.11,1164403.88
STM000792,2026-06-04 21:19:00,INR,deposit,psp_fee,PAY000397,PSP000397,-786.04,1164403.88,1163617.84
STM000793,2026-06-04 21:25:00,MYR,deposit,deposit_received,PAY000398,PSP000398,430.81,54105.84,54536.65
STM000794,2026-06-04 21:26:00,MYR,deposit,psp_fee,PAY000398,PSP000398,-10.34,54536.65,54526.31
STM000795,2026-06-04 21:29:00,INR,deposit,deposit_received,PAY000395,PSP000395,20650.28,1163617.84,1184268.12
STM000796,2026-06-04 21:30:00,INR,deposit,psp_fee,PAY000395,PSP000395,-495.61,1184268.12,1183772.51
STM000797,2026-06-04 22:00:00,MYR,deposit,deposit_received,PAY000396,PSP000396,560.24,54526.31,55086.55
STM000798,2026-06-04 22:01:00,MYR,deposit,psp_fee,PAY000396,PSP000396,-13.45,55086.55,55073.1
STM000799,2026-06-05 09:50:00,INR,deposit,deposit_received,PAY000401,PSP000401,14028.5,1183772.51,1197801.01
STM000800,2026-06-05 09:51:00,INR,deposit,psp_fee,PAY000401,PSP000401,-336.68,1197801.01,1197464.33
STM000801,2026-06-05 10:43:00,INR,deposit,deposit_received,PAY000399,PSP000399,47654.33,1197464.33,1245118.66
STM000802,2026-06-05 10:44:00,INR,deposit,psp_fee,PAY000399,PSP000399,-1143.7,1245118.66,1243974.96
STM000803,2026-06-05 11:00:00,INR,deposit,deposit_received,PAY000400,PSP000400,48075.16,1243974.96,1292050.12
STM000804,2026-06-05 11:01:00,INR,deposit,psp_fee,PAY000400,PSP000400,-1153.8,1292050.12,1290896.32
STM000805,2026-06-05 11:48:00,MYR,deposit,deposit_received,PAY000402,PSP000402,1182.76,55073.1,56255.86
STM000806,2026-06-05 11:49:00,MYR,deposit,psp_fee,PAY000402,PSP000402,-28.39,56255.86,56227.47
STM000807,2026-06-05 12:10:00,INR,deposit,deposit_received,PAY000403,PSP000403,28372.54,1290896.32,1319268.86
STM000808,2026-06-05 12:11:00,INR,deposit,psp_fee,PAY000403,PSP000403,-680.94,1319268.86,1318587.92
STM000809,2026-06-05 12:54:00,MYR,payout,payout_sent,PAY000404,PSP000404,-966.02,56227.47,55261.45
STM000810,2026-06-05 12:55:00,MYR,payout,psp_fee,PAY000404,PSP000404,-23.18,55261.45,55238.27
STM000811,2026-06-05 13:06:00,MYR,deposit,deposit_received,PAY000407,PSP000407,61.27,55238.27,55299.54
STM000812,2026-06-05 13:07:00,MYR,deposit,psp_fee,PAY000407,PSP000407,-1.47,55299.54,55298.07
STM000813,2026-06-05 13:26:00,MYR,deposit,deposit_received,PAY000405,PSP000405,1916.11,55298.07,57214.18
STM000814,2026-06-05 13:27:00,MYR,deposit,psp_fee,PAY000405,PSP000405,-45.99,57214.18,57168.19
STM000815,2026-06-05 14:56:00,MYR,deposit,deposit_received,PAY000406,PSP000406,567.84,57168.19,57736.03
STM000816,2026-06-05 14:57:00,MYR,deposit,psp_fee,PAY000406,PSP000406,-13.63,57736.03,57722.4
STM000817,2026-06-05 15:30:00,INR,deposit,deposit_received,PAY000410,PSP000410,33776.17,1318587.92,1352364.09
STM000818,2026-06-05 15:31:00,INR,deposit,psp_fee,PAY000410,PSP000410,-810.63,1352364.09,1351553.46
STM000819,2026-06-05 15:40:00,INR,deposit,deposit_received,PAY000408,PSP000408,45121.53,1351553.46,1396674.99
STM000820,2026-06-05 15:41:00,INR,deposit,psp_fee,PAY000408,PSP000408,-1082.92,1396674.99,1395592.07
STM000821,2026-06-05 15:41:00,MYR,payout,payout_sent,PAY000409,PSP000409,-1012.98,57722.4,56709.42
STM000822,2026-06-05 15:42:00,MYR,payout,psp_fee,PAY000409,PSP000409,-24.31,56709.42,56685.11
STM000823,2026-06-05 16:00:00,MYR,deposit,deposit_received,PAY000411,PSP000411,791.9,56685.11,57477.01
STM000824,2026-06-05 16:01:00,MYR,deposit,psp_fee,PAY000411,PSP000411,-19.01,57477.01,57458.0
STM000825,2026-06-05 18:13:00,MYR,deposit,deposit_received,PAY000412,PSP000412,905.82,57458.0,58363.82
STM000826,2026-06-05 18:14:00,MYR,deposit,psp_fee,PAY000412,PSP000412,-21.74,58363.82,58342.08
STM000827,2026-06-05 18:33:00,INR,deposit,deposit_received,PAY000416,PSP000416,25266.12,1395592.07,1420858.19
STM000828,2026-06-05 18:34:00,INR,deposit,psp_fee,PAY000416,PSP000416,-606.39,1420858.19,1420251.8
STM000829,2026-06-05 19:36:00,INR,deposit,deposit_received,PAY000418,PSP000418,37425.69,1420251.8,1457677.49
STM000830,2026-06-05 19:37:00,INR,deposit,psp_fee,PAY000418,PSP000418,-898.22,1457677.49,1456779.27
STM000831,2026-06-05 19:51:00,MYR,deposit,deposit_received,PAY000414,PSP000414,491.49,58342.08,58833.57
STM000832,2026-06-05 19:52:00,MYR,deposit,psp_fee,PAY000414,PSP000414,-11.8,58833.57,58821.77
STM000833,2026-06-05 20:20:00,INR,deposit,deposit_received,PAY000413,PSP000413,9979.83,1456779.27,1466759.1
STM000834,2026-06-05 20:21:00,INR,deposit,psp_fee,PAY000413,PSP000413,-239.52,1466759.1,1466519.58
STM000835,2026-06-05 20:31:00,INR,deposit,deposit_received,PAY000415,PSP000415,853.2,1466519.58,1467372.78
STM000836,2026-06-05 20:32:00,INR,deposit,psp_fee,PAY000415,PSP000415,-20.48,1467372.78,1467352.3
STM000837,2026-06-05 21:02:00,MYR,deposit,deposit_received,PAY000424,PSP000424,413.38,58821.77,59235.15
STM000838,2026-06-05 21:03:00,MYR,deposit,psp_fee,PAY000424,PSP000424,-9.92,59235.15,59225.23
STM000839,2026-06-05 21:12:00,INR,payout,payout_sent,PAY000417,PSP000417,-17371.26,1467352.3,1449981.04
STM000840,2026-06-05 21:13:00,INR,payout,psp_fee,PAY000417,PSP000417,-416.91,1449981.04,1449564.13
STM000841,2026-06-05 21:35:00,INR,payout,payout_sent,PAY000421,PSP000421,-11489.72,1449564.13,1438074.41
STM000842,2026-06-05 21:36:00,INR,payout,psp_fee,PAY000421,PSP000421,-275.75,1438074.41,1437798.66
STM000843,2026-06-05 21:38:00,MYR,deposit,deposit_received,PAY000420,PSP000420,33.85,59225.23,59259.08
STM000844,2026-06-05 21:39:00,MYR,deposit,psp_fee,PAY000420,PSP000420,-0.81,59259.08,59258.27
STM000845,2026-06-05 21:59:00,INR,deposit,deposit_received,PAY000419,PSP000419,9996.65,1437798.66,1447795.31
STM000846,2026-06-05 22:00:00,INR,deposit,psp_fee,PAY000419,PSP000419,-239.92,1447795.31,1447555.39
STM000847,2026-06-05 22:21:00,INR,deposit,deposit_received,PAY000423,PSP000423,2824.75,1447555.39,1450380.14
STM000848,2026-06-05 22:22:00,INR,deposit,psp_fee,PAY000423,PSP000423,-67.79,1450380.14,1450312.35
STM000849,2026-06-05 22:24:00,INR,payout,payout_sent,PAY000422,PSP000422,-13031.41,1450312.35,1437280.94
STM000850,2026-06-05 22:25:00,INR,payout,psp_fee,PAY000422,PSP000422,-312.75,1437280.94,1436968.19
STM000851,2026-06-06 09:37:00,MYR,deposit,deposit_received,PAY000428,PSP000428,242.45,59258.27,59500.72
STM000852,2026-06-06 09:38:00,MYR,deposit,psp_fee,PAY000428,PSP000428,-5.82,59500.72,59494.9
STM000853,2026-06-06 10:02:00,INR,deposit,deposit_received,PAY000425,PSP000425,48915.73,1436968.19,1485883.92
STM000854,2026-06-06 10:03:00,INR,deposit,psp_fee,PAY000425,PSP000425,-1173.98,1485883.92,1484709.94
STM000855,2026-06-06 10:12:00,INR,deposit,deposit_received,PAY000429,PSP000429,39808.5,1484709.94,1524518.44
STM000856,2026-06-06 10:13:00,INR,deposit,psp_fee,PAY000429,PSP000429,-955.4,1524518.44,1523563.04
STM000857,2026-06-06 10:38:00,MYR,payout,payout_sent,PAY000430,PSP000430,-780.11,59494.9,58714.79
STM000858,2026-06-06 10:39:00,MYR,payout,psp_fee,PAY000430,PSP000430,-18.72,58714.79,58696.07
STM000859,2026-06-06 10:56:00,INR,deposit,deposit_received,PAY000431,PSP000431,39240.99,1523563.04,1562804.03
STM000860,2026-06-06 10:57:00,INR,deposit,psp_fee,PAY000431,PSP000431,-941.78,1562804.03,1561862.25
STM000861,2026-06-06 10:58:00,INR,deposit,deposit_received,PAY000426,PSP000426,15884.89,1561862.25,1577747.14
STM000862,2026-06-06 10:59:00,INR,deposit,psp_fee,PAY000426,PSP000426,-381.24,1577747.14,1577365.9
STM000863,2026-06-06 11:05:00,INR,deposit,deposit_received,PAY000427,PSP000427,40498.92,1577365.9,1617864.82
STM000864,2026-06-06 11:06:00,INR,deposit,psp_fee,PAY000427,PSP000427,-971.97,1617864.82,1616892.85
STM000865,2026-06-06 12:42:00,INR,deposit,deposit_received,PAY000436,PSP000436,29596.76,1616892.85,1646489.61
STM000866,2026-06-06 12:43:00,INR,deposit,psp_fee,PAY000436,PSP000436,-710.32,1646489.61,1645779.29
STM000867,2026-06-06 13:40:00,MYR,deposit,deposit_received,PAY000432,PSP000432,159.61,58696.07,58855.68
STM000868,2026-06-06 13:41:00,MYR,deposit,psp_fee,PAY000432,PSP000432,-3.83,58855.68,58851.85
STM000869,2026-06-06 13:42:00,INR,deposit,deposit_received,PAY000433,PSP000433,20383.31,1645779.29,1666162.6
STM000870,2026-06-06 13:43:00,INR,deposit,psp_fee,PAY000433,PSP000433,-489.2,1666162.6,1665673.4
STM000871,2026-06-06 13:47:00,MYR,deposit,deposit_received,PAY000434,PSP000434,923.22,58851.85,59775.07
STM000872,2026-06-06 13:48:00,MYR,deposit,psp_fee,PAY000434,PSP000434,-22.16,59775.07,59752.91
STM000873,2026-06-06 14:26:00,INR,deposit,deposit_received,PAY000437,PSP000437,29847.88,1665673.4,1695521.28
STM000874,2026-06-06 14:27:00,INR,deposit,psp_fee,PAY000437,PSP000437,-716.35,1695521.28,1694804.93
STM000875,2026-06-06 15:01:00,MYR,deposit,deposit_received,PAY000439,PSP000439,1600.14,59752.91,61353.05
STM000876,2026-06-06 15:02:00,MYR,deposit,deposit_received,PAY000435,PSP000435,699.04,61353.05,62052.09
STM000877,2026-06-06 15:02:00,MYR,deposit,psp_fee,PAY000439,PSP000439,-38.4,62052.09,62013.69
STM000878,2026-06-06 15:03:00,MYR,deposit,psp_fee,PAY000435,PSP000435,-16.78,62013.69,61996.91
STM000879,2026-06-06 15:57:00,INR,deposit,deposit_received,PAY000438,PSP000438,18091.87,1694804.93,1712896.8
STM000880,2026-06-06 15:58:00,INR,deposit,psp_fee,PAY000438,PSP000438,-434.2,1712896.8,1712462.6
STM000881,2026-06-06 17:27:00,MYR,deposit,deposit_received,PAY000440,PSP000440,1920.69,61996.91,63917.6
STM000882,2026-06-06 17:28:00,MYR,deposit,psp_fee,PAY000440,PSP000440,-46.1,63917.6,63871.5
STM000883,2026-06-06 18:07:00,INR,deposit,deposit_received,PAY000441,PSP000441,30364.81,1712462.6,1742827.41
STM000884,2026-06-06 18:08:00,INR,deposit,psp_fee,PAY000441,PSP000441,-728.76,1742827.41,1742098.65
STM000885,2026-06-06 19:20:00,INR,deposit,deposit_received,PAY000442,PSP000442,3337.22,1742098.65,1745435.87
STM000886,2026-06-06 19:21:00,INR,deposit,psp_fee,PAY000442,PSP000442,-80.09,1745435.87,1745355.78
STM000887,2026-06-06 20:21:00,MYR,deposit,deposit_received,PAY000446,PSP000446,236.55,63871.5,64108.05
STM000888,2026-06-06 20:22:00,MYR,deposit,psp_fee,PAY000446,PSP000446,-5.68,64108.05,64102.37
STM000889,2026-06-06 20:35:00,INR,deposit,deposit_received,PAY000444,PSP000444,9873.1,1745355.78,1755228.88
STM000890,2026-06-06 20:36:00,INR,deposit,psp_fee,PAY000444,PSP000444,-236.95,1755228.88,1754991.93
STM000891,2026-06-06 20:45:00,INR,deposit,deposit_received,PAY000443,PSP000443,48837.28,1754991.93,1803829.21
STM000892,2026-06-06 20:46:00,INR,deposit,psp_fee,PAY000443,PSP000443,-1172.09,1803829.21,1802657.12
STM000893,2026-06-06 21:56:00,MYR,payout,payout_sent,PAY000445,PSP000445,-1126.64,64102.37,62975.73
STM000894,2026-06-06 21:57:00,MYR,payout,psp_fee,PAY000445,PSP000445,-27.04,62975.73,62948.69
STM000895,2026-06-06 22:16:00,INR,deposit,deposit_received,PAY000447,PSP000447,34814.42,1802657.12,1837471.54
STM000896,2026-06-06 22:17:00,INR,deposit,psp_fee,PAY000447,PSP000447,-835.55,1837471.54,1836635.99
STM000897,2026-06-07 09:36:00,MYR,deposit,deposit_received,PAY000449,PSP000449,744.75,62948.69,63693.44
STM000898,2026-06-07 09:37:00,MYR,deposit,psp_fee,PAY000449,PSP000449,-17.87,63693.44,63675.57
STM000899,2026-06-07 10:03:00,INR,deposit,deposit_received,PAY000448,PSP000448,40459.93,1836635.99,1877095.92
STM000900,2026-06-07 10:04:00,INR,deposit,psp_fee,PAY000448,PSP000448,-971.04,1877095.92,1876124.88
STM000901,2026-06-07 10:11:00,INR,deposit,deposit_received,PAY000450,PSP000450,14883.52,1876124.88,1891008.4
STM000902,2026-06-07 10:12:00,INR,deposit,psp_fee,PAY000450,PSP000450,-357.2,1891008.4,1890651.2
STM000903,2026-06-07 10:36:00,MYR,deposit,deposit_received,PAY000451,PSP000451,422.27,63675.57,64097.84
STM000904,2026-06-07 10:37:00,MYR,deposit,psp_fee,PAY000451,PSP000451,-10.13,64097.84,64087.71
STM000905,2026-06-07 11:06:00,INR,deposit,deposit_received,PAY000453,PSP000453,42222.63,1890651.2,1932873.83
STM000906,2026-06-07 11:07:00,INR,deposit,psp_fee,PAY000453,PSP000453,-1013.34,1932873.83,1931860.49
STM000907,2026-06-07 12:40:00,INR,deposit,deposit_received,PAY000452,PSP000452,17320.97,1931860.49,1949181.46
STM000908,2026-06-07 12:41:00,INR,deposit,psp_fee,PAY000452,PSP000452,-415.7,1949181.46,1948765.76
STM000909,2026-06-07 13:27:00,MYR,deposit,deposit_received,PAY000456,PSP000456,263.43,64087.71,64351.14
STM000910,2026-06-07 13:28:00,MYR,deposit,psp_fee,PAY000456,PSP000456,-6.32,64351.14,64344.82
STM000911,2026-06-07 13:41:00,INR,deposit,deposit_received,PAY000454,PSP000454,17249.97,1948765.76,1966015.73
STM000912,2026-06-07 13:42:00,INR,deposit,psp_fee,PAY000454,PSP000454,-414.0,1966015.73,1965601.73
STM000913,2026-06-07 15:04:00,INR,deposit,deposit_received,PAY000457,PSP000457,34870.52,1965601.73,2000472.25
STM000914,2026-06-07 15:05:00,INR,deposit,psp_fee,PAY000457,PSP000457,-836.89,2000472.25,1999635.36
STM000915,2026-06-07 15:06:00,MYR,deposit,deposit_received,PAY000455,PSP000455,1331.99,64344.82,65676.81
STM000916,2026-06-07 15:07:00,MYR,deposit,psp_fee,PAY000455,PSP000455,-31.97,65676.81,65644.84
STM000917,2026-06-07 16:09:00,INR,deposit,deposit_received,PAY000459,PSP000459,39584.6,1999635.36,2039219.96
STM000918,2026-06-07 16:10:00,INR,deposit,psp_fee,PAY000459,PSP000459,-950.03,2039219.96,2038269.93
STM000919,2026-06-07 16:41:00,MYR,deposit,deposit_received,PAY000458,PSP000458,1844.4,65644.84,67489.24
STM000920,2026-06-07 16:42:00,MYR,deposit,psp_fee,PAY000458,PSP000458,-44.27,67489.24,67444.97
STM000921,2026-06-07 17:30:00,MYR,deposit,deposit_received,PAY000463,PSP000463,382.63,67444.97,67827.6
STM000922,2026-06-07 17:31:00,MYR,deposit,psp_fee,PAY000463,PSP000463,-9.18,67827.6,67818.42
STM000923,2026-06-07 17:37:00,INR,payout,payout_sent,PAY000460,PSP000460,-22279.77,2038269.93,2015990.16
STM000924,2026-06-07 17:38:00,INR,payout,psp_fee,PAY000460,PSP000460,-534.71,2015990.16,2015455.45
STM000925,2026-06-07 17:43:00,INR,deposit,deposit_received,PAY000465,PSP000465,22877.96,2015455.45,2038333.41
STM000926,2026-06-07 17:44:00,INR,deposit,psp_fee,PAY000465,PSP000465,-549.07,2038333.41,2037784.34
STM000927,2026-06-07 18:22:00,INR,deposit,deposit_received,PAY000462,PSP000462,37689.75,2037784.34,2075474.09
STM000928,2026-06-07 18:23:00,MYR,deposit,deposit_received,PAY000461,PSP000461,1575.79,67818.42,69394.21
STM000929,2026-06-07 18:23:00,INR,deposit,psp_fee,PAY000462,PSP000462,-904.55,2075474.09,2074569.54
STM000930,2026-06-07 18:24:00,MYR,deposit,psp_fee,PAY000461,PSP000461,-37.82,69394.21,69356.39
STM000931,2026-06-07 18:34:00,INR,deposit,deposit_received,PAY000466,PSP000466,28782.83,2074569.54,2103352.37
STM000932,2026-06-07 18:35:00,INR,deposit,psp_fee,PAY000466,PSP000466,-690.79,2103352.37,2102661.58
STM000933,2026-06-07 18:47:00,MYR,deposit,deposit_received,PAY000464,PSP000464,963.3,69356.39,70319.69
STM000934,2026-06-07 18:48:00,MYR,deposit,psp_fee,PAY000464,PSP000464,-23.12,70319.69,70296.57
STM000935,2026-06-07 19:20:00,INR,payout,payout_sent,PAY000468,PSP000468,-13423.17,2102661.58,2089238.41
STM000936,2026-06-07 19:21:00,INR,payout,psp_fee,PAY000468,PSP000468,-322.16,2089238.41,2088916.25
STM000937,2026-06-07 19:32:00,INR,deposit,deposit_received,PAY000467,PSP000467,15104.88,2088916.25,2104021.13
STM000938,2026-06-07 19:33:00,INR,deposit,psp_fee,PAY000467,PSP000467,-362.52,2104021.13,2103658.61
STM000939,2026-06-07 20:06:00,MYR,deposit,deposit_received,PAY000469,PSP000469,754.0,70296.57,71050.57
STM000940,2026-06-07 20:07:00,MYR,deposit,psp_fee,PAY000469,PSP000469,-18.1,71050.57,71032.47
STM000941,2026-06-07 20:57:00,MYR,deposit,deposit_received,PAY000470,PSP000470,900.13,71032.47,71932.6
STM000942,2026-06-07 20:58:00,MYR,deposit,psp_fee,PAY000470,PSP000470,-21.6,71932.6,71911.0
STM000943,2026-06-07 21:59:00,INR,deposit,deposit_received,PAY000471,PSP000471,15078.63,2103658.61,2118737.24
STM000944,2026-06-07 22:00:00,INR,deposit,psp_fee,PAY000471,PSP000471,-361.89,2118737.24,2118375.35
STM000945,2026-06-08 07:00:00,INR,settlement,settlement,SET20260608_INR,,-1964836.41,2118375.35,153538.94
STM000946,2026-06-08 07:00:00,MYR,settlement,settlement,SET20260608_MYR,,-63349.54,71911.0,8561.46
STM000947,2026-06-08 08:25:00,INR,deposit,deposit_received,PAY000472,PSP000472,5371.25,153538.94,158910.19
STM000948,2026-06-08 08:26:00,INR,deposit,psp_fee,PAY000472,PSP000472,-128.91,158910.19,158781.28
STM000949,2026-06-08 11:00:00,INR,deposit,deposit_received,PAY000473,PSP000473,10233.99,158781.28,169015.27
STM000950,2026-06-08 11:01:00,INR,deposit,psp_fee,PAY000473,PSP000473,-245.62,169015.27,168769.65
STM000951,2026-06-08 11:12:00,MYR,deposit,deposit_received,PAY000476,PSP000476,1522.88,8561.46,10084.34
STM000952,2026-06-08 11:13:00,MYR,deposit,psp_fee,PAY000476,PSP000476,-36.55,10084.34,10047.79
STM000953,2026-06-08 12:27:00,MYR,deposit,deposit_received,PAY000474,PSP000474,405.57,10047.79,10453.36
STM000954,2026-06-08 12:27:00,MYR,deposit,deposit_received,PAY000475,PSP000475,585.24,10453.36,11038.6
STM000955,2026-06-08 12:28:00,MYR,deposit,psp_fee,PAY000474,PSP000474,-9.73,11038.6,11028.87
STM000956,2026-06-08 12:28:00,MYR,deposit,psp_fee,PAY000475,PSP000475,-14.05,11028.87,11014.82
STM000957,2026-06-08 13:57:00,INR,deposit,deposit_received,PAY000477,PSP000477,11732.85,168769.65,180502.5
STM000958,2026-06-08 13:58:00,INR,deposit,psp_fee,PAY000477,PSP000477,-281.59,180502.5,180220.91
STM000959,2026-06-08 15:11:00,MYR,deposit,deposit_received,PAY000480,PSP000480,89.31,11014.82,11104.13
STM000960,2026-06-08 15:12:00,MYR,deposit,psp_fee,PAY000480,PSP000480,-2.14,11104.13,11101.99
STM000961,2026-06-08 15:25:00,INR,deposit,deposit_received,PAY000478,PSP000478,38002.25,180220.91,218223.16
STM000962,2026-06-08 15:26:00,INR,deposit,psp_fee,PAY000478,PSP000478,-912.05,218223.16,217311.11
STM000963,2026-06-08 16:08:00,INR,deposit,deposit_received,PAY000479,PSP000479,21725.25,217311.11,239036.36
STM000964,2026-06-08 16:09:00,INR,deposit,psp_fee,PAY000479,PSP000479,-521.41,239036.36,238514.95
STM000965,2026-06-08 17:21:00,MYR,deposit,deposit_received,PAY000483,PSP000483,1148.13,11101.99,12250.12
STM000966,2026-06-08 17:22:00,MYR,deposit,psp_fee,PAY000483,PSP000483,-27.56,12250.12,12222.56
STM000967,2026-06-08 17:59:00,MYR,deposit,deposit_received,PAY000485,PSP000485,1898.92,12222.56,14121.48
STM000968,2026-06-08 18:00:00,MYR,deposit,psp_fee,PAY000485,PSP000485,-45.57,14121.48,14075.91
STM000969,2026-06-08 18:01:00,INR,deposit,deposit_received,PAY000481,PSP000481,25240.11,238514.95,263755.06
STM000970,2026-06-08 18:02:00,INR,deposit,psp_fee,PAY000481,PSP000481,-605.76,263755.06,263149.3
STM000971,2026-06-08 18:28:00,MYR,deposit,deposit_received,PAY000482,PSP000482,868.67,14075.91,14944.58
STM000972,2026-06-08 18:29:00,MYR,deposit,psp_fee,PAY000482,PSP000482,-20.85,14944.58,14923.73
STM000973,2026-06-08 18:46:00,MYR,deposit,deposit_received,PAY000487,PSP000487,1359.52,14923.73,16283.25
STM000974,2026-06-08 18:47:00,MYR,deposit,psp_fee,PAY000487,PSP000487,-32.63,16283.25,16250.62
STM000975,2026-06-08 19:15:00,INR,deposit,deposit_received,PAY000489,PSP000489,3963.98,263149.3,267113.28
STM000976,2026-06-08 19:16:00,INR,deposit,psp_fee,PAY000489,PSP000489,-95.14,267113.28,267018.14
STM000977,2026-06-08 19:48:00,MYR,payout,payout_sent,PAY000486,PSP000486,-459.91,16250.62,15790.71
STM000978,2026-06-08 19:49:00,MYR,payout,psp_fee,PAY000486,PSP000486,-11.04,15790.71,15779.67
STM000979,2026-06-08 20:01:00,INR,deposit,deposit_received,PAY000490,PSP000490,19859.71,267018.14,286877.85
STM000980,2026-06-08 20:02:00,INR,deposit,psp_fee,PAY000490,PSP000490,-476.63,286877.85,286401.22
STM000981,2026-06-08 20:16:00,INR,deposit,deposit_received,PAY000484,PSP000484,28625.45,286401.22,315026.67
STM000982,2026-06-08 20:17:00,INR,deposit,psp_fee,PAY000484,PSP000484,-687.01,315026.67,314339.66
STM000983,2026-06-08 20:34:00,MYR,deposit,deposit_received,PAY000488,PSP000488,166.9,15779.67,15946.57
STM000984,2026-06-08 20:35:00,MYR,deposit,psp_fee,PAY000488,PSP000488,-4.01,15946.57,15942.56
STM000985,2026-06-08 21:14:00,MYR,deposit,deposit_received,PAY000491,PSP000491,796.32,15942.56,16738.88
STM000986,2026-06-08 21:15:00,MYR,deposit,psp_fee,PAY000491,PSP000491,-19.11,16738.88,16719.77
STM000987,2026-06-08 23:06:00,INR,deposit,deposit_received,PAY000492,PSP000492,8359.67,314339.66,322699.33
STM000988,2026-06-08 23:07:00,INR,deposit,psp_fee,PAY000492,PSP000492,-200.63,322699.33,322498.7
STM000989,2026-06-09 08:31:00,INR,deposit,deposit_received,PAY000493,PSP000493,14134.33,322498.7,336633.03
STM000990,2026-06-09 08:32:00,INR,deposit,psp_fee,PAY000493,PSP000493,-339.22,336633.03,336293.81
STM000991,2026-06-09 10:01:00,MYR,deposit,deposit_received,PAY000494,PSP000494,1221.55,16719.77,17941.32
STM000992,2026-06-09 10:02:00,MYR,deposit,psp_fee,PAY000494,PSP000494,-29.32,17941.32,17912.0
STM000993,2026-06-09 11:34:00,INR,payout,payout_sent,PAY000496,PSP000496,-9302.76,336293.81,326991.05
STM000994,2026-06-09 11:35:00,INR,payout,psp_fee,PAY000496,PSP000496,-223.27,326991.05,326767.78
STM000995,2026-06-09 12:25:00,MYR,deposit,deposit_received,PAY000498,PSP000498,1406.09,17912.0,19318.09
STM000996,2026-06-09 12:26:00,MYR,deposit,psp_fee,PAY000498,PSP000498,-33.75,19318.09,19284.34
STM000997,2026-06-09 12:30:00,MYR,deposit,deposit_received,PAY000495,PSP000495,936.6,19284.34,20220.94
STM000998,2026-06-09 12:31:00,MYR,deposit,psp_fee,PAY000495,PSP000495,-22.48,20220.94,20198.46
STM000999,2026-06-09 13:16:00,INR,payout,payout_sent,PAY000497,PSP000497,-22811.22,326767.78,303956.56
STM001000,2026-06-09 13:17:00,INR,payout,psp_fee,PAY000497,PSP000497,-547.47,303956.56,303409.09
STM001001,2026-06-09 14:13:00,MYR,deposit,deposit_received,PAY000500,PSP000500,1405.15,20198.46,21603.61
STM001002,2026-06-09 14:14:00,MYR,deposit,psp_fee,PAY000500,PSP000500,-33.72,21603.61,21569.89
STM001003,2026-06-09 15:10:00,INR,deposit,deposit_received,PAY000499,PSP000499,14051.93,303409.09,317461.02
STM001004,2026-06-09 15:11:00,INR,deposit,psp_fee,PAY000499,PSP000499,-337.25,317461.02,317123.77
STM001005,2026-06-09 15:19:00,MYR,deposit,deposit_received,PAY000501,PSP000501,268.82,21569.89,21838.71
STM001006,2026-06-09 15:20:00,MYR,deposit,psp_fee,PAY000501,PSP000501,-6.45,21838.71,21832.26
STM001007,2026-06-09 15:28:00,INR,deposit,deposit_received,PAY000502,PSP000502,20799.76,317123.77,337923.53
STM001008,2026-06-09 15:29:00,INR,deposit,psp_fee,PAY000502,PSP000502,-499.19,337923.53,337424.34
STM001009,2026-06-09 15:46:00,MYR,deposit,deposit_received,PAY000507,PSP000507,366.06,21832.26,22198.32
STM001010,2026-06-09 15:47:00,MYR,deposit,psp_fee,PAY000507,PSP000507,-8.79,22198.32,22189.53
STM001011,2026-06-09 16:42:00,INR,payout,payout_sent,PAY000509,PSP000509,-17395.4,337424.34,320028.94
STM001012,2026-06-09 16:43:00,INR,payout,psp_fee,PAY000509,PSP000509,-417.49,320028.94,319611.45
STM001013,2026-06-09 16:53:00,MYR,deposit,deposit_received,PAY000504,PSP000504,1715.87,22189.53,23905.4
STM001014,2026-06-09 16:54:00,MYR,deposit,psp_fee,PAY000504,PSP000504,-41.18,23905.4,23864.22
STM001015,2026-06-09 17:23:00,INR,deposit,deposit_received,PAY000505,PSP000505,16691.96,319611.45,336303.41
STM001016,2026-06-09 17:24:00,INR,deposit,psp_fee,PAY000505,PSP000505,-400.61,336303.41,335902.8
STM001017,2026-06-09 17:34:00,MYR,deposit,deposit_received,PAY000506,PSP000506,1324.33,23864.22,25188.55
STM001018,2026-06-09 17:35:00,MYR,deposit,psp_fee,PAY000506,PSP000506,-31.78,25188.55,25156.77
STM001019,2026-06-09 17:42:00,INR,deposit,deposit_received,PAY000508,PSP000508,26965.36,335902.8,362868.16
STM001020,2026-06-09 17:43:00,INR,deposit,psp_fee,PAY000508,PSP000508,-647.17,362868.16,362220.99
STM001021,2026-06-09 17:50:00,INR,deposit,deposit_received,PAY000503,PSP000503,1822.54,362220.99,364043.53
STM001022,2026-06-09 17:51:00,INR,deposit,psp_fee,PAY000503,PSP000503,-43.74,364043.53,363999.79
STM001023,2026-06-09 18:31:00,MYR,deposit,deposit_received,PAY000510,PSP000510,1788.59,25156.77,26945.36
STM001024,2026-06-09 18:32:00,MYR,deposit,psp_fee,PAY000510,PSP000510,-42.93,26945.36,26902.43
STM001025,2026-06-09 18:51:00,INR,deposit,deposit_received,PAY000514,PSP000514,21373.3,363999.79,385373.09
STM001026,2026-06-09 18:52:00,INR,deposit,psp_fee,PAY000514,PSP000514,-512.96,385373.09,384860.13
STM001027,2026-06-09 19:40:00,MYR,deposit,deposit_received,PAY000511,PSP000511,1292.79,26902.43,28195.22
STM001028,2026-06-09 19:41:00,MYR,deposit,psp_fee,PAY000511,PSP000511,-31.03,28195.22,28164.19
STM001029,2026-06-09 19:57:00,INR,deposit,deposit_received,PAY000515,PSP000515,11418.11,384860.13,396278.24
STM001030,2026-06-09 19:58:00,INR,deposit,psp_fee,PAY000515,PSP000515,-274.03,396278.24,396004.21
STM001031,2026-06-09 20:07:00,INR,deposit,deposit_received,PAY000516,PSP000516,21076.16,396004.21,417080.37
STM001032,2026-06-09 20:08:00,INR,deposit,psp_fee,PAY000516,PSP000516,-505.83,417080.37,416574.54
STM001033,2026-06-09 20:11:00,INR,deposit,deposit_received,PAY000513,PSP000513,46476.62,416574.54,463051.16
STM001034,2026-06-09 20:12:00,INR,deposit,psp_fee,PAY000513,PSP000513,-1115.44,463051.16,461935.72
STM001035,2026-06-09 20:42:00,INR,deposit,deposit_received,PAY000512,PSP000512,22477.34,461935.72,484413.06
STM001036,2026-06-09 20:43:00,INR,deposit,psp_fee,PAY000512,PSP000512,-539.46,484413.06,483873.6
STM001037,2026-06-09 21:19:00,MYR,payout,payout_sent,PAY000518,PSP000518,-177.58,28164.19,27986.61
STM001038,2026-06-09 21:20:00,MYR,payout,psp_fee,PAY000518,PSP000518,-4.26,27986.61,27982.35
STM001039,2026-06-09 21:53:00,INR,deposit,deposit_received,PAY000519,PSP000519,1093.08,483873.6,484966.68
STM001040,2026-06-09 21:54:00,INR,deposit,psp_fee,PAY000519,PSP000519,-26.23,484966.68,484940.45
STM001041,2026-06-09 22:00:00,MYR,deposit,deposit_received,PAY000517,PSP000517,1260.61,27982.35,29242.96
STM001042,2026-06-09 22:01:00,MYR,deposit,psp_fee,PAY000517,PSP000517,-30.25,29242.96,29212.71
STM001043,2026-06-10 10:18:00,INR,deposit,deposit_received,PAY000520,PSP000520,32672.28,484940.45,517612.73
STM001044,2026-06-10 10:19:00,INR,deposit,psp_fee,PAY000520,PSP000520,-784.13,517612.73,516828.6
STM001045,2026-06-10 10:26:00,INR,deposit,deposit_received,PAY000522,PSP000522,8987.23,516828.6,525815.83
STM001046,2026-06-10 10:27:00,INR,deposit,psp_fee,PAY000522,PSP000522,-215.69,525815.83,525600.14
STM001047,2026-06-10 11:25:00,INR,deposit,deposit_received,PAY000521,PSP000521,15425.95,525600.14,541026.09
STM001048,2026-06-10 11:26:00,INR,deposit,psp_fee,PAY000521,PSP000521,-370.22,541026.09,540655.87
STM001049,2026-06-10 11:26:00,MYR,deposit,deposit_received,PAY000523,PSP000523,1365.46,29212.71,30578.17
STM001050,2026-06-10 11:27:00,MYR,deposit,psp_fee,PAY000523,PSP000523,-32.77,30578.17,30545.4
STM001051,2026-06-10 14:27:00,INR,deposit,deposit_received,PAY000524,PSP000524,48912.07,540655.87,589567.94
STM001052,2026-06-10 14:28:00,INR,deposit,psp_fee,PAY000524,PSP000524,-1173.89,589567.94,588394.05
STM001053,2026-06-10 14:32:00,INR,deposit,deposit_received,PAY000525,PSP000525,22721.12,588394.05,611115.17
STM001054,2026-06-10 14:33:00,INR,deposit,psp_fee,PAY000525,PSP000525,-545.31,611115.17,610569.86
STM001055,2026-06-10 16:16:00,INR,deposit,deposit_received,PAY000528,PSP000528,15182.43,610569.86,625752.29
STM001056,2026-06-10 16:17:00,INR,deposit,psp_fee,PAY000528,PSP000528,-364.38,625752.29,625387.91
STM001057,2026-06-10 16:35:00,INR,deposit,deposit_received,PAY000526,PSP000526,12013.99,625387.91,637401.9
STM001058,2026-06-10 16:36:00,INR,deposit,psp_fee,PAY000526,PSP000526,-288.34,637401.9,637113.56
STM001059,2026-06-10 16:39:00,INR,deposit,deposit_received,PAY000527,PSP000527,37983.66,637113.56,675097.22
STM001060,2026-06-10 16:40:00,INR,deposit,psp_fee,PAY000527,PSP000527,-911.61,675097.22,674185.61
STM001061,2026-06-10 16:40:00,MYR,deposit,deposit_received,PAY000530,PSP000530,1297.9,30545.4,31843.3
STM001062,2026-06-10 16:41:00,MYR,deposit,psp_fee,PAY000530,PSP000530,-31.15,31843.3,31812.15
STM001063,2026-06-10 17:28:00,MYR,deposit,deposit_received,PAY000531,PSP000531,1508.59,31812.15,33320.74
STM001064,2026-06-10 17:29:00,MYR,deposit,psp_fee,PAY000531,PSP000531,-36.21,33320.74,33284.53
STM001065,2026-06-10 18:05:00,INR,payout,payout_sent,PAY000533,PSP000533,-13584.71,674185.61,660600.9
STM001066,2026-06-10 18:06:00,INR,payout,psp_fee,PAY000533,PSP000533,-326.03,660600.9,660274.87
STM001067,2026-06-10 18:18:00,INR,deposit,deposit_received,PAY000534,PSP000534,3964.25,660274.87,664239.12
STM001068,2026-06-10 18:19:00,INR,deposit,psp_fee,PAY000534,PSP000534,-95.14,664239.12,664143.98
STM001069,2026-06-10 18:42:00,INR,deposit,deposit_received,PAY000529,PSP000529,46208.75,664143.98,710352.73
STM001070,2026-06-10 18:43:00,INR,deposit,psp_fee,PAY000529,PSP000529,-1109.01,710352.73,709243.72
STM001071,2026-06-10 19:53:00,MYR,payout,payout_sent,PAY000538,PSP000538,-1269.07,33284.53,32015.46
STM001072,2026-06-10 19:54:00,MYR,payout,psp_fee,PAY000538,PSP000538,-30.46,32015.46,31985.0
STM001073,2026-06-10 20:03:00,MYR,deposit,deposit_received,PAY000532,PSP000532,1092.44,31985.0,33077.44
STM001074,2026-06-10 20:04:00,MYR,deposit,psp_fee,PAY000532,PSP000532,-26.22,33077.44,33051.22
STM001075,2026-06-10 20:18:00,INR,deposit,deposit_received,PAY000535,PSP000535,5042.09,709243.72,714285.81
STM001076,2026-06-10 20:19:00,INR,deposit,psp_fee,PAY000535,PSP000535,-121.01,714285.81,714164.8
STM001077,2026-06-10 20:41:00,INR,deposit,deposit_received,PAY000536,PSP000536,21598.87,714164.8,735763.67
STM001078,2026-06-10 20:42:00,INR,deposit,psp_fee,PAY000536,PSP000536,-518.37,735763.67,735245.3
STM001079,2026-06-10 20:42:00,MYR,deposit,deposit_received,PAY000539,PSP000539,814.54,33051.22,33865.76
STM001080,2026-06-10 20:43:00,MYR,deposit,psp_fee,PAY000539,PSP000539,-19.55,33865.76,33846.21
STM001081,2026-06-10 21:22:00,INR,deposit,deposit_received,PAY000537,PSP000537,21488.83,735245.3,756734.13
STM001082,2026-06-10 21:23:00,INR,deposit,psp_fee,PAY000537,PSP000537,-515.73,756734.13,756218.4
STM001083,2026-06-10 22:13:00,MYR,deposit,deposit_received,PAY000540,PSP000540,1527.84,33846.21,35374.05
STM001084,2026-06-10 22:14:00,MYR,deposit,psp_fee,PAY000540,PSP000540,-36.67,35374.05,35337.38
STM001085,2026-06-10 22:19:00,MYR,deposit,deposit_received,PAY000541,PSP000541,1524.95,35337.38,36862.33
STM001086,2026-06-10 22:20:00,MYR,deposit,psp_fee,PAY000541,PSP000541,-36.6,36862.33,36825.73
STM001087,2026-06-11 08:51:00,MYR,payout,payout_sent,PAY000543,PSP000543,-811.63,36825.73,36014.1
STM001088,2026-06-11 08:52:00,MYR,payout,psp_fee,PAY000543,PSP000543,-19.48,36014.1,35994.62
STM001089,2026-06-11 10:20:00,INR,deposit,deposit_received,PAY000542,PSP000542,13235.94,756218.4,769454.34
STM001090,2026-06-11 10:21:00,INR,deposit,psp_fee,PAY000542,PSP000542,-317.66,769454.34,769136.68
STM001091,2026-06-11 10:55:00,INR,deposit,deposit_received,PAY000544,PSP000544,8158.86,769136.68,777295.54
STM001092,2026-06-11 10:56:00,INR,deposit,psp_fee,PAY000544,PSP000544,-195.81,777295.54,777099.73
STM001093,2026-06-11 12:30:00,INR,deposit,deposit_received,PAY000545,PSP000545,24826.96,777099.73,801926.69
STM001094,2026-06-11 12:31:00,INR,deposit,psp_fee,PAY000545,PSP000545,-595.85,801926.69,801330.84
STM001095,2026-06-11 13:33:00,MYR,deposit,deposit_received,PAY000546,PSP000546,1292.87,35994.62,37287.49
STM001096,2026-06-11 13:34:00,MYR,deposit,psp_fee,PAY000546,PSP000546,-31.03,37287.49,37256.46
STM001097,2026-06-11 13:56:00,INR,deposit,deposit_received,PAY000548,PSP000548,38677.88,801330.84,840008.72
STM001098,2026-06-11 13:57:00,INR,deposit,psp_fee,PAY000548,PSP000548,-928.27,840008.72,839080.45
STM001099,2026-06-11 14:46:00,MYR,deposit,deposit_received,PAY000547,PSP000547,788.11,37256.46,38044.57
STM001100,2026-06-11 14:47:00,MYR,deposit,psp_fee,PAY000547,PSP000547,-18.91,38044.57,38025.66
STM001101,2026-06-11 15:08:00,MYR,deposit,deposit_received,PAY000550,PSP000550,971.12,38025.66,38996.78
STM001102,2026-06-11 15:09:00,MYR,deposit,psp_fee,PAY000550,PSP000550,-23.31,38996.78,38973.47
STM001103,2026-06-11 15:19:00,MYR,deposit,deposit_received,PAY000549,PSP000549,1402.02,38973.47,40375.49
STM001104,2026-06-11 15:20:00,MYR,deposit,psp_fee,PAY000549,PSP000549,-33.65,40375.49,40341.84
STM001105,2026-06-11 15:30:00,INR,payout,payout_sent,PAY000552,PSP000552,-24168.28,839080.45,814912.17
STM001106,2026-06-11 15:31:00,INR,payout,psp_fee,PAY000552,PSP000552,-580.04,814912.17,814332.13
STM001107,2026-06-11 15:36:00,INR,deposit,deposit_received,PAY000551,PSP000551,13435.87,814332.13,827768.0
STM001108,2026-06-11 15:37:00,INR,deposit,psp_fee,PAY000551,PSP000551,-322.46,827768.0,827445.54
STM001109,2026-06-11 16:54:00,INR,deposit,deposit_received,PAY000554,PSP000554,43862.31,827445.54,871307.85
STM001110,2026-06-11 16:55:00,INR,deposit,psp_fee,PAY000554,PSP000554,-1052.7,871307.85,870255.15
STM001111,2026-06-11 17:31:00,INR,deposit,deposit_received,PAY000553,PSP000553,20184.51,870255.15,890439.66
STM001112,2026-06-11 17:32:00,INR,deposit,psp_fee,PAY000553,PSP000553,-484.43,890439.66,889955.23
STM001113,2026-06-11 17:38:00,MYR,deposit,deposit_received,PAY000556,PSP000556,1512.35,40341.84,41854.19
STM001114,2026-06-11 17:39:00,MYR,deposit,psp_fee,PAY000556,PSP000556,-36.3,41854.19,41817.89
STM001115,2026-06-11 19:03:00,MYR,deposit,deposit_received,PAY000555,PSP000555,1016.27,41817.89,42834.16
STM001116,2026-06-11 19:04:00,MYR,deposit,psp_fee,PAY000555,PSP000555,-24.39,42834.16,42809.77
STM001117,2026-06-11 19:30:00,MYR,deposit,deposit_received,PAY000558,PSP000558,1638.29,42809.77,44448.06
STM001118,2026-06-11 19:31:00,MYR,deposit,psp_fee,PAY000558,PSP000558,-39.32,44448.06,44408.74
STM001119,2026-06-11 20:53:00,MYR,payout,payout_sent,PAY000557,PSP000557,-994.55,44408.74,43414.19
STM001120,2026-06-11 20:54:00,MYR,payout,psp_fee,PAY000557,PSP000557,-23.87,43414.19,43390.32
STM001121,2026-06-12 08:59:00,MYR,deposit,deposit_received,PAY000560,PSP000560,397.21,43390.32,43787.53
STM001122,2026-06-12 09:00:00,MYR,deposit,psp_fee,PAY000560,PSP000560,-9.53,43787.53,43778.0
STM001123,2026-06-12 09:49:00,MYR,deposit,deposit_received,PAY000561,PSP000561,917.8,43778.0,44695.8
STM001124,2026-06-12 09:50:00,MYR,deposit,psp_fee,PAY000561,PSP000561,-22.03,44695.8,44673.77
STM001125,2026-06-12 11:07:00,INR,deposit,deposit_received,PAY000559,PSP000559,26485.62,889955.23,916440.85
STM001126,2026-06-12 11:08:00,INR,deposit,psp_fee,PAY000559,PSP000559,-635.65,916440.85,915805.2
STM001127,2026-06-12 11:13:00,INR,deposit,deposit_received,PAY000562,PSP000562,40554.34,915805.2,956359.54
STM001128,2026-06-12 11:14:00,INR,deposit,psp_fee,PAY000562,PSP000562,-973.3,956359.54,955386.24
STM001129,2026-06-12 11:36:00,MYR,deposit,deposit_received,PAY000563,PSP000563,1740.67,44673.77,46414.44
STM001130,2026-06-12 11:37:00,MYR,deposit,psp_fee,PAY000563,PSP000563,-41.78,46414.44,46372.66
STM001131,2026-06-12 13:00:00,INR,payout,payout_sent,PAY000565,PSP000565,-1076.88,955386.24,954309.36
STM001132,2026-06-12 13:01:00,INR,payout,psp_fee,PAY000565,PSP000565,-25.85,954309.36,954283.51
STM001133,2026-06-12 13:11:00,MYR,deposit,deposit_received,PAY000564,PSP000564,575.22,46372.66,46947.88
STM001134,2026-06-12 13:12:00,MYR,deposit,psp_fee,PAY000564,PSP000564,-13.81,46947.88,46934.07
STM001135,2026-06-12 15:32:00,INR,deposit,deposit_received,PAY000566,PSP000566,5293.67,954283.51,959577.18
STM001136,2026-06-12 15:33:00,INR,deposit,psp_fee,PAY000566,PSP000566,-127.05,959577.18,959450.13
STM001137,2026-06-12 16:18:00,INR,deposit,deposit_received,PAY000567,PSP000567,49351.39,959450.13,1008801.52
STM001138,2026-06-12 16:19:00,INR,deposit,psp_fee,PAY000567,PSP000567,-1184.43,1008801.52,1007617.09
STM001139,2026-06-12 16:37:00,MYR,deposit,deposit_received,PAY000568,PSP000568,1220.61,46934.07,48154.68
STM001140,2026-06-12 16:38:00,MYR,deposit,psp_fee,PAY000568,PSP000568,-29.29,48154.68,48125.39
STM001141,2026-06-12 18:25:00,MYR,deposit,deposit_received,PAY000570,PSP000570,1749.96,48125.39,49875.35
STM001142,2026-06-12 18:26:00,MYR,deposit,psp_fee,PAY000570,PSP000570,-42.0,49875.35,49833.35
STM001143,2026-06-12 18:55:00,MYR,payout,payout_sent,PAY000569,PSP000569,-90.03,49833.35,49743.32
STM001144,2026-06-12 18:56:00,MYR,payout,psp_fee,PAY000569,PSP000569,-2.16,49743.32,49741.16
STM001145,2026-06-12 19:08:00,MYR,deposit,deposit_received,PAY000571,PSP000571,1458.68,49741.16,51199.84
STM001146,2026-06-12 19:09:00,MYR,deposit,psp_fee,PAY000571,PSP000571,-35.01,51199.84,51164.83
STM001147,2026-06-12 19:43:00,INR,deposit,deposit_received,PAY000572,PSP000572,47577.57,1007617.09,1055194.66
STM001148,2026-06-12 19:44:00,INR,deposit,psp_fee,PAY000572,PSP000572,-1141.86,1055194.66,1054052.8
STM001149,2026-06-12 21:20:00,INR,payout,payout_sent,PAY000575,PSP000575,-17470.26,1054052.8,1036582.54
STM001150,2026-06-12 21:21:00,INR,payout,psp_fee,PAY000575,PSP000575,-419.29,1036582.54,1036163.25
STM001151,2026-06-12 21:50:00,INR,deposit,deposit_received,PAY000574,PSP000574,1323.2,1036163.25,1037486.45
STM001152,2026-06-12 21:51:00,INR,deposit,psp_fee,PAY000574,PSP000574,-31.76,1037486.45,1037454.69
STM001153,2026-06-12 22:24:00,MYR,deposit,deposit_received,PAY000576,PSP000576,716.22,51164.83,51881.05
STM001154,2026-06-12 22:25:00,MYR,deposit,psp_fee,PAY000576,PSP000576,-17.19,51881.05,51863.86
STM001155,2026-06-12 22:51:00,MYR,deposit,deposit_received,PAY000573,PSP000573,1044.38,51863.86,52908.24
STM001156,2026-06-12 22:52:00,MYR,deposit,psp_fee,PAY000573,PSP000573,-25.07,52908.24,52883.17
STM001157,2026-06-13 08:52:00,INR,deposit,deposit_received,PAY000577,PSP000577,30555.1,1037454.69,1068009.79
STM001158,2026-06-13 08:53:00,INR,deposit,psp_fee,PAY000577,PSP000577,-733.32,1068009.79,1067276.47
STM001159,2026-06-13 14:47:00,INR,payout,payout_sent,PAY000581,PSP000581,-4754.74,1067276.47,1062521.73
STM001160,2026-06-13 14:48:00,INR,deposit,deposit_received,PAY000578,PSP000578,15416.74,1062521.73,1077938.47
STM001161,2026-06-13 14:48:00,INR,payout,psp_fee,PAY000581,PSP000581,-114.11,1077938.47,1077824.36
STM001162,2026-06-13 14:49:00,INR,deposit,psp_fee,PAY000578,PSP000578,-370.0,1077824.36,1077454.36
STM001163,2026-06-13 14:56:00,MYR,deposit,deposit_received,PAY000579,PSP000579,1911.45,52883.17,54794.62
STM001164,2026-06-13 14:57:00,MYR,deposit,psp_fee,PAY000579,PSP000579,-45.87,54794.62,54748.75
STM001165,2026-06-13 16:05:00,INR,payout,payout_sent,PAY000580,PSP000580,-19245.14,1077454.36,1058209.22
STM001166,2026-06-13 16:06:00,INR,payout,psp_fee,PAY000580,PSP000580,-461.88,1058209.22,1057747.34
STM001167,2026-06-13 16:33:00,MYR,deposit,deposit_received,PAY000582,PSP000582,1446.77,54748.75,56195.52
STM001168,2026-06-13 16:34:00,MYR,deposit,psp_fee,PAY000582,PSP000582,-34.72,56195.52,56160.8
STM001169,2026-06-13 16:45:00,INR,deposit,deposit_received,PAY000583,PSP000583,31860.64,1057747.34,1089607.98
STM001170,2026-06-13 16:46:00,INR,deposit,psp_fee,PAY000583,PSP000583,-764.66,1089607.98,1088843.32
STM001171,2026-06-13 17:37:00,INR,deposit,deposit_received,PAY000587,PSP000587,37358.58,1088843.32,1126201.9
STM001172,2026-06-13 17:38:00,INR,deposit,psp_fee,PAY000587,PSP000587,-896.61,1126201.9,1125305.29
STM001173,2026-06-13 17:49:00,MYR,deposit,deposit_received,PAY000586,PSP000586,540.42,56160.8,56701.22
STM001174,2026-06-13 17:50:00,MYR,deposit,psp_fee,PAY000586,PSP000586,-12.97,56701.22,56688.25
STM001175,2026-06-13 17:52:00,MYR,deposit,deposit_received,PAY000585,PSP000585,1318.22,56688.25,58006.47
STM001176,2026-06-13 17:53:00,MYR,deposit,psp_fee,PAY000585,PSP000585,-31.64,58006.47,57974.83
STM001177,2026-06-13 17:57:00,MYR,payout,payout_sent,PAY000584,PSP000584,-1021.82,57974.83,56953.01
STM001178,2026-06-13 17:58:00,MYR,payout,psp_fee,PAY000584,PSP000584,-24.52,56953.01,56928.49
STM001179,2026-06-13 20:15:00,INR,deposit,deposit_received,PAY000589,PSP000589,9897.95,1125305.29,1135203.24
STM001180,2026-06-13 20:16:00,INR,deposit,psp_fee,PAY000589,PSP000589,-237.55,1135203.24,1134965.69
STM001181,2026-06-13 20:40:00,MYR,deposit,deposit_received,PAY000588,PSP000588,1909.52,56928.49,58838.01
STM001182,2026-06-13 20:41:00,MYR,deposit,psp_fee,PAY000588,PSP000588,-45.83,58838.01,58792.18
STM001183,2026-06-13 22:01:00,INR,deposit,deposit_received,PAY000591,PSP000591,27145.5,1134965.69,1162111.19
STM001184,2026-06-13 22:02:00,INR,deposit,psp_fee,PAY000591,PSP000591,-651.49,1162111.19,1161459.7
STM001185,2026-06-13 22:13:00,MYR,deposit,deposit_received,PAY000590,PSP000590,1053.91,58792.18,59846.09
STM001186,2026-06-13 22:14:00,MYR,deposit,psp_fee,PAY000590,PSP000590,-25.29,59846.09,59820.8
STM001187,2026-06-13 22:21:00,INR,deposit,deposit_received,PAY000592,PSP000592,41942.22,1161459.7,1203401.92
STM001188,2026-06-13 22:22:00,INR,deposit,psp_fee,PAY000592,PSP000592,-1006.61,1203401.92,1202395.31
STM001189,2026-06-13 23:34:00,MYR,deposit,deposit_received,PAY000593,PSP000593,317.37,59820.8,60138.17
STM001190,2026-06-13 23:35:00,MYR,deposit,psp_fee,PAY000593,PSP000593,-7.62,60138.17,60130.55
STM001191,2026-06-14 10:47:00,INR,deposit,deposit_received,PAY000594,PSP000594,25367.71,1202395.31,1227763.02
STM001192,2026-06-14 10:48:00,INR,deposit,psp_fee,PAY000594,PSP000594,-608.83,1227763.02,1227154.19
STM001193,2026-06-14 12:43:00,MYR,deposit,deposit_received,PAY000596,PSP000596,1700.7,60130.55,61831.25
STM001194,2026-06-14 12:44:00,MYR,deposit,psp_fee,PAY000596,PSP000596,-40.82,61831.25,61790.43
STM001195,2026-06-14 13:15:00,MYR,deposit,deposit_received,PAY000595,PSP000595,1005.2,61790.43,62795.63
STM001196,2026-06-14 13:16:00,MYR,deposit,psp_fee,PAY000595,PSP000595,-24.12,62795.63,62771.51
STM001197,2026-06-14 13:37:00,INR,deposit,deposit_received,PAY000597,PSP000597,42910.55,1227154.19,1270064.74
STM001198,2026-06-14 13:38:00,INR,deposit,psp_fee,PAY000597,PSP000597,-1029.85,1270064.74,1269034.89
STM001199,2026-06-14 15:19:00,INR,deposit,deposit_received,PAY000598,PSP000598,19918.14,1269034.89,1288953.03
STM001200,2026-06-14 15:20:00,INR,deposit,psp_fee,PAY000598,PSP000598,-478.04,1288953.03,1288474.99
STM001201,2026-06-14 16:24:00,INR,deposit,deposit_received,PAY000601,PSP000601,43359.84,1288474.99,1331834.83
STM001202,2026-06-14 16:25:00,INR,deposit,psp_fee,PAY000601,PSP000601,-1040.64,1331834.83,1330794.19
STM001203,2026-06-14 17:07:00,MYR,payout,payout_sent,PAY000599,PSP000599,-541.82,62771.51,62229.69
STM001204,2026-06-14 17:08:00,MYR,payout,psp_fee,PAY000599,PSP000599,-13.0,62229.69,62216.69
STM001205,2026-06-14 18:03:00,MYR,payout,payout_sent,PAY000600,PSP000600,-933.92,62216.69,61282.77
STM001206,2026-06-14 18:04:00,MYR,payout,psp_fee,PAY000600,PSP000600,-22.41,61282.77,61260.36
STM001207,2026-06-14 19:56:00,MYR,deposit,deposit_received,PAY000603,PSP000603,443.24,61260.36,61703.6
STM001208,2026-06-14 19:57:00,MYR,deposit,psp_fee,PAY000603,PSP000603,-10.64,61703.6,61692.96
STM001209,2026-06-14 20:19:00,MYR,deposit,deposit_received,PAY000602,PSP000602,1167.0,61692.96,62859.96
STM001210,2026-06-14 20:20:00,MYR,deposit,psp_fee,PAY000602,PSP000602,-28.01,62859.96,62831.95
STM001211,2026-06-14 20:57:00,INR,deposit,deposit_received,PAY000604,PSP000604,5546.42,1330794.19,1336340.61
STM001212,2026-06-14 20:58:00,INR,deposit,psp_fee,PAY000604,PSP000604,-133.11,1336340.61,1336207.5
STM001213,2026-06-14 21:08:00,MYR,deposit,deposit_received,PAY000605,PSP000605,1854.19,62831.95,64686.14
STM001214,2026-06-14 21:09:00,MYR,deposit,psp_fee,PAY000605,PSP000605,-44.5,64686.14,64641.64
STM001215,2026-06-15 07:00:00,INR,settlement,settlement,SET20260615_INR,,-1176697.72,1336207.5,159509.78
STM001216,2026-06-15 07:00:00,MYR,settlement,settlement,SET20260615_MYR,,-56899.8,64641.64,7741.84
STM001217,2026-06-15 10:42:00,MYR,deposit,deposit_received,PAY000606,PSP000606,261.17,7741.84,8003.01
STM001218,2026-06-15 10:43:00,MYR,deposit,psp_fee,PAY000606,PSP000606,-6.27,8003.01,7996.74
STM001219,2026-06-15 10:45:00,MYR,payout,payout_sent,PAY000607,PSP000607,-841.64,7996.74,7155.1
STM001220,2026-06-15 10:46:00,MYR,payout,psp_fee,PAY000607,PSP000607,-20.2,7155.1,7134.9
STM001221,2026-06-15 12:37:00,MYR,deposit,deposit_received,PAY000610,PSP000610,753.63,7134.9,7888.53
STM001222,2026-06-15 12:38:00,MYR,deposit,psp_fee,PAY000610,PSP000610,-18.09,7888.53,7870.44
STM001223,2026-06-15 12:40:00,INR,deposit,deposit_received,PAY000608,PSP000608,24686.98,159509.78,184196.76
STM001224,2026-06-15 12:41:00,INR,deposit,psp_fee,PAY000608,PSP000608,-592.49,184196.76,183604.27
STM001225,2026-06-15 13:04:00,MYR,deposit,deposit_received,PAY000614,PSP000614,394.23,7870.44,8264.67
STM001226,2026-06-15 13:05:00,MYR,deposit,psp_fee,PAY000614,PSP000614,-9.46,8264.67,8255.21
STM001227,2026-06-15 13:26:00,MYR,deposit,deposit_received,PAY000613,PSP000613,617.78,8255.21,8872.99
STM001228,2026-06-15 13:27:00,MYR,deposit,psp_fee,PAY000613,PSP000613,-14.83,8872.99,8858.16
STM001229,2026-06-15 13:29:00,MYR,deposit,deposit_received,PAY000612,PSP000612,1594.86,8858.16,10453.02
STM001230,2026-06-15 13:30:00,MYR,deposit,psp_fee,PAY000612,PSP000612,-38.28,10453.02,10414.74
STM001231,2026-06-15 14:45:00,MYR,deposit,deposit_received,PAY000609,PSP000609,1562.13,10414.74,11976.87
STM001232,2026-06-15 14:46:00,MYR,deposit,psp_fee,PAY000609,PSP000609,-37.49,11976.87,11939.38
STM001233,2026-06-15 14:54:00,INR,deposit,deposit_received,PAY000617,PSP000617,40125.39,183604.27,223729.66
STM001234,2026-06-15 14:55:00,INR,deposit,psp_fee,PAY000617,PSP000617,-963.01,223729.66,222766.65
STM001235,2026-06-15 15:11:00,INR,deposit,deposit_received,PAY000611,PSP000611,11634.28,222766.65,234400.93
STM001236,2026-06-15 15:12:00,INR,deposit,psp_fee,PAY000611,PSP000611,-279.22,234400.93,234121.71
STM001237,2026-06-15 15:29:00,INR,deposit,deposit_received,PAY000618,PSP000618,4847.14,234121.71,238968.85
STM001238,2026-06-15 15:30:00,INR,deposit,psp_fee,PAY000618,PSP000618,-116.33,238968.85,238852.52
STM001239,2026-06-15 16:05:00,MYR,deposit,deposit_received,PAY000615,PSP000615,1091.79,11939.38,13031.17
STM001240,2026-06-15 16:06:00,MYR,deposit,psp_fee,PAY000615,PSP000615,-26.2,13031.17,13004.97
STM001241,2026-06-15 16:11:00,INR,deposit,deposit_received,PAY000616,PSP000616,9442.88,238852.52,248295.4
STM001242,2026-06-15 16:12:00,INR,deposit,psp_fee,PAY000616,PSP000616,-226.63,248295.4,248068.77
STM001243,2026-06-15 16:16:00,INR,deposit,deposit_received,PAY000619,PSP000619,25554.34,248068.77,273623.11
STM001244,2026-06-15 16:17:00,INR,deposit,psp_fee,PAY000619,PSP000619,-613.3,273623.11,273009.81
STM001245,2026-06-15 16:41:00,INR,payout,payout_sent,PAY000620,PSP000620,-6909.51,273009.81,266100.3
STM001246,2026-06-15 16:42:00,INR,payout,psp_fee,PAY000620,PSP000620,-165.83,266100.3,265934.47
STM001247,2026-06-15 18:53:00,MYR,deposit,deposit_received,PAY000621,PSP000621,305.51,13004.97,13310.48
STM001248,2026-06-15 18:54:00,MYR,deposit,psp_fee,PAY000621,PSP000621,-7.33,13310.48,13303.15
STM001249,2026-06-15 19:27:00,INR,deposit,deposit_received,PAY000623,PSP000623,12236.47,265934.47,278170.94
STM001250,2026-06-15 19:28:00,INR,deposit,psp_fee,PAY000623,PSP000623,-293.68,278170.94,277877.26
STM001251,2026-06-15 19:41:00,INR,deposit,deposit_received,PAY000626,PSP000626,19398.22,277877.26,297275.48
STM001252,2026-06-15 19:42:00,INR,deposit,psp_fee,PAY000626,PSP000626,-465.56,297275.48,296809.92
STM001253,2026-06-15 19:49:00,MYR,deposit,deposit_received,PAY000627,PSP000627,1362.76,13303.15,14665.91
STM001254,2026-06-15 19:50:00,MYR,deposit,psp_fee,PAY000627,PSP000627,-32.71,14665.91,14633.2
STM001255,2026-06-15 20:28:00,MYR,deposit,deposit_received,PAY000622,PSP000622,1224.16,14633.2,15857.36
STM001256,2026-06-15 20:29:00,MYR,deposit,psp_fee,PAY000622,PSP000622,-29.38,15857.36,15827.98
STM001257,2026-06-15 21:15:00,MYR,deposit,deposit_received,PAY000624,PSP000624,1916.12,15827.98,17744.1
STM001258,2026-06-15 21:16:00,MYR,deposit,psp_fee,PAY000624,PSP000624,-45.99,17744.1,17698.11
STM001259,2026-06-15 21:28:00,INR,deposit,deposit_received,PAY000625,PSP000625,6860.36,296809.92,303670.28
STM001260,2026-06-15 21:29:00,INR,deposit,psp_fee,PAY000625,PSP000625,-164.65,303670.28,303505.63
STM001261,2026-06-15 21:34:00,MYR,payout,payout_sent,PAY000629,PSP000629,-813.51,17698.11,16884.6
STM001262,2026-06-15 21:35:00,MYR,payout,psp_fee,PAY000629,PSP000629,-19.52,16884.6,16865.08
STM001263,2026-06-15 22:06:00,INR,deposit,deposit_received,PAY000632,PSP000632,18459.56,303505.63,321965.19
STM001264,2026-06-15 22:07:00,INR,deposit,psp_fee,PAY000632,PSP000632,-443.03,321965.19,321522.16
STM001265,2026-06-15 22:26:00,INR,payout,payout_sent,PAY000630,PSP000630,-10095.44,321522.16,311426.72
STM001266,2026-06-15 22:27:00,INR,payout,psp_fee,PAY000630,PSP000630,-242.29,311426.72,311184.43
STM001267,2026-06-15 22:31:00,INR,deposit,deposit_received,PAY000628,PSP000628,49770.28,311184.43,360954.71
STM001268,2026-06-15 22:32:00,INR,deposit,psp_fee,PAY000628,PSP000628,-1194.49,360954.71,359760.22
STM001269,2026-06-15 22:56:00,INR,payout,payout_sent,PAY000631,PSP000631,-3527.57,359760.22,356232.65
STM001270,2026-06-15 22:57:00,INR,payout,psp_fee,PAY000631,PSP000631,-84.66,356232.65,356147.99
STM001271,2026-06-16 08:36:00,MYR,deposit,deposit_received,PAY000633,PSP000633,569.08,16865.08,17434.16
STM001272,2026-06-16 08:37:00,MYR,deposit,psp_fee,PAY000633,PSP000633,-13.66,17434.16,17420.5
STM001273,2026-06-16 09:52:00,INR,deposit,deposit_received,PAY000634,PSP000634,39245.31,356147.99,395393.3
STM001274,2026-06-16 09:53:00,INR,deposit,psp_fee,PAY000634,PSP000634,-941.89,395393.3,394451.41
STM001275,2026-06-16 10:52:00,MYR,deposit,deposit_received,PAY000635,PSP000635,218.21,17420.5,17638.71
STM001276,2026-06-16 10:53:00,MYR,deposit,psp_fee,PAY000635,PSP000635,-5.24,17638.71,17633.47
STM001277,2026-06-16 12:35:00,MYR,deposit,deposit_received,PAY000636,PSP000636,1796.24,17633.47,19429.71
STM001278,2026-06-16 12:36:00,MYR,deposit,psp_fee,PAY000636,PSP000636,-43.11,19429.71,19386.6
STM001279,2026-06-16 13:41:00,MYR,payout,payout_sent,PAY000637,PSP000637,-742.51,19386.6,18644.09
STM001280,2026-06-16 13:42:00,MYR,payout,psp_fee,PAY000637,PSP000637,-17.82,18644.09,18626.27
STM001281,2026-06-16 16:09:00,INR,deposit,deposit_received,PAY000640,PSP000640,35485.94,394451.41,429937.35
STM001282,2026-06-16 16:10:00,INR,deposit,psp_fee,PAY000640,PSP000640,-851.66,429937.35,429085.69
STM001283,2026-06-16 17:08:00,INR,payout,payout_sent,PAY000638,PSP000638,-18253.03,429085.69,410832.66
STM001284,2026-06-16 17:09:00,INR,payout,psp_fee,PAY000638,PSP000638,-438.07,410832.66,410394.59
STM001285,2026-06-16 17:29:00,INR,deposit,deposit_received,PAY000639,PSP000639,3116.8,410394.59,413511.39
STM001286,2026-06-16 17:30:00,INR,deposit,psp_fee,PAY000639,PSP000639,-74.8,413511.39,413436.59
STM001287,2026-06-16 17:32:00,MYR,deposit,deposit_received,PAY000643,PSP000643,181.09,18626.27,18807.36
STM001288,2026-06-16 17:33:00,MYR,deposit,psp_fee,PAY000643,PSP000643,-4.35,18807.36,18803.01
STM001289,2026-06-16 17:44:00,MYR,deposit,deposit_received,PAY000641,PSP000641,595.03,18803.01,19398.04
STM001290,2026-06-16 17:45:00,MYR,deposit,psp_fee,PAY000641,PSP000641,-14.28,19398.04,19383.76
STM001291,2026-06-16 18:02:00,INR,deposit,deposit_received,PAY000642,PSP000642,47399.01,413436.59,460835.6
STM001292,2026-06-16 18:03:00,INR,deposit,psp_fee,PAY000642,PSP000642,-1137.58,460835.6,459698.02
STM001293,2026-06-16 19:36:00,INR,deposit,deposit_received,PAY000644,PSP000644,37298.77,459698.02,496996.79
STM001294,2026-06-16 19:37:00,INR,deposit,psp_fee,PAY000644,PSP000644,-895.17,496996.79,496101.62
STM001295,2026-06-16 20:31:00,INR,deposit,deposit_received,PAY000647,PSP000647,45588.88,496101.62,541690.5
STM001296,2026-06-16 20:32:00,INR,deposit,psp_fee,PAY000647,PSP000647,-1094.13,541690.5,540596.37
STM001297,2026-06-16 21:58:00,MYR,deposit,deposit_received,PAY000645,PSP000645,1925.47,19383.76,21309.23
STM001298,2026-06-16 21:59:00,MYR,deposit,psp_fee,PAY000645,PSP000645,-46.21,21309.23,21263.02
STM001299,2026-06-16 23:18:00,INR,deposit,deposit_received,PAY000646,PSP000646,34413.53,540596.37,575009.9
STM001300,2026-06-16 23:19:00,INR,deposit,psp_fee,PAY000646,PSP000646,-825.92,575009.9,574183.98
STM001301,2026-06-17 11:09:00,MYR,deposit,deposit_received,PAY000648,PSP000648,511.13,21263.02,21774.15
STM001302,2026-06-17 11:10:00,MYR,deposit,psp_fee,PAY000648,PSP000648,-12.27,21774.15,21761.88
STM001303,2026-06-17 11:10:00,INR,deposit,deposit_received,PAY000649,PSP000649,33888.85,574183.98,608072.83
STM001304,2026-06-17 11:11:00,INR,deposit,psp_fee,PAY000649,PSP000649,-813.33,608072.83,607259.5
STM001305,2026-06-17 11:45:00,INR,deposit,deposit_received,PAY000650,PSP000650,42050.74,607259.5,649310.24
STM001306,2026-06-17 11:46:00,INR,deposit,psp_fee,PAY000650,PSP000650,-1009.22,649310.24,648301.02
STM001307,2026-06-17 12:12:00,INR,deposit,deposit_received,PAY000651,PSP000651,8938.96,648301.02,657239.98
STM001308,2026-06-17 12:13:00,INR,deposit,psp_fee,PAY000651,PSP000651,-214.54,657239.98,657025.44
STM001309,2026-06-17 12:40:00,INR,payout,payout_sent,PAY000654,PSP000654,-2266.11,657025.44,654759.33
STM001310,2026-06-17 12:41:00,INR,payout,psp_fee,PAY000654,PSP000654,-54.39,654759.33,654704.94
STM001311,2026-06-17 13:36:00,MYR,deposit,deposit_received,PAY000653,PSP000653,805.43,21761.88,22567.31
STM001312,2026-06-17 13:37:00,MYR,deposit,psp_fee,PAY000653,PSP000653,-19.33,22567.31,22547.98
STM001313,2026-06-17 13:59:00,INR,deposit,deposit_received,PAY000652,PSP000652,14858.2,654704.94,669563.14
STM001314,2026-06-17 14:00:00,INR,deposit,psp_fee,PAY000652,PSP000652,-356.6,669563.14,669206.54
STM001315,2026-06-17 14:16:00,MYR,deposit,deposit_received,PAY000655,PSP000655,241.11,22547.98,22789.09
STM001316,2026-06-17 14:17:00,MYR,deposit,psp_fee,PAY000655,PSP000655,-5.79,22789.09,22783.3
STM001317,2026-06-17 15:30:00,INR,deposit,deposit_received,PAY000656,PSP000656,5516.22,669206.54,674722.76
STM001318,2026-06-17 15:31:00,INR,deposit,psp_fee,PAY000656,PSP000656,-132.39,674722.76,674590.37
STM001319,2026-06-17 15:55:00,INR,deposit,deposit_received,PAY000657,PSP000657,20830.59,674590.37,695420.96
STM001320,2026-06-17 15:56:00,INR,deposit,psp_fee,PAY000657,PSP000657,-499.93,695420.96,694921.03
STM001321,2026-06-17 16:26:00,INR,deposit,deposit_received,PAY000658,PSP000658,11691.71,694921.03,706612.74
STM001322,2026-06-17 16:27:00,INR,deposit,psp_fee,PAY000658,PSP000658,-280.6,706612.74,706332.14
STM001323,2026-06-17 16:32:00,MYR,payout,payout_sent,PAY000659,PSP000659,-725.24,22783.3,22058.06
STM001324,2026-06-17 16:33:00,MYR,payout,psp_fee,PAY000659,PSP000659,-17.41,22058.06,22040.65
STM001325,2026-06-17 16:59:00,MYR,deposit,deposit_received,PAY000660,PSP000660,348.81,22040.65,22389.46
STM001326,2026-06-17 17:00:00,MYR,deposit,psp_fee,PAY000660,PSP000660,-8.37,22389.46,22381.09
STM001327,2026-06-17 17:34:00,INR,deposit,deposit_received,PAY000662,PSP000662,45099.39,706332.14,751431.53
STM001328,2026-06-17 17:35:00,INR,deposit,psp_fee,PAY000662,PSP000662,-1082.39,751431.53,750349.14
STM001329,2026-06-17 17:44:00,MYR,deposit,deposit_received,PAY000661,PSP000661,248.01,22381.09,22629.1
STM001330,2026-06-17 17:45:00,MYR,deposit,psp_fee,PAY000661,PSP000661,-5.95,22629.1,22623.15
STM001331,2026-06-17 18:37:00,MYR,deposit,deposit_received,PAY000665,PSP000665,1591.64,22623.15,24214.79
STM001332,2026-06-17 18:38:00,MYR,deposit,psp_fee,PAY000665,PSP000665,-38.2,24214.79,24176.59
STM001333,2026-06-17 19:05:00,INR,deposit,deposit_received,PAY000667,PSP000667,14470.06,750349.14,764819.2
STM001334,2026-06-17 19:06:00,INR,deposit,psp_fee,PAY000667,PSP000667,-347.28,764819.2,764471.92
STM001335,2026-06-17 19:13:00,MYR,payout,payout_sent,PAY000664,PSP000664,-457.33,24176.59,23719.26
STM001336,2026-06-17 19:14:00,MYR,payout,psp_fee,PAY000664,PSP000664,-10.98,23719.26,23708.28
STM001337,2026-06-17 19:30:00,INR,deposit,deposit_received,PAY000663,PSP000663,6380.22,764471.92,770852.14
STM001338,2026-06-17 19:31:00,INR,deposit,psp_fee,PAY000663,PSP000663,-153.13,770852.14,770699.01
STM001339,2026-06-17 19:48:00,MYR,deposit,deposit_received,PAY000666,PSP000666,132.52,23708.28,23840.8
STM001340,2026-06-17 19:49:00,MYR,deposit,psp_fee,PAY000666,PSP000666,-3.18,23840.8,23837.62
STM001341,2026-06-18 08:54:00,MYR,deposit,deposit_received,PAY000668,PSP000668,1466.62,23837.62,25304.24
STM001342,2026-06-18 08:55:00,MYR,deposit,psp_fee,PAY000668,PSP000668,-35.2,25304.24,25269.04
STM001343,2026-06-18 09:24:00,MYR,payout,payout_sent,PAY000669,PSP000669,-1309.41,25269.04,23959.63
STM001344,2026-06-18 09:25:00,MYR,payout,psp_fee,PAY000669,PSP000669,-31.43,23959.63,23928.2
STM001345,2026-06-18 11:23:00,INR,deposit,deposit_received,PAY000671,PSP000671,11854.52,770699.01,782553.53
STM001346,2026-06-18 11:24:00,INR,deposit,psp_fee,PAY000671,PSP000671,-284.51,782553.53,782269.02
STM001347,2026-06-18 12:13:00,MYR,payout,payout_sent,PAY000670,PSP000670,-934.21,23928.2,22993.99
STM001348,2026-06-18 12:14:00,MYR,payout,psp_fee,PAY000670,PSP000670,-22.42,22993.99,22971.57
STM001349,2026-06-18 12:46:00,INR,deposit,deposit_received,PAY000672,PSP000672,46490.37,782269.02,828759.39
STM001350,2026-06-18 12:47:00,INR,deposit,psp_fee,PAY000672,PSP000672,-1115.77,828759.39,827643.62
STM001351,2026-06-18 13:23:00,INR,deposit,deposit_received,PAY000673,PSP000673,19327.46,827643.62,846971.08
STM001352,2026-06-18 13:24:00,INR,deposit,psp_fee,PAY000673,PSP000673,-463.86,846971.08,846507.22
STM001353,2026-06-18 13:30:00,MYR,payout,payout_sent,PAY000676,PSP000676,-274.67,22971.57,22696.9
STM001354,2026-06-18 13:31:00,MYR,payout,psp_fee,PAY000676,PSP000676,-6.59,22696.9,22690.31
STM001355,2026-06-18 13:59:00,INR,deposit,deposit_received,PAY000674,PSP000674,24220.16,846507.22,870727.38
STM001356,2026-06-18 14:00:00,INR,deposit,psp_fee,PAY000674,PSP000674,-581.28,870727.38,870146.1
STM001357,2026-06-18 14:15:00,INR,payout,payout_sent,PAY000675,PSP000675,-9750.33,870146.1,860395.77
STM001358,2026-06-18 14:16:00,INR,payout,psp_fee,PAY000675,PSP000675,-234.01,860395.77,860161.76
STM001359,2026-06-18 16:13:00,INR,payout,payout_sent,PAY000679,PSP000679,-19744.82,860161.76,840416.94
STM001360,2026-06-18 16:14:00,INR,payout,psp_fee,PAY000679,PSP000679,-473.88,840416.94,839943.06
STM001361,2026-06-18 16:44:00,MYR,deposit,deposit_received,PAY000678,PSP000678,746.26,22690.31,23436.57
STM001362,2026-06-18 16:45:00,MYR,deposit,psp_fee,PAY000678,PSP000678,-17.91,23436.57,23418.66
STM001363,2026-06-18 17:29:00,MYR,deposit,deposit_received,PAY000677,PSP000677,581.91,23418.66,24000.57
STM001364,2026-06-18 17:30:00,MYR,deposit,psp_fee,PAY000677,PSP000677,-13.97,24000.57,23986.6
STM001365,2026-06-18 18:42:00,INR,deposit,deposit_received,PAY000683,PSP000683,46312.28,839943.06,886255.34
STM001366,2026-06-18 18:43:00,INR,deposit,psp_fee,PAY000683,PSP000683,-1111.49,886255.34,885143.85
STM001367,2026-06-18 18:46:00,MYR,deposit,deposit_received,PAY000680,PSP000680,1493.58,23986.6,25480.18
STM001368,2026-06-18 18:47:00,MYR,deposit,psp_fee,PAY000680,PSP000680,-35.85,25480.18,25444.33
STM001369,2026-06-18 19:05:00,MYR,deposit,deposit_received,PAY000681,PSP000681,443.77,25444.33,25888.1
STM001370,2026-06-18 19:06:00,MYR,deposit,psp_fee,PAY000681,PSP000681,-10.65,25888.1,25877.45
STM001371,2026-06-18 19:38:00,MYR,deposit,deposit_received,PAY000684,PSP000684,1979.6,25877.45,27857.05
STM001372,2026-06-18 19:39:00,MYR,deposit,psp_fee,PAY000684,PSP000684,-47.51,27857.05,27809.54
STM001373,2026-06-18 19:39:00,MYR,deposit,deposit_received,PAY000686,PSP000686,1270.83,27809.54,29080.37
STM001374,2026-06-18 19:40:00,MYR,deposit,psp_fee,PAY000686,PSP000686,-30.5,29080.37,29049.87
STM001375,2026-06-18 20:00:00,INR,deposit,deposit_received,PAY000685,PSP000685,21201.52,885143.85,906345.37
STM001376,2026-06-18 20:01:00,INR,deposit,psp_fee,PAY000685,PSP000685,-508.84,906345.37,905836.53
STM001377,2026-06-18 20:18:00,INR,deposit,deposit_received,PAY000688,PSP000688,34986.96,905836.53,940823.49
STM001378,2026-06-18 20:19:00,INR,deposit,psp_fee,PAY000688,PSP000688,-839.69,940823.49,939983.8
STM001379,2026-06-18 20:32:00,INR,deposit,deposit_received,PAY000682,PSP000682,2531.43,939983.8,942515.23
STM001380,2026-06-18 20:33:00,INR,deposit,psp_fee,PAY000682,PSP000682,-60.75,942515.23,942454.48
STM001381,2026-06-18 21:14:00,INR,deposit,deposit_received,PAY000689,PSP000689,39822.32,942454.48,982276.8
STM001382,2026-06-18 21:15:00,INR,deposit,psp_fee,PAY000689,PSP000689,-955.74,982276.8,981321.06
STM001383,2026-06-18 21:15:00,MYR,deposit,deposit_received,PAY000690,PSP000690,1744.4,29049.87,30794.27
STM001384,2026-06-18 21:16:00,MYR,deposit,psp_fee,PAY000690,PSP000690,-41.87,30794.27,30752.4
STM001385,2026-06-18 21:27:00,MYR,deposit,deposit_received,PAY000687,PSP000687,1061.81,30752.4,31814.21
STM001386,2026-06-18 21:28:00,MYR,deposit,psp_fee,PAY000687,PSP000687,-25.48,31814.21,31788.73
STM001387,2026-06-19 09:31:00,MYR,deposit,deposit_received,PAY000692,PSP000692,345.21,31788.73,32133.94
STM001388,2026-06-19 09:32:00,MYR,deposit,psp_fee,PAY000692,PSP000692,-8.29,32133.94,32125.65
STM001389,2026-06-19 10:05:00,MYR,deposit,deposit_received,PAY000691,PSP000691,1138.12,32125.65,33263.77
STM001390,2026-06-19 10:06:00,MYR,deposit,psp_fee,PAY000691,PSP000691,-27.31,33263.77,33236.46
STM001391,2026-06-19 11:36:00,INR,deposit,deposit_received,PAY000695,PSP000695,12291.73,981321.06,993612.79
STM001392,2026-06-19 11:37:00,INR,deposit,psp_fee,PAY000695,PSP000695,-295.0,993612.79,993317.79
STM001393,2026-06-19 12:43:00,INR,deposit,deposit_received,PAY000696,PSP000696,46398.77,993317.79,1039716.56
STM001394,2026-06-19 12:44:00,INR,deposit,psp_fee,PAY000696,PSP000696,-1113.57,1039716.56,1038602.99
STM001395,2026-06-19 13:12:00,INR,deposit,deposit_received,PAY000693,PSP000693,23044.33,1038602.99,1061647.32
STM001396,2026-06-19 13:13:00,INR,deposit,psp_fee,PAY000693,PSP000693,-553.06,1061647.32,1061094.26
STM001397,2026-06-19 13:26:00,MYR,deposit,deposit_received,PAY000694,PSP000694,1425.26,33236.46,34661.72
STM001398,2026-06-19 13:27:00,MYR,deposit,psp_fee,PAY000694,PSP000694,-34.21,34661.72,34627.51
STM001399,2026-06-19 13:59:00,INR,deposit,deposit_received,PAY000697,PSP000697,49482.05,1061094.26,1110576.31
STM001400,2026-06-19 14:00:00,INR,deposit,psp_fee,PAY000697,PSP000697,-1187.57,1110576.31,1109388.74
STM001401,2026-06-19 14:23:00,INR,deposit,deposit_received,PAY000699,PSP000699,13569.89,1109388.74,1122958.63
STM001402,2026-06-19 14:24:00,INR,deposit,psp_fee,PAY000699,PSP000699,-325.68,1122958.63,1122632.95
STM001403,2026-06-19 15:00:00,MYR,payout,payout_sent,PAY000700,PSP000700,-839.78,34627.51,33787.73
STM001404,2026-06-19 15:01:00,MYR,payout,psp_fee,PAY000700,PSP000700,-20.15,33787.73,33767.58
STM001405,2026-06-19 15:07:00,INR,deposit,deposit_received,PAY000698,PSP000698,31817.8,1122632.95,1154450.75
STM001406,2026-06-19 15:07:00,MYR,deposit,deposit_received,PAY000701,PSP000701,378.17,33767.58,34145.75
STM001407,2026-06-19 15:08:00,INR,deposit,psp_fee,PAY000698,PSP000698,-763.63,1154450.75,1153687.12
STM001408,2026-06-19 15:08:00,MYR,deposit,psp_fee,PAY000701,PSP000701,-9.08,34145.75,34136.67
STM001409,2026-06-19 16:41:00,INR,deposit,deposit_received,PAY000703,PSP000703,16551.02,1153687.12,1170238.14
STM001410,2026-06-19 16:42:00,INR,deposit,psp_fee,PAY000703,PSP000703,-397.22,1170238.14,1169840.92
STM001411,2026-06-19 16:50:00,INR,deposit,deposit_received,PAY000702,PSP000702,47309.99,1169840.92,1217150.91
STM001412,2026-06-19 16:51:00,INR,deposit,psp_fee,PAY000702,PSP000702,-1135.44,1217150.91,1216015.47
STM001413,2026-06-19 17:49:00,MYR,deposit,deposit_received,PAY000704,PSP000704,1467.73,34136.67,35604.4
STM001414,2026-06-19 17:50:00,MYR,deposit,psp_fee,PAY000704,PSP000704,-35.23,35604.4,35569.17
STM001415,2026-06-19 18:06:00,INR,deposit,deposit_received,PAY000705,PSP000705,25050.08,1216015.47,1241065.55
STM001416,2026-06-19 18:07:00,INR,deposit,psp_fee,PAY000705,PSP000705,-601.2,1241065.55,1240464.35
STM001417,2026-06-19 20:19:00,INR,payout,payout_sent,PAY000706,PSP000706,-23994.64,1240464.35,1216469.71
STM001418,2026-06-19 20:20:00,INR,payout,psp_fee,PAY000706,PSP000706,-575.87,1216469.71,1215893.84
STM001419,2026-06-19 20:27:00,MYR,deposit,deposit_received,PAY000709,PSP000709,300.46,35569.17,35869.63
STM001420,2026-06-19 20:28:00,MYR,deposit,psp_fee,PAY000709,PSP000709,-7.21,35869.63,35862.42
STM001421,2026-06-19 21:00:00,INR,deposit,deposit_received,PAY000710,PSP000710,5946.76,1215893.84,1221840.6
STM001422,2026-06-19 21:01:00,INR,deposit,psp_fee,PAY000710,PSP000710,-142.72,1221840.6,1221697.88
STM001423,2026-06-19 21:15:00,MYR,deposit,deposit_received,PAY000707,PSP000707,1773.95,35862.42,37636.37
STM001424,2026-06-19 21:16:00,MYR,deposit,psp_fee,PAY000707,PSP000707,-42.57,37636.37,37593.8
STM001425,2026-06-19 22:07:00,INR,deposit,deposit_received,PAY000708,PSP000708,21606.55,1221697.88,1243304.43
STM001426,2026-06-19 22:08:00,INR,deposit,psp_fee,PAY000708,PSP000708,-518.56,1243304.43,1242785.87
STM001427,2026-06-20 10:58:00,INR,deposit,deposit_received,PAY000712,PSP000712,47902.08,1242785.87,1290687.95
STM001428,2026-06-20 10:59:00,INR,deposit,psp_fee,PAY000712,PSP000712,-1149.65,1290687.95,1289538.3
STM001429,2026-06-20 11:53:00,INR,deposit,deposit_received,PAY000715,PSP000715,31560.55,1289538.3,1321098.85
STM001430,2026-06-20 11:54:00,INR,deposit,psp_fee,PAY000715,PSP000715,-757.45,1321098.85,1320341.4
STM001431,2026-06-20 11:59:00,MYR,deposit,deposit_received,PAY000714,PSP000714,683.56,37593.8,38277.36
STM001432,2026-06-20 12:00:00,MYR,deposit,psp_fee,PAY000714,PSP000714,-16.41,38277.36,38260.95
STM001433,2026-06-20 12:42:00,MYR,payout,payout_sent,PAY000713,PSP000713,-299.93,38260.95,37961.02
STM001434,2026-06-20 12:43:00,MYR,payout,psp_fee,PAY000713,PSP000713,-7.2,37961.02,37953.82
STM001435,2026-06-20 13:08:00,INR,deposit,deposit_received,PAY000711,PSP000711,13749.0,1320341.4,1334090.4
STM001436,2026-06-20 13:09:00,INR,deposit,psp_fee,PAY000711,PSP000711,-329.98,1334090.4,1333760.42
STM001437,2026-06-20 13:09:00,INR,deposit,deposit_received,PAY000716,PSP000716,5577.02,1333760.42,1339337.44
STM001438,2026-06-20 13:10:00,INR,deposit,psp_fee,PAY000716,PSP000716,-133.85,1339337.44,1339203.59
STM001439,2026-06-20 14:50:00,INR,deposit,deposit_received,PAY000720,PSP000720,18344.43,1339203.59,1357548.02
STM001440,2026-06-20 14:51:00,INR,deposit,psp_fee,PAY000720,PSP000720,-440.27,1357548.02,1357107.75
STM001441,2026-06-20 15:13:00,INR,deposit,deposit_received,PAY000719,PSP000719,11613.86,1357107.75,1368721.61
STM001442,2026-06-20 15:14:00,INR,deposit,psp_fee,PAY000719,PSP000719,-278.73,1368721.61,1368442.88
STM001443,2026-06-20 15:15:00,INR,payout,payout_sent,PAY000717,PSP000717,-6395.93,1368442.88,1362046.95
STM001444,2026-06-20 15:16:00,INR,payout,psp_fee,PAY000717,PSP000717,-153.5,1362046.95,1361893.45
STM001445,2026-06-20 16:33:00,INR,deposit,deposit_received,PAY000721,PSP000721,21717.11,1361893.45,1383610.56
STM001446,2026-06-20 16:34:00,INR,deposit,psp_fee,PAY000721,PSP000721,-521.21,1383610.56,1383089.35
STM001447,2026-06-20 16:55:00,MYR,deposit,deposit_received,PAY000718,PSP000718,1845.73,37953.82,39799.55
STM001448,2026-06-20 16:56:00,MYR,deposit,psp_fee,PAY000718,PSP000718,-44.3,39799.55,39755.25
STM001449,2026-06-20 19:23:00,INR,payout,payout_sent,PAY000722,PSP000722,-22694.82,1383089.35,1360394.53
STM001450,2026-06-20 19:24:00,INR,payout,psp_fee,PAY000722,PSP000722,-544.68,1360394.53,1359849.85
STM001451,2026-06-20 20:25:00,MYR,deposit,deposit_received,PAY000723,PSP000723,564.05,39755.25,40319.3
STM001452,2026-06-20 20:26:00,MYR,deposit,psp_fee,PAY000723,PSP000723,-13.54,40319.3,40305.76
STM001453,2026-06-20 20:59:00,MYR,deposit,deposit_received,PAY000724,PSP000724,1584.05,40305.76,41889.81
STM001454,2026-06-20 21:00:00,MYR,deposit,psp_fee,PAY000724,PSP000724,-38.02,41889.81,41851.79
STM001455,2026-06-21 10:24:00,INR,deposit,deposit_received,PAY000726,PSP000726,47999.47,1359849.85,1407849.32
STM001456,2026-06-21 10:25:00,INR,deposit,psp_fee,PAY000726,PSP000726,-1151.99,1407849.32,1406697.33
STM001457,2026-06-21 11:06:00,INR,payout,payout_sent,PAY000725,PSP000725,-11763.86,1406697.33,1394933.47
STM001458,2026-06-21 11:07:00,INR,payout,psp_fee,PAY000725,PSP000725,-282.33,1394933.47,1394651.14
STM001459,2026-06-21 11:34:00,INR,deposit,deposit_received,PAY000727,PSP000727,9502.68,1394651.14,1404153.82
STM001460,2026-06-21 11:35:00,INR,deposit,psp_fee,PAY000727,PSP000727,-228.06,1404153.82,1403925.76
STM001461,2026-06-21 12:00:00,MYR,deposit,deposit_received,PAY000728,PSP000728,1396.04,41851.79,43247.83
STM001462,2026-06-21 12:01:00,MYR,deposit,psp_fee,PAY000728,PSP000728,-33.5,43247.83,43214.33
STM001463,2026-06-21 13:22:00,MYR,deposit,deposit_received,PAY000731,PSP000731,1415.09,43214.33,44629.42
STM001464,2026-06-21 13:23:00,MYR,deposit,psp_fee,PAY000731,PSP000731,-33.96,44629.42,44595.46
STM001465,2026-06-21 13:29:00,MYR,deposit,deposit_received,PAY000729,PSP000729,784.87,44595.46,45380.33
STM001466,2026-06-21 13:30:00,MYR,deposit,psp_fee,PAY000729,PSP000729,-18.84,45380.33,45361.49
STM001467,2026-06-21 13:59:00,INR,deposit,deposit_received,PAY000733,PSP000733,18362.5,1403925.76,1422288.26
STM001468,2026-06-21 14:00:00,INR,deposit,psp_fee,PAY000733,PSP000733,-440.7,1422288.26,1421847.56
STM001469,2026-06-21 14:24:00,MYR,payout,payout_sent,PAY000730,PSP000730,-531.18,45361.49,44830.31
STM001470,2026-06-21 14:25:00,MYR,payout,psp_fee,PAY000730,PSP000730,-12.75,44830.31,44817.56
STM001471,2026-06-21 14:40:00,INR,deposit,deposit_received,PAY000735,PSP000735,37476.27,1421847.56,1459323.83
STM001472,2026-06-21 14:41:00,INR,deposit,psp_fee,PAY000735,PSP000735,-899.43,1459323.83,1458424.4
STM001473,2026-06-21 15:07:00,INR,deposit,deposit_received,PAY000732,PSP000732,18438.72,1458424.4,1476863.12
STM001474,2026-06-21 15:08:00,INR,deposit,psp_fee,PAY000732,PSP000732,-442.53,1476863.12,1476420.59
STM001475,2026-06-21 15:45:00,MYR,deposit,deposit_received,PAY000734,PSP000734,1944.48,44817.56,46762.04
STM001476,2026-06-21 15:46:00,MYR,deposit,psp_fee,PAY000734,PSP000734,-46.67,46762.04,46715.37
STM001477,2026-06-21 16:05:00,INR,payout,payout_sent,PAY000736,PSP000736,-17866.55,1476420.59,1458554.04
STM001478,2026-06-21 16:06:00,INR,payout,psp_fee,PAY000736,PSP000736,-428.8,1458554.04,1458125.24
STM001479,2026-06-21 17:21:00,INR,deposit,deposit_received,PAY000737,PSP000737,4151.63,1458125.24,1462276.87
STM001480,2026-06-21 17:22:00,INR,deposit,psp_fee,PAY000737,PSP000737,-99.64,1462276.87,1462177.23
STM001481,2026-06-21 18:04:00,INR,payout,payout_sent,PAY000738,PSP000738,-4292.02,1462177.23,1457885.21
STM001482,2026-06-21 18:05:00,INR,payout,psp_fee,PAY000738,PSP000738,-103.01,1457885.21,1457782.2
STM001483,2026-06-21 18:29:00,INR,deposit,deposit_received,PAY000739,PSP000739,7911.0,1457782.2,1465693.2
STM001484,2026-06-21 18:30:00,INR,deposit,psp_fee,PAY000739,PSP000739,-189.86,1465693.2,1465503.34
STM001485,2026-06-21 19:12:00,INR,deposit,deposit_received,PAY000740,PSP000740,23774.13,1465503.34,1489277.47
STM001486,2026-06-21 19:13:00,INR,deposit,psp_fee,PAY000740,PSP000740,-570.58,1489277.47,1488706.89
STM001487,2026-06-21 20:07:00,INR,deposit,deposit_received,PAY000744,PSP000744,13955.47,1488706.89,1502662.36
STM001488,2026-06-21 20:08:00,INR,deposit,psp_fee,PAY000744,PSP000744,-334.93,1502662.36,1502327.43
STM001489,2026-06-21 20:19:00,INR,payout,payout_sent,PAY000742,PSP000742,-10541.58,1502327.43,1491785.85
STM001490,2026-06-21 20:20:00,INR,payout,psp_fee,PAY000742,PSP000742,-253.0,1491785.85,1491532.85
STM001491,2026-06-21 21:07:00,MYR,deposit,deposit_received,PAY000743,PSP000743,1840.73,46715.37,48556.1
STM001492,2026-06-21 21:08:00,MYR,deposit,psp_fee,PAY000743,PSP000743,-44.18,48556.1,48511.92
STM001493,2026-06-21 21:15:00,INR,deposit,deposit_received,PAY000741,PSP000741,3470.04,1491532.85,1495002.89
STM001494,2026-06-21 21:16:00,INR,deposit,psp_fee,PAY000741,PSP000741,-83.28,1495002.89,1494919.61
STM001495,2026-06-21 21:22:00,MYR,payout,payout_sent,PAY000750,PSP000750,-249.48,48511.92,48262.44
STM001496,2026-06-21 21:23:00,MYR,payout,psp_fee,PAY000750,PSP000750,-5.99,48262.44,48256.45
STM001497,2026-06-21 21:43:00,MYR,deposit,deposit_received,PAY000745,PSP000745,1493.98,48256.45,49750.43
STM001498,2026-06-21 21:44:00,MYR,deposit,psp_fee,PAY000745,PSP000745,-35.86,49750.43,49714.57
STM001499,2026-06-21 22:08:00,MYR,deposit,deposit_received,PAY000748,PSP000748,137.7,49714.57,49852.27
STM001500,2026-06-21 22:09:00,MYR,deposit,psp_fee,PAY000748,PSP000748,-3.3,49852.27,49848.97
STM001501,2026-06-21 22:11:00,MYR,payout,payout_sent,PAY000749,PSP000749,-175.8,49848.97,49673.17
STM001502,2026-06-21 22:12:00,MYR,payout,psp_fee,PAY000749,PSP000749,-4.22,49673.17,49668.95
STM001503,2026-06-21 22:33:00,INR,deposit,deposit_received,PAY000746,PSP000746,41214.0,1494919.61,1536133.61
STM001504,2026-06-21 22:34:00,INR,deposit,psp_fee,PAY000746,PSP000746,-989.14,1536133.61,1535144.47
STM001505,2026-06-21 23:19:00,INR,payout,payout_sent,PAY000747,PSP000747,-12539.88,1535144.47,1522604.59
STM001506,2026-06-21 23:20:00,INR,payout,psp_fee,PAY000747,PSP000747,-300.96,1522604.59,1522303.63
STM001507,2026-06-22 07:00:00,INR,settlement,settlement,SET20260622_INR,,-1300337.99,1522303.63,221965.64
STM001508,2026-06-22 07:00:00,MYR,settlement,settlement,SET20260622_MYR,,-39599.31,49668.95,10069.64
STM001509,2026-06-22 09:17:00,INR,deposit,deposit_received,PAY000751,PSP000751,9793.32,221965.64,231758.96
STM001510,2026-06-22 09:18:00,INR,deposit,psp_fee,PAY000751,PSP000751,-235.04,231758.96,231523.92
STM001511,2026-06-22 09:31:00,MYR,payout,payout_sent,PAY000755,PSP000755,-940.05,10069.64,9129.59
STM001512,2026-06-22 09:32:00,MYR,payout,psp_fee,PAY000755,PSP000755,-22.56,9129.59,9107.03
STM001513,2026-06-22 10:15:00,MYR,deposit,deposit_received,PAY000753,PSP000753,213.63,9107.03,9320.66
STM001514,2026-06-22 10:16:00,MYR,deposit,psp_fee,PAY000753,PSP000753,-5.13,9320.66,9315.53
STM001515,2026-06-22 10:24:00,MYR,deposit,deposit_received,PAY000756,PSP000756,228.98,9315.53,9544.51
STM001516,2026-06-22 10:25:00,MYR,payout,payout_sent,PAY000754,PSP000754,-681.94,9544.51,8862.57
STM001517,2026-06-22 10:25:00,MYR,deposit,psp_fee,PAY000756,PSP000756,-5.5,8862.57,8857.07
STM001518,2026-06-22 10:26:00,MYR,payout,psp_fee,PAY000754,PSP000754,-16.37,8857.07,8840.7
STM001519,2026-06-22 11:04:00,INR,deposit,deposit_received,PAY000752,PSP000752,48844.83,231523.92,280368.75
STM001520,2026-06-22 11:05:00,INR,deposit,psp_fee,PAY000752,PSP000752,-1172.28,280368.75,279196.47
STM001521,2026-06-22 11:23:00,MYR,payout,payout_sent,PAY000757,PSP000757,-413.52,8840.7,8427.18
STM001522,2026-06-22 11:24:00,MYR,payout,psp_fee,PAY000757,PSP000757,-9.92,8427.18,8417.26
STM001523,2026-06-22 11:55:00,INR,deposit,deposit_received,PAY000759,PSP000759,38556.87,279196.47,317753.34
STM001524,2026-06-22 11:56:00,INR,deposit,psp_fee,PAY000759,PSP000759,-925.36,317753.34,316827.98
STM001525,2026-06-22 12:01:00,MYR,deposit,deposit_received,PAY000758,PSP000758,1907.05,8417.26,10324.31
STM001526,2026-06-22 12:02:00,MYR,deposit,psp_fee,PAY000758,PSP000758,-45.77,10324.31,10278.54
STM001527,2026-06-22 12:34:00,INR,deposit,deposit_received,PAY000763,PSP000763,27583.23,316827.98,344411.21
STM001528,2026-06-22 12:35:00,INR,deposit,psp_fee,PAY000763,PSP000763,-662.0,344411.21,343749.21
STM001529,2026-06-22 13:11:00,MYR,deposit,deposit_received,PAY000760,PSP000760,697.87,10278.54,10976.41
STM001530,2026-06-22 13:12:00,MYR,deposit,psp_fee,PAY000760,PSP000760,-16.75,10976.41,10959.66
STM001531,2026-06-22 14:11:00,INR,deposit,deposit_received,PAY000762,PSP000762,31575.59,343749.21,375324.8
STM001532,2026-06-22 14:12:00,INR,deposit,psp_fee,PAY000762,PSP000762,-757.81,375324.8,374566.99
STM001533,2026-06-22 14:19:00,INR,deposit,deposit_received,PAY000764,PSP000764,46735.77,374566.99,421302.76
STM001534,2026-06-22 14:20:00,INR,deposit,psp_fee,PAY000764,PSP000764,-1121.66,421302.76,420181.1
STM001535,2026-06-22 14:29:00,MYR,deposit,deposit_received,PAY000761,PSP000761,501.05,10959.66,11460.71
STM001536,2026-06-22 14:30:00,MYR,deposit,psp_fee,PAY000761,PSP000761,-12.03,11460.71,11448.68
STM001537,2026-06-22 14:42:00,MYR,deposit,deposit_received,PAY000765,PSP000765,205.78,11448.68,11654.46
STM001538,2026-06-22 14:43:00,MYR,deposit,psp_fee,PAY000765,PSP000765,-4.94,11654.46,11649.52
STM001539,2026-06-22 16:19:00,MYR,deposit,deposit_received,PAY000766,PSP000766,1957.61,11649.52,13607.13
STM001540,2026-06-22 16:20:00,MYR,deposit,psp_fee,PAY000766,PSP000766,-46.98,13607.13,13560.15
STM001541,2026-06-22 17:48:00,MYR,deposit,deposit_received,PAY000769,PSP000769,1026.71,13560.15,14586.86
STM001542,2026-06-22 17:49:00,MYR,deposit,psp_fee,PAY000769,PSP000769,-24.64,14586.86,14562.22
STM001543,2026-06-22 17:56:00,INR,deposit,deposit_received,PAY000767,PSP000767,24668.82,420181.1,444849.92
STM001544,2026-06-22 17:57:00,INR,deposit,psp_fee,PAY000767,PSP000767,-592.05,444849.92,444257.87
STM001545,2026-06-22 18:35:00,MYR,deposit,deposit_received,PAY000768,PSP000768,898.43,14562.22,15460.65
STM001546,2026-06-22 18:36:00,MYR,deposit,psp_fee,PAY000768,PSP000768,-21.56,15460.65,15439.09
STM001547,2026-06-22 19:57:00,INR,deposit,deposit_received,PAY000770,PSP000770,37181.61,444257.87,481439.48
STM001548,2026-06-22 19:58:00,INR,deposit,psp_fee,PAY000770,PSP000770,-892.36,481439.48,480547.12
STM001549,2026-06-22 20:01:00,INR,deposit,deposit_received,PAY000771,PSP000771,14887.7,480547.12,495434.82
STM001550,2026-06-22 20:02:00,INR,deposit,psp_fee,PAY000771,PSP000771,-357.3,495434.82,495077.52
STM001551,2026-06-22 22:02:00,MYR,deposit,deposit_received,PAY000772,PSP000772,794.8,15439.09,16233.89
STM001552,2026-06-22 22:03:00,MYR,deposit,psp_fee,PAY000772,PSP000772,-19.08,16233.89,16214.81
STM001553,2026-06-23 11:10:00,INR,deposit,deposit_received,PAY000774,PSP000774,45914.29,495077.52,540991.81
STM001554,2026-06-23 11:11:00,INR,deposit,psp_fee,PAY000774,PSP000774,-1101.94,540991.81,539889.87
STM001555,2026-06-23 11:20:00,INR,deposit,deposit_received,PAY000773,PSP000773,32302.98,539889.87,572192.85
STM001556,2026-06-23 11:21:00,INR,deposit,psp_fee,PAY000773,PSP000773,-775.27,572192.85,571417.58
STM001557,2026-06-23 12:21:00,MYR,payout,payout_sent,PAY000775,PSP000775,-125.31,16214.81,16089.5
STM001558,2026-06-23 12:22:00,MYR,payout,psp_fee,PAY000775,PSP000775,-3.01,16089.5,16086.49
STM001559,2026-06-23 13:00:00,MYR,payout,payout_sent,PAY000779,PSP000779,-112.48,16086.49,15974.01
STM001560,2026-06-23 13:01:00,MYR,payout,psp_fee,PAY000779,PSP000779,-2.7,15974.01,15971.31
STM001561,2026-06-23 13:03:00,MYR,deposit,deposit_received,PAY000776,PSP000776,255.22,15971.31,16226.53
STM001562,2026-06-23 13:04:00,MYR,deposit,psp_fee,PAY000776,PSP000776,-6.13,16226.53,16220.4
STM001563,2026-06-23 13:41:00,INR,deposit,deposit_received,PAY000777,PSP000777,32190.71,571417.58,603608.29
STM001564,2026-06-23 13:42:00,INR,deposit,psp_fee,PAY000777,PSP000777,-772.58,603608.29,602835.71
STM001565,2026-06-23 13:42:00,MYR,deposit,deposit_received,PAY000780,PSP000780,194.67,16220.4,16415.07
STM001566,2026-06-23 13:43:00,MYR,deposit,psp_fee,PAY000780,PSP000780,-4.67,16415.07,16410.4
STM001567,2026-06-23 14:20:00,INR,deposit,deposit_received,PAY000778,PSP000778,3588.81,602835.71,606424.52
STM001568,2026-06-23 14:21:00,INR,deposit,psp_fee,PAY000778,PSP000778,-86.13,606424.52,606338.39
STM001569,2026-06-23 15:29:00,MYR,deposit,deposit_received,PAY000782,PSP000782,212.11,16410.4,16622.51
STM001570,2026-06-23 15:30:00,MYR,deposit,psp_fee,PAY000782,PSP000782,-5.09,16622.51,16617.42
STM001571,2026-06-23 15:45:00,MYR,payout,payout_sent,PAY000781,PSP000781,-1146.34,16617.42,15471.08
STM001572,2026-06-23 15:46:00,MYR,payout,psp_fee,PAY000781,PSP000781,-27.51,15471.08,15443.57
STM001573,2026-06-23 16:19:00,MYR,deposit,deposit_received,PAY000783,PSP000783,1885.63,15443.57,17329.2
STM001574,2026-06-23 16:20:00,MYR,deposit,psp_fee,PAY000783,PSP000783,-45.26,17329.2,17283.94
STM001575,2026-06-23 17:09:00,INR,deposit,deposit_received,PAY000784,PSP000784,18057.27,606338.39,624395.66
STM001576,2026-06-23 17:10:00,INR,deposit,psp_fee,PAY000784,PSP000784,-433.37,624395.66,623962.29
STM001577,2026-06-23 17:42:00,INR,deposit,deposit_received,PAY000786,PSP000786,1202.25,623962.29,625164.54
STM001578,2026-06-23 17:43:00,INR,deposit,psp_fee,PAY000786,PSP000786,-28.85,625164.54,625135.69
STM001579,2026-06-23 18:05:00,INR,deposit,deposit_received,PAY000785,PSP000785,4351.53,625135.69,629487.22
STM001580,2026-06-23 18:06:00,INR,deposit,psp_fee,PAY000785,PSP000785,-104.44,629487.22,629382.78
STM001581,2026-06-23 19:42:00,MYR,deposit,deposit_received,PAY000788,PSP000788,1976.83,17283.94,19260.77
STM001582,2026-06-23 19:43:00,MYR,deposit,psp_fee,PAY000788,PSP000788,-47.44,19260.77,19213.33
STM001583,2026-06-23 20:01:00,INR,deposit,deposit_received,PAY000787,PSP000787,6123.54,629382.78,635506.32
STM001584,2026-06-23 20:02:00,INR,deposit,psp_fee,PAY000787,PSP000787,-146.96,635506.32,635359.36
STM001585,2026-06-23 20:13:00,MYR,deposit,deposit_received,PAY000789,PSP000789,221.97,19213.33,19435.3
STM001586,2026-06-23 20:14:00,MYR,deposit,psp_fee,PAY000789,PSP000789,-5.33,19435.3,19429.97
STM001587,2026-06-23 21:21:00,MYR,deposit,deposit_received,PAY000792,PSP000792,624.83,19429.97,20054.8
STM001588,2026-06-23 21:22:00,MYR,deposit,psp_fee,PAY000792,PSP000792,-15.0,20054.8,20039.8
STM001589,2026-06-23 22:20:00,INR,payout,payout_sent,PAY000790,PSP000790,-19872.15,635359.36,615487.21
STM001590,2026-06-23 22:21:00,INR,payout,psp_fee,PAY000790,PSP000790,-476.93,615487.21,615010.28
STM001591,2026-06-23 22:25:00,INR,deposit,deposit_received,PAY000791,PSP000791,48601.35,615010.28,663611.63
STM001592,2026-06-23 22:26:00,INR,deposit,psp_fee,PAY000791,PSP000791,-1166.43,663611.63,662445.2
STM001593,2026-06-23 22:29:00,INR,deposit,deposit_received,PAY000793,PSP000793,20995.66,662445.2,683440.86
STM001594,2026-06-23 22:30:00,INR,deposit,psp_fee,PAY000793,PSP000793,-503.9,683440.86,682936.96
STM001595,2026-06-24 08:50:00,MYR,deposit,deposit_received,PAY000794,PSP000794,253.36,20039.8,20293.16
STM001596,2026-06-24 08:51:00,MYR,deposit,psp_fee,PAY000794,PSP000794,-6.08,20293.16,20287.08
STM001597,2026-06-24 10:20:00,INR,deposit,deposit_received,PAY000797,PSP000797,4937.08,682936.96,687874.04
STM001598,2026-06-24 10:21:00,INR,deposit,psp_fee,PAY000797,PSP000797,-118.49,687874.04,687755.55
STM001599,2026-06-24 11:53:00,MYR,deposit,deposit_received,PAY000795,PSP000795,1201.94,20287.08,21489.02
STM001600,2026-06-24 11:54:00,MYR,deposit,psp_fee,PAY000795,PSP000795,-28.85,21489.02,21460.17
STM001601,2026-06-24 12:23:00,MYR,deposit,deposit_received,PAY000796,PSP000796,1279.19,21460.17,22739.36
STM001602,2026-06-24 12:24:00,MYR,deposit,psp_fee,PAY000796,PSP000796,-30.7,22739.36,22708.66
STM001603,2026-06-24 12:27:00,MYR,deposit,deposit_received,PAY000798,PSP000798,226.41,22708.66,22935.07
STM001604,2026-06-24 12:28:00,MYR,deposit,psp_fee,PAY000798,PSP000798,-5.43,22935.07,22929.64
STM001605,2026-06-24 13:01:00,INR,deposit,deposit_received,PAY000799,PSP000799,10987.62,687755.55,698743.17
STM001606,2026-06-24 13:02:00,INR,deposit,psp_fee,PAY000799,PSP000799,-263.7,698743.17,698479.47
STM001607,2026-06-24 13:22:00,MYR,deposit,deposit_received,PAY000800,PSP000800,1902.59,22929.64,24832.23
STM001608,2026-06-24 13:23:00,MYR,deposit,psp_fee,PAY000800,PSP000800,-45.66,24832.23,24786.57
STM001609,2026-06-24 13:32:00,MYR,deposit,deposit_received,PAY000801,PSP000801,44.98,24786.57,24831.55
STM001610,2026-06-24 13:33:00,MYR,deposit,psp_fee,PAY000801,PSP000801,-1.08,24831.55,24830.47
STM001611,2026-06-24 13:40:00,INR,payout,payout_sent,PAY000802,PSP000802,-22425.98,698479.47,676053.49
STM001612,2026-06-24 13:41:00,INR,payout,psp_fee,PAY000802,PSP000802,-538.22,676053.49,675515.27
STM001613,2026-06-24 13:55:00,INR,deposit,deposit_received,PAY000807,PSP000807,48879.1,675515.27,724394.37
STM001614,2026-06-24 13:56:00,INR,deposit,psp_fee,PAY000807,PSP000807,-1173.1,724394.37,723221.27
STM001615,2026-06-24 14:00:00,MYR,deposit,deposit_received,PAY000805,PSP000805,1985.87,24830.47,26816.34
STM001616,2026-06-24 14:01:00,MYR,deposit,psp_fee,PAY000805,PSP000805,-47.66,26816.34,26768.68
STM001617,2026-06-24 14:27:00,MYR,deposit,deposit_received,PAY000803,PSP000803,1803.37,26768.68,28572.05
STM001618,2026-06-24 14:28:00,MYR,deposit,psp_fee,PAY000803,PSP000803,-43.28,28572.05,28528.77
STM001619,2026-06-24 15:11:00,INR,deposit,deposit_received,PAY000804,PSP000804,42118.1,723221.27,765339.37
STM001620,2026-06-24 15:12:00,INR,deposit,psp_fee,PAY000804,PSP000804,-1010.83,765339.37,764328.54
STM001621,2026-06-24 15:30:00,MYR,deposit,deposit_received,PAY000806,PSP000806,1662.24,28528.77,30191.01
STM001622,2026-06-24 15:31:00,MYR,deposit,psp_fee,PAY000806,PSP000806,-39.89,30191.01,30151.12
STM001623,2026-06-24 15:35:00,MYR,deposit,deposit_received,PAY000808,PSP000808,485.01,30151.12,30636.13
STM001624,2026-06-24 15:36:00,MYR,deposit,psp_fee,PAY000808,PSP000808,-11.64,30636.13,30624.49
STM001625,2026-06-24 16:43:00,MYR,deposit,deposit_received,PAY000810,PSP000810,1898.94,30624.49,32523.43
STM001626,2026-06-24 16:44:00,MYR,deposit,psp_fee,PAY000810,PSP000810,-45.57,32523.43,32477.86
STM001627,2026-06-24 17:53:00,INR,deposit,deposit_received,PAY000809,PSP000809,42230.02,764328.54,806558.56
STM001628,2026-06-24 17:54:00,INR,deposit,psp_fee,PAY000809,PSP000809,-1013.52,806558.56,805545.04
STM001629,2026-06-24 18:27:00,INR,deposit,deposit_received,PAY000811,PSP000811,31630.26,805545.04,837175.3
STM001630,2026-06-24 18:28:00,INR,deposit,psp_fee,PAY000811,PSP000811,-759.13,837175.3,836416.17
STM001631,2026-06-24 18:28:00,INR,deposit,deposit_received,PAY000812,PSP000812,46069.42,836416.17,882485.59
STM001632,2026-06-24 18:29:00,INR,deposit,psp_fee,PAY000812,PSP000812,-1105.67,882485.59,881379.92
STM001633,2026-06-24 21:09:00,MYR,deposit,deposit_received,PAY000813,PSP000813,1967.33,32477.86,34445.19
STM001634,2026-06-24 21:10:00,MYR,deposit,psp_fee,PAY000813,PSP000813,-47.22,34445.19,34397.97
STM001635,2026-06-25 09:49:00,INR,deposit,deposit_received,PAY000818,PSP000818,42308.87,881379.92,923688.79
STM001636,2026-06-25 09:50:00,INR,deposit,psp_fee,PAY000818,PSP000818,-1015.41,923688.79,922673.38
STM001637,2026-06-25 10:03:00,INR,deposit,deposit_received,PAY000817,PSP000817,5800.29,922673.38,928473.67
STM001638,2026-06-25 10:04:00,INR,deposit,psp_fee,PAY000817,PSP000817,-139.21,928473.67,928334.46
STM001639,2026-06-25 10:22:00,MYR,deposit,deposit_received,PAY000814,PSP000814,614.94,34397.97,35012.91
STM001640,2026-06-25 10:23:00,MYR,deposit,psp_fee,PAY000814,PSP000814,-14.76,35012.91,34998.15
STM001641,2026-06-25 11:12:00,INR,deposit,deposit_received,PAY000815,PSP000815,38634.38,928334.46,966968.84
STM001642,2026-06-25 11:13:00,INR,deposit,psp_fee,PAY000815,PSP000815,-927.23,966968.84,966041.61
STM001643,2026-06-25 11:16:00,MYR,deposit,deposit_received,PAY000816,PSP000816,1266.05,34998.15,36264.2
STM001644,2026-06-25 11:17:00,MYR,deposit,psp_fee,PAY000816,PSP000816,-30.39,36264.2,36233.81
STM001645,2026-06-25 12:48:00,INR,deposit,deposit_received,PAY000820,PSP000820,19075.09,966041.61,985116.7
STM001646,2026-06-25 12:49:00,INR,deposit,psp_fee,PAY000820,PSP000820,-457.8,985116.7,984658.9
STM001647,2026-06-25 13:02:00,INR,deposit,deposit_received,PAY000819,PSP000819,20980.38,984658.9,1005639.28
STM001648,2026-06-25 13:03:00,INR,deposit,psp_fee,PAY000819,PSP000819,-503.53,1005639.28,1005135.75
STM001649,2026-06-25 13:25:00,MYR,deposit,deposit_received,PAY000821,PSP000821,618.55,36233.81,36852.36
STM001650,2026-06-25 13:26:00,MYR,deposit,psp_fee,PAY000821,PSP000821,-14.85,36852.36,36837.51
STM001651,2026-06-25 14:17:00,INR,deposit,deposit_received,PAY000823,PSP000823,46365.87,1005135.75,1051501.62
STM001652,2026-06-25 14:18:00,INR,deposit,psp_fee,PAY000823,PSP000823,-1112.78,1051501.62,1050388.84
STM001653,2026-06-25 14:47:00,INR,deposit,deposit_received,PAY000824,PSP000824,25831.36,1050388.84,1076220.2
STM001654,2026-06-25 14:48:00,INR,deposit,psp_fee,PAY000824,PSP000824,-619.95,1076220.2,1075600.25
STM001655,2026-06-25 14:51:00,MYR,deposit,deposit_received,PAY000825,PSP000825,88.11,36837.51,36925.62
STM001656,2026-06-25 14:52:00,MYR,deposit,psp_fee,PAY000825,PSP000825,-2.11,36925.62,36923.51
STM001657,2026-06-25 15:00:00,INR,deposit,deposit_received,PAY000822,PSP000822,49690.11,1075600.25,1125290.36
STM001658,2026-06-25 15:01:00,INR,deposit,psp_fee,PAY000822,PSP000822,-1192.56,1125290.36,1124097.8
STM001659,2026-06-25 16:23:00,INR,payout,payout_sent,PAY000829,PSP000829,-24511.83,1124097.8,1099585.97
STM001660,2026-06-25 16:24:00,INR,payout,psp_fee,PAY000829,PSP000829,-588.28,1099585.97,1098997.69
STM001661,2026-06-25 16:50:00,INR,deposit,deposit_received,PAY000826,PSP000826,13745.73,1098997.69,1112743.42
STM001662,2026-06-25 16:51:00,INR,deposit,psp_fee,PAY000826,PSP000826,-329.9,1112743.42,1112413.52
STM001663,2026-06-25 16:56:00,MYR,deposit,deposit_received,PAY000828,PSP000828,1847.03,36923.51,38770.54
STM001664,2026-06-25 16:57:00,MYR,deposit,psp_fee,PAY000828,PSP000828,-44.33,38770.54,38726.21
STM001665,2026-06-25 17:47:00,INR,deposit,deposit_received,PAY000827,PSP000827,32770.26,1112413.52,1145183.78
STM001666,2026-06-25 17:48:00,INR,deposit,psp_fee,PAY000827,PSP000827,-786.49,1145183.78,1144397.29
STM001667,2026-06-25 18:45:00,MYR,deposit,deposit_received,PAY000834,PSP000834,723.94,38726.21,39450.15
STM001668,2026-06-25 18:46:00,MYR,deposit,psp_fee,PAY000834,PSP000834,-17.37,39450.15,39432.78
STM001669,2026-06-25 18:47:00,INR,deposit,deposit_received,PAY000833,PSP000833,47925.82,1144397.29,1192323.11
STM001670,2026-06-25 18:48:00,INR,deposit,psp_fee,PAY000833,PSP000833,-1150.22,1192323.11,1191172.89
STM001671,2026-06-25 19:30:00,MYR,payout,payout_sent,PAY000830,PSP000830,-1252.6,39432.78,38180.18
STM001672,2026-06-25 19:31:00,MYR,payout,psp_fee,PAY000830,PSP000830,-30.06,38180.18,38150.12
STM001673,2026-06-25 20:18:00,MYR,deposit,deposit_received,PAY000831,PSP000831,1637.31,38150.12,39787.43
STM001674,2026-06-25 20:19:00,MYR,deposit,psp_fee,PAY000831,PSP000831,-39.3,39787.43,39748.13
STM001675,2026-06-25 20:23:00,MYR,deposit,deposit_received,PAY000832,PSP000832,725.24,39748.13,40473.37
STM001676,2026-06-25 20:24:00,MYR,deposit,psp_fee,PAY000832,PSP000832,-17.41,40473.37,40455.96
STM001677,2026-06-25 20:28:00,INR,deposit,deposit_received,PAY000835,PSP000835,39649.37,1191172.89,1230822.26
STM001678,2026-06-25 20:29:00,INR,deposit,psp_fee,PAY000835,PSP000835,-951.58,1230822.26,1229870.68
STM001679,2026-06-25 20:53:00,INR,deposit,deposit_received,PAY000836,PSP000836,18912.23,1229870.68,1248782.91
STM001680,2026-06-25 20:54:00,INR,deposit,psp_fee,PAY000836,PSP000836,-453.89,1248782.91,1248329.02
STM001681,2026-06-25 21:51:00,INR,deposit,deposit_received,PAY000837,PSP000837,35981.73,1248329.02,1284310.75
STM001682,2026-06-25 21:52:00,INR,deposit,psp_fee,PAY000837,PSP000837,-863.56,1284310.75,1283447.19
STM001683,2026-06-26 09:53:00,MYR,payout,payout_sent,PAY000838,PSP000838,-127.83,40455.96,40328.13
STM001684,2026-06-26 09:54:00,MYR,payout,psp_fee,PAY000838,PSP000838,-3.07,40328.13,40325.06
STM001685,2026-06-26 11:07:00,INR,deposit,deposit_received,PAY000840,PSP000840,34265.53,1283447.19,1317712.72
STM001686,2026-06-26 11:08:00,INR,deposit,psp_fee,PAY000840,PSP000840,-822.37,1317712.72,1316890.35
STM001687,2026-06-26 11:23:00,INR,payout,payout_sent,PAY000839,PSP000839,-14563.88,1316890.35,1302326.47
STM001688,2026-06-26 11:24:00,INR,payout,psp_fee,PAY000839,PSP000839,-349.53,1302326.47,1301976.94
STM001689,2026-06-26 11:25:00,MYR,deposit,deposit_received,PAY000841,PSP000841,1611.37,40325.06,41936.43
STM001690,2026-06-26 11:26:00,MYR,deposit,psp_fee,PAY000841,PSP000841,-38.67,41936.43,41897.76
STM001691,2026-06-26 12:10:00,MYR,deposit,deposit_received,PAY000842,PSP000842,921.99,41897.76,42819.75
STM001692,2026-06-26 12:11:00,MYR,deposit,psp_fee,PAY000842,PSP000842,-22.13,42819.75,42797.62
STM001693,2026-06-26 13:11:00,MYR,deposit,deposit_received,PAY000843,PSP000843,591.52,42797.62,43389.14
STM001694,2026-06-26 13:12:00,MYR,deposit,psp_fee,PAY000843,PSP000843,-14.2,43389.14,43374.94
STM001695,2026-06-26 13:22:00,INR,deposit,deposit_received,PAY000845,PSP000845,3937.98,1301976.94,1305914.92
STM001696,2026-06-26 13:23:00,INR,deposit,psp_fee,PAY000845,PSP000845,-94.51,1305914.92,1305820.41
STM001697,2026-06-26 13:35:00,INR,payout,payout_sent,PAY000844,PSP000844,-4055.4,1305820.41,1301765.01
STM001698,2026-06-26 13:36:00,INR,payout,psp_fee,PAY000844,PSP000844,-97.33,1301765.01,1301667.68
STM001699,2026-06-26 14:38:00,MYR,deposit,deposit_received,PAY000846,PSP000846,654.86,43374.94,44029.8
STM001700,2026-06-26 14:39:00,MYR,deposit,psp_fee,PAY000846,PSP000846,-15.72,44029.8,44014.08
STM001701,2026-06-26 15:07:00,INR,deposit,deposit_received,PAY000847,PSP000847,24944.02,1301667.68,1326611.7
STM001702,2026-06-26 15:08:00,INR,deposit,psp_fee,PAY000847,PSP000847,-598.66,1326611.7,1326013.04
STM001703,2026-06-26 15:40:00,INR,payout,payout_sent,PAY000849,PSP000849,-1561.42,1326013.04,1324451.62
STM001704,2026-06-26 15:41:00,INR,payout,psp_fee,PAY000849,PSP000849,-37.47,1324451.62,1324414.15
STM001705,2026-06-26 17:31:00,INR,deposit,deposit_received,PAY000850,PSP000850,43138.74,1324414.15,1367552.89
STM001706,2026-06-26 17:32:00,INR,deposit,psp_fee,PAY000850,PSP000850,-1035.33,1367552.89,1366517.56
STM001707,2026-06-26 17:47:00,INR,deposit,deposit_received,PAY000852,PSP000852,5984.78,1366517.56,1372502.34
STM001708,2026-06-26 17:48:00,INR,deposit,psp_fee,PAY000852,PSP000852,-143.63,1372502.34,1372358.71
STM001709,2026-06-26 17:50:00,MYR,deposit,deposit_received,PAY000848,PSP000848,1001.87,44014.08,45015.95
STM001710,2026-06-26 17:51:00,MYR,deposit,psp_fee,PAY000848,PSP000848,-24.04,45015.95,44991.91
STM001711,2026-06-26 18:09:00,MYR,payout,payout_sent,PAY000853,PSP000853,-385.4,44991.91,44606.51
STM001712,2026-06-26 18:10:00,MYR,payout,psp_fee,PAY000853,PSP000853,-9.25,44606.51,44597.26
STM001713,2026-06-26 18:24:00,INR,deposit,deposit_received,PAY000851,PSP000851,40899.31,1372358.71,1413258.02
STM001714,2026-06-26 18:25:00,INR,deposit,psp_fee,PAY000851,PSP000851,-981.58,1413258.02,1412276.44
STM001715,2026-06-26 19:39:00,INR,deposit,deposit_received,PAY000854,PSP000854,6751.29,1412276.44,1419027.73
STM001716,2026-06-26 19:40:00,INR,deposit,psp_fee,PAY000854,PSP000854,-162.03,1419027.73,1418865.7
STM001717,2026-06-26 20:07:00,MYR,deposit,deposit_received,PAY000855,PSP000855,1057.87,44597.26,45655.13
STM001718,2026-06-26 20:08:00,MYR,deposit,psp_fee,PAY000855,PSP000855,-25.39,45655.13,45629.74
STM001719,2026-06-26 20:09:00,INR,deposit,deposit_received,PAY000858,PSP000858,34900.77,1418865.7,1453766.47
STM001720,2026-06-26 20:10:00,INR,deposit,psp_fee,PAY000858,PSP000858,-837.62,1453766.47,1452928.85
STM001721,2026-06-26 21:15:00,MYR,payout,payout_sent,PAY000856,PSP000856,-451.84,45629.74,45177.9
STM001722,2026-06-26 21:16:00,MYR,payout,psp_fee,PAY000856,PSP000856,-10.84,45177.9,45167.06
STM001723,2026-06-26 21:19:00,INR,deposit,deposit_received,PAY000857,PSP000857,35713.38,1452928.85,1488642.23
STM001724,2026-06-26 21:20:00,INR,deposit,psp_fee,PAY000857,PSP000857,-857.12,1488642.23,1487785.11
STM001725,2026-06-26 21:32:00,INR,payout,payout_sent,PAY000859,PSP000859,-12277.96,1487785.11,1475507.15
STM001726,2026-06-26 21:33:00,INR,payout,psp_fee,PAY000859,PSP000859,-294.67,1475507.15,1475212.48
STM001727,2026-06-26 22:14:00,MYR,deposit,deposit_received,PAY000860,PSP000860,1633.57,45167.06,46800.63
STM001728,2026-06-26 22:15:00,MYR,deposit,psp_fee,PAY000860,PSP000860,-39.21,46800.63,46761.42
STM001729,2026-06-26 23:43:00,MYR,deposit,deposit_received,PAY000861,PSP000861,1425.77,46761.42,48187.19
STM001730,2026-06-26 23:44:00,MYR,deposit,psp_fee,PAY000861,PSP000861,-34.22,48187.19,48152.97
STM001731,2026-06-27 09:31:00,MYR,deposit,deposit_received,PAY000864,PSP000864,1307.31,48152.97,49460.28
STM001732,2026-06-27 09:32:00,MYR,deposit,psp_fee,PAY000864,PSP000864,-31.38,49460.28,49428.9
STM001733,2026-06-27 09:56:00,INR,deposit,deposit_received,PAY000862,PSP000862,45876.51,1475212.48,1521088.99
STM001734,2026-06-27 09:57:00,INR,deposit,psp_fee,PAY000862,PSP000862,-1101.04,1521088.99,1519987.95
STM001735,2026-06-27 10:38:00,INR,deposit,deposit_received,PAY000863,PSP000863,3897.65,1519987.95,1523885.6
STM001736,2026-06-27 10:39:00,INR,deposit,psp_fee,PAY000863,PSP000863,-93.54,1523885.6,1523792.06
STM001737,2026-06-27 11:17:00,INR,deposit,deposit_received,PAY000865,PSP000865,1321.1,1523792.06,1525113.16
STM001738,2026-06-27 11:18:00,INR,deposit,psp_fee,PAY000865,PSP000865,-31.71,1525113.16,1525081.45
STM001739,2026-06-27 11:36:00,MYR,deposit,deposit_received,PAY000866,PSP000866,921.7,49428.9,50350.6
STM001740,2026-06-27 11:37:00,MYR,deposit,psp_fee,PAY000866,PSP000866,-22.12,50350.6,50328.48
STM001741,2026-06-27 12:05:00,MYR,deposit,deposit_received,PAY000868,PSP000868,758.47,50328.48,51086.95
STM001742,2026-06-27 12:06:00,MYR,deposit,psp_fee,PAY000868,PSP000868,-18.2,51086.95,51068.75
STM001743,2026-06-27 12:59:00,MYR,deposit,deposit_received,PAY000869,PSP000869,412.05,51068.75,51480.8
STM001744,2026-06-27 13:00:00,MYR,deposit,psp_fee,PAY000869,PSP000869,-9.89,51480.8,51470.91
STM001745,2026-06-27 13:36:00,INR,payout,payout_sent,PAY000867,PSP000867,-4535.01,1525081.45,1520546.44
STM001746,2026-06-27 13:37:00,INR,payout,psp_fee,PAY000867,PSP000867,-108.84,1520546.44,1520437.6
STM001747,2026-06-27 13:53:00,INR,deposit,deposit_received,PAY000871,PSP000871,47969.1,1520437.6,1568406.7
STM001748,2026-06-27 13:54:00,INR,deposit,psp_fee,PAY000871,PSP000871,-1151.26,1568406.7,1567255.44
STM001749,2026-06-27 14:23:00,INR,deposit,deposit_received,PAY000872,PSP000872,13675.82,1567255.44,1580931.26
STM001750,2026-06-27 14:24:00,INR,deposit,psp_fee,PAY000872,PSP000872,-328.22,1580931.26,1580603.04
STM001751,2026-06-27 14:39:00,INR,payout,payout_sent,PAY000873,PSP000873,-10442.93,1580603.04,1570160.11
STM001752,2026-06-27 14:40:00,INR,payout,psp_fee,PAY000873,PSP000873,-250.63,1570160.11,1569909.48
STM001753,2026-06-27 14:50:00,INR,deposit,deposit_received,PAY000870,PSP000870,30568.68,1569909.48,1600478.16
STM001754,2026-06-27 14:51:00,INR,deposit,psp_fee,PAY000870,PSP000870,-733.65,1600478.16,1599744.51
STM001755,2026-06-27 14:55:00,MYR,deposit,deposit_received,PAY000875,PSP000875,1475.75,51470.91,52946.66
STM001756,2026-06-27 14:56:00,MYR,deposit,psp_fee,PAY000875,PSP000875,-35.42,52946.66,52911.24
STM001757,2026-06-27 15:43:00,MYR,deposit,deposit_received,PAY000874,PSP000874,1577.88,52911.24,54489.12
STM001758,2026-06-27 15:44:00,MYR,deposit,psp_fee,PAY000874,PSP000874,-37.87,54489.12,54451.25
STM001759,2026-06-27 16:05:00,INR,deposit,deposit_received,PAY000877,PSP000877,7520.77,1599744.51,1607265.28
STM001760,2026-06-27 16:06:00,INR,deposit,psp_fee,PAY000877,PSP000877,-180.5,1607265.28,1607084.78
STM001761,2026-06-27 16:36:00,INR,deposit,deposit_received,PAY000880,PSP000880,23892.13,1607084.78,1630976.91
STM001762,2026-06-27 16:37:00,INR,deposit,psp_fee,PAY000880,PSP000880,-573.41,1630976.91,1630403.5
STM001763,2026-06-27 17:15:00,MYR,deposit,deposit_received,PAY000878,PSP000878,379.7,54451.25,54830.95
STM001764,2026-06-27 17:16:00,MYR,deposit,psp_fee,PAY000878,PSP000878,-9.11,54830.95,54821.84
STM001765,2026-06-27 18:20:00,INR,payout,payout_sent,PAY000879,PSP000879,-15386.42,1630403.5,1615017.08
STM001766,2026-06-27 18:20:00,INR,deposit,deposit_received,PAY000882,PSP000882,5449.63,1615017.08,1620466.71
STM001767,2026-06-27 18:21:00,MYR,deposit,deposit_received,PAY000876,PSP000876,365.36,54821.84,55187.2
STM001768,2026-06-27 18:21:00,INR,payout,psp_fee,PAY000879,PSP000879,-369.27,1620466.71,1620097.44
STM001769,2026-06-27 18:21:00,INR,deposit,psp_fee,PAY000882,PSP000882,-130.79,1620097.44,1619966.65
STM001770,2026-06-27 18:22:00,MYR,deposit,psp_fee,PAY000876,PSP000876,-8.77,55187.2,55178.43
STM001771,2026-06-27 18:28:00,MYR,payout,payout_sent,PAY000885,PSP000885,-964.99,55178.43,54213.44
STM001772,2026-06-27 18:29:00,MYR,payout,psp_fee,PAY000885,PSP000885,-23.16,54213.44,54190.28
STM001773,2026-06-27 18:34:00,MYR,deposit,deposit_received,PAY000886,PSP000886,733.67,54190.28,54923.95
STM001774,2026-06-27 18:35:00,MYR,deposit,psp_fee,PAY000886,PSP000886,-17.61,54923.95,54906.34
STM001775,2026-06-27 18:55:00,INR,deposit,deposit_received,PAY000881,PSP000881,41850.27,1619966.65,1661816.92
STM001776,2026-06-27 18:56:00,INR,deposit,psp_fee,PAY000881,PSP000881,-1004.41,1661816.92,1660812.51
STM001777,2026-06-27 19:33:00,MYR,deposit,deposit_received,PAY000883,PSP000883,536.96,54906.34,55443.3
STM001778,2026-06-27 19:34:00,MYR,deposit,psp_fee,PAY000883,PSP000883,-12.89,55443.3,55430.41
STM001779,2026-06-27 19:38:00,MYR,payout,payout_sent,PAY000884,PSP000884,-425.23,55430.41,55005.18
STM001780,2026-06-27 19:39:00,MYR,payout,psp_fee,PAY000884,PSP000884,-10.21,55005.18,54994.97
STM001781,2026-06-27 20:40:00,MYR,deposit,deposit_received,PAY000890,PSP000890,639.37,54994.97,55634.34
STM001782,2026-06-27 20:41:00,MYR,deposit,psp_fee,PAY000890,PSP000890,-15.34,55634.34,55619.0
STM001783,2026-06-27 20:43:00,MYR,deposit,deposit_received,PAY000887,PSP000887,411.87,55619.0,56030.87
STM001784,2026-06-27 20:44:00,MYR,deposit,psp_fee,PAY000887,PSP000887,-9.88,56030.87,56020.99
STM001785,2026-06-27 21:53:00,INR,deposit,deposit_received,PAY000889,PSP000889,44455.75,1660812.51,1705268.26
STM001786,2026-06-27 21:54:00,INR,deposit,psp_fee,PAY000889,PSP000889,-1066.94,1705268.26,1704201.32
STM001787,2026-06-27 21:55:00,INR,deposit,deposit_received,PAY000888,PSP000888,45011.46,1704201.32,1749212.78
STM001788,2026-06-27 21:56:00,INR,deposit,psp_fee,PAY000888,PSP000888,-1080.28,1749212.78,1748132.5
STM001789,2026-06-27 22:32:00,MYR,deposit,deposit_received,PAY000891,PSP000891,883.92,56020.99,56904.91
STM001790,2026-06-27 22:33:00,MYR,deposit,psp_fee,PAY000891,PSP000891,-21.21,56904.91,56883.7
STM001791,2026-06-27 23:39:00,MYR,deposit,deposit_received,PAY000892,PSP000892,1012.89,56883.7,57896.59
STM001792,2026-06-27 23:40:00,MYR,deposit,psp_fee,PAY000892,PSP000892,-24.31,57896.59,57872.28
STM001793,2026-06-28 10:00:00,INR,deposit,deposit_received,PAY000894,PSP000894,3698.52,1748132.5,1751831.02
STM001794,2026-06-28 10:01:00,INR,deposit,psp_fee,PAY000894,PSP000894,-88.76,1751831.02,1751742.26
STM001795,2026-06-28 10:41:00,MYR,deposit,deposit_received,PAY000895,PSP000895,1656.18,57872.28,59528.46
STM001796,2026-06-28 10:42:00,MYR,deposit,psp_fee,PAY000895,PSP000895,-39.75,59528.46,59488.71
STM001797,2026-06-28 10:45:00,MYR,deposit,deposit_received,PAY000893,PSP000893,1934.34,59488.71,61423.05
STM001798,2026-06-28 10:45:00,MYR,deposit,deposit_received,PAY000896,PSP000896,723.94,61423.05,62146.99
STM001799,2026-06-28 10:46:00,MYR,deposit,psp_fee,PAY000893,PSP000893,-46.42,62146.99,62100.57
STM001800,2026-06-28 10:46:00,MYR,deposit,psp_fee,PAY000896,PSP000896,-17.37,62100.57,62083.2
STM001801,2026-06-28 12:14:00,INR,payout,payout_sent,PAY000898,PSP000898,-4351.07,1751742.26,1747391.19
STM001802,2026-06-28 12:15:00,INR,payout,psp_fee,PAY000898,PSP000898,-104.43,1747391.19,1747286.76
STM001803,2026-06-28 12:51:00,MYR,deposit,deposit_received,PAY000900,PSP000900,1789.28,62083.2,63872.48
STM001804,2026-06-28 12:52:00,MYR,deposit,psp_fee,PAY000900,PSP000900,-42.94,63872.48,63829.54
STM001805,2026-06-28 13:01:00,INR,deposit,deposit_received,PAY000899,PSP000899,23922.3,1747286.76,1771209.06
STM001806,2026-06-28 13:02:00,MYR,deposit,deposit_received,PAY000897,PSP000897,1576.97,63829.54,65406.51
STM001807,2026-06-28 13:02:00,INR,deposit,psp_fee,PAY000899,PSP000899,-574.14,1771209.06,1770634.92
STM001808,2026-06-28 13:03:00,MYR,deposit,psp_fee,PAY000897,PSP000897,-37.85,65406.51,65368.66
STM001809,2026-06-28 13:15:00,MYR,deposit,deposit_received,PAY000901,PSP000901,1367.48,65368.66,66736.14
STM001810,2026-06-28 13:16:00,MYR,deposit,psp_fee,PAY000901,PSP000901,-32.82,66736.14,66703.32
STM001811,2026-06-28 14:07:00,INR,deposit,deposit_received,PAY000902,PSP000902,12876.01,1770634.92,1783510.93
STM001812,2026-06-28 14:08:00,INR,deposit,psp_fee,PAY000902,PSP000902,-309.02,1783510.93,1783201.91
STM001813,2026-06-28 14:40:00,MYR,deposit,deposit_received,PAY000905,PSP000905,952.71,66703.32,67656.03
STM001814,2026-06-28 14:41:00,MYR,deposit,psp_fee,PAY000905,PSP000905,-22.87,67656.03,67633.16
STM001815,2026-06-28 15:00:00,INR,deposit,deposit_received,PAY000904,PSP000904,5254.09,1783201.91,1788456.0
STM001816,2026-06-28 15:00:00,MYR,deposit,deposit_received,PAY000907,PSP000907,1241.96,67633.16,68875.12
STM001817,2026-06-28 15:01:00,INR,deposit,psp_fee,PAY000904,PSP000904,-126.1,1788456.0,1788329.9
STM001818,2026-06-28 15:01:00,MYR,deposit,psp_fee,PAY000907,PSP000907,-29.81,68875.12,68845.31
STM001819,2026-06-28 15:18:00,INR,deposit,deposit_received,PAY000903,PSP000903,15218.04,1788329.9,1803547.94
STM001820,2026-06-28 15:19:00,INR,deposit,psp_fee,PAY000903,PSP000903,-365.23,1803547.94,1803182.71
STM001821,2026-06-28 15:47:00,MYR,deposit,deposit_received,PAY000910,PSP000910,936.63,68845.31,69781.94
STM001822,2026-06-28 15:48:00,MYR,deposit,psp_fee,PAY000910,PSP000910,-22.48,69781.94,69759.46
STM001823,2026-06-28 15:56:00,MYR,deposit,deposit_received,PAY000906,PSP000906,84.52,69759.46,69843.98
STM001824,2026-06-28 15:57:00,MYR,deposit,psp_fee,PAY000906,PSP000906,-2.03,69843.98,69841.95
STM001825,2026-06-28 16:41:00,INR,deposit,deposit_received,PAY000908,PSP000908,6800.11,1803182.71,1809982.82
STM001826,2026-06-28 16:42:00,INR,deposit,psp_fee,PAY000908,PSP000908,-163.2,1809982.82,1809819.62
STM001827,2026-06-28 16:57:00,INR,deposit,deposit_received,PAY000911,PSP000911,17007.43,1809819.62,1826827.05
STM001828,2026-06-28 16:58:00,INR,deposit,psp_fee,PAY000911,PSP000911,-408.18,1826827.05,1826418.87
STM001829,2026-06-28 17:20:00,INR,deposit,deposit_received,PAY000915,PSP000915,6178.09,1826418.87,1832596.96
STM001830,2026-06-28 17:21:00,INR,deposit,psp_fee,PAY000915,PSP000915,-148.27,1832596.96,1832448.69
STM001831,2026-06-28 17:32:00,MYR,deposit,deposit_received,PAY000912,PSP000912,1732.7,69841.95,71574.65
STM001832,2026-06-28 17:33:00,MYR,deposit,psp_fee,PAY000912,PSP000912,-41.58,71574.65,71533.07
STM001833,2026-06-28 17:57:00,MYR,deposit,deposit_received,PAY000909,PSP000909,278.09,71533.07,71811.16
STM001834,2026-06-28 17:58:00,MYR,deposit,psp_fee,PAY000909,PSP000909,-6.67,71811.16,71804.49
STM001835,2026-06-28 18:27:00,INR,deposit,deposit_received,PAY000914,PSP000914,15394.16,1832448.69,1847842.85
STM001836,2026-06-28 18:28:00,INR,deposit,psp_fee,PAY000914,PSP000914,-369.46,1847842.85,1847473.39
STM001837,2026-06-28 19:11:00,INR,deposit,deposit_received,PAY000913,PSP000913,7635.52,1847473.39,1855108.91
STM001838,2026-06-28 19:12:00,INR,deposit,psp_fee,PAY000913,PSP000913,-183.25,1855108.91,1854925.66
STM001839,2026-06-28 19:52:00,INR,deposit,deposit_received,PAY000916,PSP000916,10612.54,1854925.66,1865538.2
STM001840,2026-06-28 19:53:00,INR,deposit,psp_fee,PAY000916,PSP000916,-254.7,1865538.2,1865283.5
STM001841,2026-06-28 20:38:00,MYR,payout,payout_sent,PAY000917,PSP000917,-425.74,71804.49,71378.75
STM001842,2026-06-28 20:39:00,MYR,payout,psp_fee,PAY000917,PSP000917,-10.22,71378.75,71368.53
STM001843,2026-06-28 21:40:00,INR,deposit,deposit_received,PAY000918,PSP000918,13383.44,1865283.5,1878666.94
STM001844,2026-06-28 21:41:00,INR,deposit,psp_fee,PAY000918,PSP000918,-321.2,1878666.94,1878345.74
STM001845,2026-06-28 21:54:00,MYR,deposit,deposit_received,PAY000919,PSP000919,881.74,71368.53,72250.27
STM001846,2026-06-28 21:55:00,MYR,deposit,psp_fee,PAY000919,PSP000919,-21.16,72250.27,72229.11
STM001847,2026-06-28 22:42:00,INR,deposit,deposit_received,PAY000920,PSP000920,8953.39,1878345.74,1887299.13
STM001848,2026-06-28 22:43:00,INR,deposit,psp_fee,PAY000920,PSP000920,-214.88,1887299.13,1887084.25
STM001849,2026-06-28 23:28:00,MYR,deposit,deposit_received,PAY000921,PSP000921,1345.04,72229.11,73574.15
STM001850,2026-06-28 23:29:00,MYR,deposit,psp_fee,PAY000921,PSP000921,-32.28,73574.15,73541.87
STM001851,2026-06-29 07:00:00,INR,settlement,settlement,SET20260629_INR,,-1722444.67,1887084.25,164639.58
STM001852,2026-06-29 07:00:00,MYR,settlement,settlement,SET20260629_MYR,,-64383.29,73541.87,9158.58
STM001853,2026-06-29 08:37:00,MYR,deposit,deposit_received,PAY000922,PSP000922,790.07,9158.58,9948.65
STM001854,2026-06-29 08:38:00,MYR,deposit,psp_fee,PAY000922,PSP000922,-18.96,9948.65,9929.69
STM001855,2026-06-29 11:04:00,MYR,deposit,deposit_received,PAY000923,PSP000923,85.1,9929.69,10014.79
STM001856,2026-06-29 11:05:00,MYR,deposit,psp_fee,PAY000923,PSP000923,-2.04,10014.79,10012.75
STM001857,2026-06-29 12:53:00,MYR,deposit,deposit_received,PAY000924,PSP000924,97.14,10012.75,10109.89
STM001858,2026-06-29 12:54:00,MYR,deposit,psp_fee,PAY000924,PSP000924,-2.33,10109.89,10107.56
STM001859,2026-06-29 13:37:00,MYR,deposit,deposit_received,PAY000927,PSP000927,799.53,10107.56,10907.09
STM001860,2026-06-29 13:38:00,MYR,deposit,psp_fee,PAY000927,PSP000927,-19.19,10907.09,10887.9
STM001861,2026-06-29 13:58:00,INR,deposit,deposit_received,PAY000928,PSP000928,17294.91,164639.58,181934.49
STM001862,2026-06-29 13:59:00,INR,deposit,psp_fee,PAY000928,PSP000928,-415.08,181934.49,181519.41
STM001863,2026-06-29 14:07:00,MYR,deposit,deposit_received,PAY000925,PSP000925,1926.71,10887.9,12814.61
STM001864,2026-06-29 14:08:00,MYR,deposit,psp_fee,PAY000925,PSP000925,-46.24,12814.61,12768.37
STM001865,2026-06-29 14:36:00,MYR,deposit,deposit_received,PAY000926,PSP000926,734.76,12768.37,13503.13
STM001866,2026-06-29 14:37:00,MYR,deposit,psp_fee,PAY000926,PSP000926,-17.63,13503.13,13485.5
STM001867,2026-06-29 15:49:00,MYR,payout,payout_sent,PAY000930,PSP000930,-774.82,13485.5,12710.68
STM001868,2026-06-29 15:50:00,MYR,payout,psp_fee,PAY000930,PSP000930,-18.6,12710.68,12692.08
STM001869,2026-06-29 16:06:00,MYR,deposit,deposit_received,PAY000932,PSP000932,1708.5,12692.08,14400.58
STM001870,2026-06-29 16:07:00,MYR,deposit,psp_fee,PAY000932,PSP000932,-41.0,14400.58,14359.58
STM001871,2026-06-29 16:15:00,MYR,deposit,deposit_received,PAY000929,PSP000929,1834.84,14359.58,16194.42
STM001872,2026-06-29 16:16:00,MYR,deposit,psp_fee,PAY000929,PSP000929,-44.04,16194.42,16150.38
STM001873,2026-06-29 17:33:00,MYR,deposit,deposit_received,PAY000931,PSP000931,1190.04,16150.38,17340.42
STM001874,2026-06-29 17:34:00,MYR,deposit,psp_fee,PAY000931,PSP000931,-28.56,17340.42,17311.86
STM001875,2026-06-29 17:35:00,INR,deposit,deposit_received,PAY000933,PSP000933,46744.58,181519.41,228263.99
STM001876,2026-06-29 17:36:00,INR,deposit,psp_fee,PAY000933,PSP000933,-1121.87,228263.99,227142.12
STM001877,2026-06-29 18:01:00,INR,deposit,deposit_received,PAY000934,PSP000934,5718.87,227142.12,232860.99
STM001878,2026-06-29 18:02:00,INR,deposit,psp_fee,PAY000934,PSP000934,-137.25,232860.99,232723.74
STM001879,2026-06-29 18:14:00,MYR,deposit,deposit_received,PAY000935,PSP000935,1847.08,17311.86,19158.94
STM001880,2026-06-29 18:15:00,MYR,deposit,psp_fee,PAY000935,PSP000935,-44.33,19158.94,19114.61
STM001881,2026-06-29 19:35:00,MYR,deposit,deposit_received,PAY000936,PSP000936,899.81,19114.61,20014.42
STM001882,2026-06-29 19:36:00,MYR,deposit,psp_fee,PAY000936,PSP000936,-21.6,20014.42,19992.82
STM001883,2026-06-29 19:59:00,INR,deposit,deposit_received,PAY000938,PSP000938,28045.18,232723.74,260768.92
STM001884,2026-06-29 20:00:00,INR,deposit,psp_fee,PAY000938,PSP000938,-673.08,260768.92,260095.84
STM001885,2026-06-29 20:01:00,MYR,deposit,deposit_received,PAY000939,PSP000939,474.23,19992.82,20467.05
STM001886,2026-06-29 20:02:00,MYR,deposit,psp_fee,PAY000939,PSP000939,-11.38,20467.05,20455.67
STM001887,2026-06-29 20:05:00,INR,deposit,deposit_received,PAY000937,PSP000937,5829.22,260095.84,265925.06
STM001888,2026-06-29 20:06:00,INR,deposit,psp_fee,PAY000937,PSP000937,-139.9,265925.06,265785.16
STM001889,2026-06-30 10:17:00,MYR,payout,payout_sent,PAY000944,PSP000944,-630.86,20455.67,19824.81
STM001890,2026-06-30 10:18:00,MYR,payout,psp_fee,PAY000944,PSP000944,-15.14,19824.81,19809.67
STM001891,2026-06-30 10:44:00,MYR,deposit,deposit_received,PAY000945,PSP000945,1151.23,19809.67,20960.9
STM001892,2026-06-30 10:45:00,MYR,deposit,psp_fee,PAY000945,PSP000945,-27.63,20960.9,20933.27
STM001893,2026-06-30 11:12:00,INR,deposit,deposit_received,PAY000941,PSP000941,44717.91,265785.16,310503.07
STM001894,2026-06-30 11:13:00,INR,deposit,psp_fee,PAY000941,PSP000941,-1073.23,310503.07,309429.84
STM001895,2026-06-30 11:57:00,MYR,payout,payout_sent,PAY000943,PSP000943,-767.05,20933.27,20166.22
STM001896,2026-06-30 11:58:00,MYR,payout,psp_fee,PAY000943,PSP000943,-18.41,20166.22,20147.81
STM001897,2026-06-30 12:26:00,INR,deposit,deposit_received,PAY000940,PSP000940,31641.23,309429.84,341071.07
STM001898,2026-06-30 12:27:00,INR,deposit,psp_fee,PAY000940,PSP000940,-759.39,341071.07,340311.68
STM001899,2026-06-30 12:47:00,MYR,deposit,deposit_received,PAY000942,PSP000942,701.2,20147.81,20849.01
STM001900,2026-06-30 12:48:00,MYR,deposit,psp_fee,PAY000942,PSP000942,-16.83,20849.01,20832.18
STM001901,2026-06-30 13:04:00,MYR,deposit,deposit_received,PAY000948,PSP000948,1937.19,20832.18,22769.37
STM001902,2026-06-30 13:05:00,MYR,deposit,psp_fee,PAY000948,PSP000948,-46.49,22769.37,22722.88
STM001903,2026-06-30 13:29:00,MYR,deposit,deposit_received,PAY000947,PSP000947,1846.88,22722.88,24569.76
STM001904,2026-06-30 13:30:00,MYR,deposit,psp_fee,PAY000947,PSP000947,-44.33,24569.76,24525.43
STM001905,2026-06-30 13:58:00,MYR,deposit,deposit_received,PAY000946,PSP000946,484.23,24525.43,25009.66
STM001906,2026-06-30 13:59:00,MYR,deposit,psp_fee,PAY000946,PSP000946,-11.62,25009.66,24998.04
STM001907,2026-06-30 14:06:00,INR,payout,payout_sent,PAY000950,PSP000950,-16923.36,340311.68,323388.32
STM001908,2026-06-30 14:07:00,INR,payout,psp_fee,PAY000950,PSP000950,-406.16,323388.32,322982.16
STM001909,2026-06-30 14:56:00,MYR,deposit,deposit_received,PAY000951,PSP000951,1779.42,24998.04,26777.46
STM001910,2026-06-30 14:57:00,MYR,deposit,psp_fee,PAY000951,PSP000951,-42.71,26777.46,26734.75
STM001911,2026-06-30 16:35:00,INR,deposit,deposit_received,PAY000949,PSP000949,15955.85,322982.16,338938.01
STM001912,2026-06-30 16:36:00,INR,deposit,psp_fee,PAY000949,PSP000949,-382.94,338938.01,338555.07
STM001913,2026-06-30 16:42:00,MYR,deposit,deposit_received,PAY000957,PSP000957,72.24,26734.75,26806.99
STM001914,2026-06-30 16:42:00,INR,deposit,deposit_received,PAY000958,PSP000958,34256.09,338555.07,372811.16
STM001915,2026-06-30 16:43:00,MYR,deposit,psp_fee,PAY000957,PSP000957,-1.73,26806.99,26805.26
STM001916,2026-06-30 16:43:00,INR,deposit,psp_fee,PAY000958,PSP000958,-822.15,372811.16,371989.01
STM001917,2026-06-30 17:00:00,INR,deposit,deposit_received,PAY000955,PSP000955,47356.73,371989.01,419345.74
STM001918,2026-06-30 17:01:00,INR,deposit,psp_fee,PAY000955,PSP000955,-1136.56,419345.74,418209.18
STM001919,2026-06-30 17:11:00,INR,deposit,deposit_received,PAY000953,PSP000953,40380.27,418209.18,458589.45
STM001920,2026-06-30 17:12:00,INR,deposit,psp_fee,PAY000953,PSP000953,-969.13,458589.45,457620.32
STM001921,2026-06-30 17:34:00,INR,deposit,deposit_received,PAY000952,PSP000952,46246.63,457620.32,503866.95
STM001922,2026-06-30 17:34:00,INR,deposit,deposit_received,PAY000954,PSP000954,47520.44,503866.95,551387.39
STM001923,2026-06-30 17:35:00,INR,deposit,psp_fee,PAY000952,PSP000952,-1109.92,551387.39,550277.47
STM001924,2026-06-30 17:35:00,INR,deposit,psp_fee,PAY000954,PSP000954,-1140.49,550277.47,549136.98
STM001925,2026-06-30 18:41:00,INR,deposit,deposit_received,PAY000956,PSP000956,25626.41,549136.98,574763.39
STM001926,2026-06-30 18:42:00,INR,deposit,psp_fee,PAY000956,PSP000956,-615.03,574763.39,574148.36
STM001927,2026-06-30 20:01:00,MYR,payout,payout_sent,PAY000959,PSP000959,-925.15,26805.26,25880.11
STM001928,2026-06-30 20:02:00,MYR,payout,psp_fee,PAY000959,PSP000959,-22.2,25880.11,25857.91
STM001929,2026-06-30 20:10:00,MYR,deposit,deposit_received,PAY000961,PSP000961,889.95,25857.91,26747.86
STM001930,2026-06-30 20:11:00,MYR,deposit,psp_fee,PAY000961,PSP000961,-21.36,26747.86,26726.5
STM001931,2026-06-30 21:12:00,MYR,deposit,deposit_received,PAY000960,PSP000960,892.77,26726.5,27619.27
STM001932,2026-06-30 21:13:00,MYR,deposit,psp_fee,PAY000960,PSP000960,-21.43,27619.27,27597.84
STM001933,2026-06-30 21:27:00,INR,deposit,deposit_received,PAY000963,PSP000963,43726.16,574148.36,617874.52
STM001934,2026-06-30 21:28:00,INR,deposit,psp_fee,PAY000963,PSP000963,-1049.43,617874.52,616825.09
STM001935,2026-06-30 21:52:00,INR,deposit,deposit_received,PAY000964,PSP000964,22208.52,616825.09,639033.61
STM001936,2026-06-30 21:53:00,INR,deposit,psp_fee,PAY000964,PSP000964,-533.0,639033.61,638500.61
STM001937,2026-06-30 22:40:00,INR,deposit,deposit_received,PAY000962,PSP000962,11742.73,638500.61,650243.34
STM001938,2026-06-30 22:41:00,INR,deposit,psp_fee,PAY000962,PSP000962,-281.83,650243.34,649961.51
STM001939,2026-07-01 08:33:00,MYR,deposit,deposit_received,PAY000966,PSP000966,1323.48,27597.84,28921.32
STM001940,2026-07-01 08:34:00,MYR,deposit,psp_fee,PAY000966,PSP000966,-31.76,28921.32,28889.56
STM001941,2026-07-01 08:44:00,MYR,deposit,deposit_received,PAY000965,PSP000965,1996.23,28889.56,30885.79
STM001942,2026-07-01 08:45:00,MYR,deposit,psp_fee,PAY000965,PSP000965,-47.91,30885.79,30837.88
STM001943,2026-07-01 10:12:00,INR,payout,payout_sent,PAY000967,PSP000967,-22764.13,649961.51,627197.38
STM001944,2026-07-01 10:13:00,INR,payout,psp_fee,PAY000967,PSP000967,-546.34,627197.38,626651.04
STM001945,2026-07-01 12:26:00,MYR,deposit,deposit_received,PAY000969,PSP000969,1021.79,30837.88,31859.67
STM001946,2026-07-01 12:27:00,MYR,deposit,psp_fee,PAY000969,PSP000969,-24.52,31859.67,31835.15
STM001947,2026-07-01 13:11:00,MYR,deposit,deposit_received,PAY000970,PSP000970,581.17,31835.15,32416.32
STM001948,2026-07-01 13:12:00,MYR,deposit,psp_fee,PAY000970,PSP000970,-13.95,32416.32,32402.37
STM001949,2026-07-01 14:18:00,MYR,payout,payout_sent,PAY000968,PSP000968,-414.61,32402.37,31987.76
STM001950,2026-07-01 14:19:00,MYR,payout,psp_fee,PAY000968,PSP000968,-9.95,31987.76,31977.81
STM001951,2026-07-01 15:12:00,MYR,deposit,deposit_received,PAY000973,PSP000973,1907.5,31977.81,33885.31
STM001952,2026-07-01 15:13:00,MYR,deposit,psp_fee,PAY000973,PSP000973,-45.78,33885.31,33839.53
STM001953,2026-07-01 15:31:00,INR,deposit,deposit_received,PAY000972,PSP000972,2275.45,626651.04,628926.49
STM001954,2026-07-01 15:32:00,INR,deposit,psp_fee,PAY000972,PSP000972,-54.61,628926.49,628871.88
STM001955,2026-07-01 15:32:00,INR,deposit,deposit_received,PAY000974,PSP000974,15370.44,628871.88,644242.32
STM001956,2026-07-01 15:33:00,INR,deposit,psp_fee,PAY000974,PSP000974,-368.89,644242.32,643873.43
STM001957,2026-07-01 16:34:00,INR,deposit,deposit_received,PAY000971,PSP000971,11911.53,643873.43,655784.96
STM001958,2026-07-01 16:35:00,INR,deposit,psp_fee,PAY000971,PSP000971,-285.88,655784.96,655499.08
STM001959,2026-07-01 17:16:00,MYR,deposit,deposit_received,PAY000975,PSP000975,1005.85,33839.53,34845.38
STM001960,2026-07-01 17:17:00,MYR,deposit,psp_fee,PAY000975,PSP000975,-24.14,34845.38,34821.24
STM001961,2026-07-01 18:34:00,MYR,deposit,deposit_received,PAY000976,PSP000976,777.27,34821.24,35598.51
STM001962,2026-07-01 18:35:00,MYR,deposit,psp_fee,PAY000976,PSP000976,-18.65,35598.51,35579.86
STM001963,2026-07-01 20:47:00,INR,deposit,deposit_received,PAY000977,PSP000977,27306.68,655499.08,682805.76
STM001964,2026-07-01 20:48:00,INR,deposit,psp_fee,PAY000977,PSP000977,-655.36,682805.76,682150.4
STM001965,2026-07-01 22:03:00,INR,deposit,deposit_received,PAY000978,PSP000978,46173.58,682150.4,728323.98
STM001966,2026-07-01 22:04:00,INR,deposit,psp_fee,PAY000978,PSP000978,-1108.17,728323.98,727215.81
STM001967,2026-07-02 10:51:00,MYR,deposit,deposit_received,PAY000986,PSP000986,904.3,35579.86,36484.16
STM001968,2026-07-02 10:52:00,MYR,deposit,psp_fee,PAY000986,PSP000986,-21.7,36484.16,36462.46
STM001969,2026-07-02 11:13:00,MYR,deposit,deposit_received,PAY000982,PSP000982,950.64,36462.46,37413.1
STM001970,2026-07-02 11:14:00,MYR,deposit,psp_fee,PAY000982,PSP000982,-22.82,37413.1,37390.28
STM001971,2026-07-02 11:15:00,INR,deposit,deposit_received,PAY000979,PSP000979,36426.42,727215.81,763642.23
STM001972,2026-07-02 11:16:00,INR,deposit,psp_fee,PAY000979,PSP000979,-874.23,763642.23,762768.0
STM001973,2026-07-02 11:16:00,INR,deposit,deposit_received,PAY000983,PSP000983,4734.07,762768.0,767502.07
STM001974,2026-07-02 11:17:00,INR,deposit,psp_fee,PAY000983,PSP000983,-113.62,767502.07,767388.45
STM001975,2026-07-02 11:26:00,MYR,deposit,deposit_received,PAY000984,PSP000984,106.05,37390.28,37496.33
STM001976,2026-07-02 11:27:00,MYR,deposit,psp_fee,PAY000984,PSP000984,-2.55,37496.33,37493.78
STM001977,2026-07-02 11:35:00,MYR,deposit,deposit_received,PAY000980,PSP000980,1620.57,37493.78,39114.35
STM001978,2026-07-02 11:36:00,MYR,deposit,psp_fee,PAY000980,PSP000980,-38.89,39114.35,39075.46
STM001979,2026-07-02 12:21:00,MYR,payout,payout_sent,PAY000981,PSP000981,-633.82,39075.46,38441.64
STM001980,2026-07-02 12:22:00,MYR,payout,psp_fee,PAY000981,PSP000981,-15.21,38441.64,38426.43
STM001981,2026-07-02 13:11:00,MYR,deposit,deposit_received,PAY000985,PSP000985,274.88,38426.43,38701.31
STM001982,2026-07-02 13:12:00,MYR,deposit,psp_fee,PAY000985,PSP000985,-6.6,38701.31,38694.71
STM001983,2026-07-02 14:05:00,MYR,deposit,deposit_received,PAY000989,PSP000989,384.21,38694.71,39078.92
STM001984,2026-07-02 14:06:00,MYR,deposit,psp_fee,PAY000989,PSP000989,-9.22,39078.92,39069.7
STM001985,2026-07-02 14:09:00,INR,deposit,deposit_received,PAY000987,PSP000987,24270.29,767388.45,791658.74
STM001986,2026-07-02 14:10:00,INR,deposit,psp_fee,PAY000987,PSP000987,-582.49,791658.74,791076.25
STM001987,2026-07-02 14:38:00,MYR,deposit,deposit_received,PAY000988,PSP000988,574.6,39069.7,39644.3
STM001988,2026-07-02 14:39:00,MYR,deposit,psp_fee,PAY000988,PSP000988,-13.79,39644.3,39630.51
STM001989,2026-07-02 16:14:00,MYR,payout,payout_sent,PAY000990,PSP000990,-230.17,39630.51,39400.34
STM001990,2026-07-02 16:15:00,MYR,payout,psp_fee,PAY000990,PSP000990,-5.52,39400.34,39394.82
STM001991,2026-07-02 17:24:00,MYR,deposit,deposit_received,PAY000992,PSP000992,1120.21,39394.82,40515.03
STM001992,2026-07-02 17:25:00,MYR,deposit,psp_fee,PAY000992,PSP000992,-26.89,40515.03,40488.14
STM001993,2026-07-02 17:48:00,INR,deposit,deposit_received,PAY000991,PSP000991,9620.65,791076.25,800696.9
STM001994,2026-07-02 17:49:00,INR,deposit,psp_fee,PAY000991,PSP000991,-230.9,800696.9,800466.0
STM001995,2026-07-02 18:05:00,MYR,deposit,deposit_received,PAY000993,PSP000993,1366.42,40488.14,41854.56
STM001996,2026-07-02 18:06:00,MYR,deposit,psp_fee,PAY000993,PSP000993,-32.79,41854.56,41821.77
STM001997,2026-07-02 18:08:00,MYR,deposit,deposit_received,PAY000996,PSP000996,1755.43,41821.77,43577.2
STM001998,2026-07-02 18:09:00,MYR,deposit,psp_fee,PAY000996,PSP000996,-42.13,43577.2,43535.07
STM001999,2026-07-02 18:55:00,MYR,payout,payout_sent,PAY000998,PSP000998,-834.15,43535.07,42700.92
STM002000,2026-07-02 18:56:00,MYR,payout,psp_fee,PAY000998,PSP000998,-20.02,42700.92,42680.9
STM002001,2026-07-02 19:00:00,INR,deposit,deposit_received,PAY000999,PSP000999,45637.7,800466.0,846103.7
STM002002,2026-07-02 19:01:00,INR,deposit,psp_fee,PAY000999,PSP000999,-1095.3,846103.7,845008.4
STM002003,2026-07-02 19:15:00,INR,deposit,deposit_received,PAY000994,PSP000994,5903.59,845008.4,850911.99
STM002004,2026-07-02 19:16:00,INR,deposit,psp_fee,PAY000994,PSP000994,-141.69,850911.99,850770.3
STM002005,2026-07-02 19:25:00,MYR,deposit,deposit_received,PAY000997,PSP000997,689.92,42680.9,43370.82
STM002006,2026-07-02 19:26:00,MYR,deposit,psp_fee,PAY000997,PSP000997,-16.56,43370.82,43354.26
STM002007,2026-07-02 19:32:00,INR,deposit,deposit_received,PAY000995,PSP000995,10600.07,850770.3,861370.37
STM002008,2026-07-02 19:33:00,INR,deposit,psp_fee,PAY000995,PSP000995,-254.4,861370.37,861115.97
STM002009,2026-07-02 21:23:00,INR,deposit,deposit_received,PAY001000,PSP001000,35930.51,861115.97,897046.48
STM002010,2026-07-02 21:24:00,INR,deposit,psp_fee,PAY001000,PSP001000,-862.33,897046.48,896184.15
STM002011,2026-07-03 08:38:00,MYR,deposit,deposit_received,PAY001001,PSP001001,1666.53,43354.26,45020.79
STM002012,2026-07-03 08:39:00,MYR,deposit,psp_fee,PAY001001,PSP001001,-40.0,45020.79,44980.79
STM002013,2026-07-03 09:29:00,INR,deposit,deposit_received,PAY001002,PSP001002,47781.38,896184.15,943965.53
STM002014,2026-07-03 09:30:00,INR,deposit,psp_fee,PAY001002,PSP001002,-1146.75,943965.53,942818.78
STM002015,2026-07-03 10:51:00,MYR,payout,payout_sent,PAY001003,PSP001003,-1119.37,44980.79,43861.42
STM002016,2026-07-03 10:52:00,MYR,payout,psp_fee,PAY001003,PSP001003,-26.86,43861.42,43834.56
STM002017,2026-07-03 11:57:00,INR,deposit,deposit_received,PAY001004,PSP001004,26256.63,942818.78,969075.41
STM002018,2026-07-03 11:58:00,INR,deposit,psp_fee,PAY001004,PSP001004,-630.16,969075.41,968445.25
STM002019,2026-07-03 12:12:00,INR,payout,payout_sent,PAY001005,PSP001005,-23253.35,968445.25,945191.9
STM002020,2026-07-03 12:12:00,MYR,deposit,deposit_received,PAY001006,PSP001006,1503.93,43834.56,45338.49
STM002021,2026-07-03 12:13:00,INR,payout,psp_fee,PAY001005,PSP001005,-558.08,945191.9,944633.82
STM002022,2026-07-03 12:13:00,MYR,deposit,psp_fee,PAY001006,PSP001006,-36.09,45338.49,45302.4
STM002023,2026-07-03 13:40:00,INR,payout,payout_sent,PAY001007,PSP001007,-9732.68,944633.82,934901.14
STM002024,2026-07-03 13:41:00,INR,payout,psp_fee,PAY001007,PSP001007,-233.58,934901.14,934667.56
STM002025,2026-07-03 15:11:00,INR,deposit,deposit_received,PAY001008,PSP001008,30458.32,934667.56,965125.88
STM002026,2026-07-03 15:12:00,INR,deposit,psp_fee,PAY001008,PSP001008,-731.0,965125.88,964394.88
STM002027,2026-07-03 15:12:00,MYR,payout,payout_sent,PAY001011,PSP001011,-577.09,45302.4,44725.31
STM002028,2026-07-03 15:13:00,MYR,payout,psp_fee,PAY001011,PSP001011,-13.85,44725.31,44711.46
STM002029,2026-07-03 15:21:00,MYR,deposit,deposit_received,PAY001009,PSP001009,1853.66,44711.46,46565.12
STM002030,2026-07-03 15:22:00,MYR,deposit,psp_fee,PAY001009,PSP001009,-44.49,46565.12,46520.63
STM002031,2026-07-03 15:38:00,MYR,deposit,deposit_received,PAY001010,PSP001010,1222.92,46520.63,47743.55
STM002032,2026-07-03 15:39:00,MYR,deposit,psp_fee,PAY001010,PSP001010,-29.35,47743.55,47714.2
STM002033,2026-07-03 17:03:00,INR,deposit,deposit_received,PAY001014,PSP001014,41776.0,964394.88,1006170.88
STM002034,2026-07-03 17:04:00,INR,deposit,psp_fee,PAY001014,PSP001014,-1002.62,1006170.88,1005168.26
STM002035,2026-07-03 18:15:00,MYR,deposit,deposit_received,PAY001012,PSP001012,1802.75,47714.2,49516.95
STM002036,2026-07-03 18:16:00,MYR,deposit,psp_fee,PAY001012,PSP001012,-43.27,49516.95,49473.68
STM002037,2026-07-03 18:40:00,INR,deposit,deposit_received,PAY001013,PSP001013,38392.72,1005168.26,1043560.98
STM002038,2026-07-03 18:41:00,INR,deposit,psp_fee,PAY001013,PSP001013,-921.43,1043560.98,1042639.55
STM002039,2026-07-03 19:37:00,INR,deposit,deposit_received,PAY001015,PSP001015,25987.41,1042639.55,1068626.96
STM002040,2026-07-03 19:38:00,INR,deposit,psp_fee,PAY001015,PSP001015,-623.7,1068626.96,1068003.26
STM002041,2026-07-03 20:22:00,MYR,deposit,deposit_received,PAY001016,PSP001016,281.08,49473.68,49754.76
STM002042,2026-07-03 20:23:00,MYR,deposit,psp_fee,PAY001016,PSP001016,-6.75,49754.76,49748.01
STM002043,2026-07-03 20:31:00,INR,deposit,deposit_received,PAY001020,PSP001020,4647.58,1068003.26,1072650.84
STM002044,2026-07-03 20:32:00,INR,deposit,psp_fee,PAY001020,PSP001020,-111.54,1072650.84,1072539.3
STM002045,2026-07-03 21:04:00,INR,deposit,deposit_received,PAY001018,PSP001018,47520.99,1072539.3,1120060.29
STM002046,2026-07-03 21:05:00,INR,deposit,psp_fee,PAY001018,PSP001018,-1140.5,1120060.29,1118919.79
STM002047,2026-07-03 21:44:00,MYR,deposit,deposit_received,PAY001019,PSP001019,599.9,49748.01,50347.91
STM002048,2026-07-03 21:45:00,MYR,deposit,psp_fee,PAY001019,PSP001019,-14.4,50347.91,50333.51
STM002049,2026-07-03 21:54:00,MYR,deposit,deposit_received,PAY001017,PSP001017,1195.21,50333.51,51528.72
STM002050,2026-07-03 21:55:00,MYR,deposit,psp_fee,PAY001017,PSP001017,-28.69,51528.72,51500.03
STM002051,2026-07-03 22:36:00,MYR,payout,payout_sent,PAY001021,PSP001021,-525.49,51500.03,50974.54
STM002052,2026-07-03 22:37:00,MYR,payout,psp_fee,PAY001021,PSP001021,-12.61,50974.54,50961.93
STM002053,2026-07-04 09:53:00,MYR,deposit,deposit_received,PAY001024,PSP001024,1908.42,50961.93,52870.35
STM002054,2026-07-04 09:54:00,MYR,deposit,psp_fee,PAY001024,PSP001024,-45.8,52870.35,52824.55
STM002055,2026-07-04 10:43:00,MYR,deposit,deposit_received,PAY001022,PSP001022,487.56,52824.55,53312.11
STM002056,2026-07-04 10:44:00,MYR,deposit,psp_fee,PAY001022,PSP001022,-11.7,53312.11,53300.41
STM002057,2026-07-04 10:51:00,INR,payout,payout_sent,PAY001023,PSP001023,-15003.18,1118919.79,1103916.61
STM002058,2026-07-04 10:52:00,INR,payout,psp_fee,PAY001023,PSP001023,-360.08,1103916.61,1103556.53
STM002059,2026-07-04 12:33:00,INR,deposit,deposit_received,PAY001026,PSP001026,6368.28,1103556.53,1109924.81
STM002060,2026-07-04 12:34:00,INR,deposit,psp_fee,PAY001026,PSP001026,-152.84,1109924.81,1109771.97
STM002061,2026-07-04 13:19:00,MYR,deposit,deposit_received,PAY001027,PSP001027,598.3,53300.41,53898.71
STM002062,2026-07-04 13:20:00,MYR,deposit,psp_fee,PAY001027,PSP001027,-14.36,53898.71,53884.35
STM002063,2026-07-04 13:44:00,INR,deposit,deposit_received,PAY001025,PSP001025,28969.32,1109771.97,1138741.29
STM002064,2026-07-04 13:45:00,INR,deposit,psp_fee,PAY001025,PSP001025,-695.26,1138741.29,1138046.03
STM002065,2026-07-04 14:51:00,INR,payout,payout_sent,PAY001028,PSP001028,-4291.96,1138046.03,1133754.07
STM002066,2026-07-04 14:52:00,INR,payout,psp_fee,PAY001028,PSP001028,-103.01,1133754.07,1133651.06
STM002067,2026-07-04 16:01:00,INR,deposit,deposit_received,PAY001030,PSP001030,18792.26,1133651.06,1152443.32
STM002068,2026-07-04 16:02:00,INR,deposit,psp_fee,PAY001030,PSP001030,-451.01,1152443.32,1151992.31
STM002069,2026-07-04 16:49:00,MYR,deposit,deposit_received,PAY001031,PSP001031,278.57,53884.35,54162.92
STM002070,2026-07-04 16:50:00,MYR,deposit,psp_fee,PAY001031,PSP001031,-6.69,54162.92,54156.23
STM002071,2026-07-04 16:51:00,INR,deposit,deposit_received,PAY001032,PSP001032,22498.05,1151992.31,1174490.36
STM002072,2026-07-04 16:52:00,INR,deposit,deposit_received,PAY001029,PSP001029,48012.91,1174490.36,1222503.27
STM002073,2026-07-04 16:52:00,INR,deposit,psp_fee,PAY001032,PSP001032,-539.95,1222503.27,1221963.32
STM002074,2026-07-04 16:53:00,INR,deposit,psp_fee,PAY001029,PSP001029,-1152.31,1221963.32,1220811.01
STM002075,2026-07-04 16:58:00,MYR,payout,payout_sent,PAY001035,PSP001035,-895.4,54156.23,53260.83
STM002076,2026-07-04 16:59:00,MYR,payout,psp_fee,PAY001035,PSP001035,-21.49,53260.83,53239.34
STM002077,2026-07-04 17:15:00,MYR,deposit,deposit_received,PAY001034,PSP001034,1462.9,53239.34,54702.24
STM002078,2026-07-04 17:16:00,MYR,deposit,psp_fee,PAY001034,PSP001034,-35.11,54702.24,54667.13
STM002079,2026-07-04 18:27:00,MYR,payout,payout_sent,PAY001033,PSP001033,-1301.21,54667.13,53365.92
STM002080,2026-07-04 18:28:00,MYR,payout,psp_fee,PAY001033,PSP001033,-31.23,53365.92,53334.69
STM002081,2026-07-04 18:32:00,INR,deposit,deposit_received,PAY001038,PSP001038,43669.68,1220811.01,1264480.69
STM002082,2026-07-04 18:33:00,INR,deposit,psp_fee,PAY001038,PSP001038,-1048.07,1264480.69,1263432.62
STM002083,2026-07-04 18:53:00,MYR,deposit,deposit_received,PAY001036,PSP001036,883.75,53334.69,54218.44
STM002084,2026-07-04 18:54:00,MYR,deposit,psp_fee,PAY001036,PSP001036,-21.21,54218.44,54197.23
STM002085,2026-07-04 19:36:00,INR,deposit,deposit_received,PAY001037,PSP001037,47484.54,1263432.62,1310917.16
STM002086,2026-07-04 19:36:00,MYR,deposit,deposit_received,PAY001040,PSP001040,1280.5,54197.23,55477.73
STM002087,2026-07-04 19:37:00,INR,deposit,psp_fee,PAY001037,PSP001037,-1139.63,1310917.16,1309777.53
STM002088,2026-07-04 19:37:00,MYR,deposit,psp_fee,PAY001040,PSP001040,-30.73,55477.73,55447.0
STM002089,2026-07-04 19:49:00,INR,payout,payout_sent,PAY001039,PSP001039,-12660.29,1309777.53,1297117.24
STM002090,2026-07-04 19:50:00,INR,payout,psp_fee,PAY001039,PSP001039,-303.85,1297117.24,1296813.39
STM002091,2026-07-04 22:23:00,INR,deposit,deposit_received,PAY001041,PSP001041,24789.21,1296813.39,1321602.6
STM002092,2026-07-04 22:24:00,INR,deposit,psp_fee,PAY001041,PSP001041,-594.94,1321602.6,1321007.66
STM002093,2026-07-04 23:19:00,INR,deposit,deposit_received,PAY001042,PSP001042,30862.22,1321007.66,1351869.88
STM002094,2026-07-04 23:20:00,INR,deposit,psp_fee,PAY001042,PSP001042,-740.69,1351869.88,1351129.19
STM002095,2026-07-05 10:17:00,MYR,deposit,deposit_received,PAY001045,PSP001045,977.49,55447.0,56424.49
STM002096,2026-07-05 10:18:00,MYR,deposit,psp_fee,PAY001045,PSP001045,-23.46,56424.49,56401.03
STM002097,2026-07-05 10:19:00,INR,payout,payout_sent,PAY001043,PSP001043,-13904.59,1351129.19,1337224.6
STM002098,2026-07-05 10:20:00,INR,payout,psp_fee,PAY001043,PSP001043,-333.71,1337224.6,1336890.89
STM002099,2026-07-05 11:29:00,INR,deposit,deposit_received,PAY001047,PSP001047,9221.62,1336890.89,1346112.51
STM002100,2026-07-05 11:30:00,INR,deposit,psp_fee,PAY001047,PSP001047,-221.32,1346112.51,1345891.19
STM002101,2026-07-05 11:31:00,INR,deposit,deposit_received,PAY001052,PSP001052,17322.16,1345891.19,1363213.35
STM002102,2026-07-05 11:32:00,INR,deposit,psp_fee,PAY001052,PSP001052,-415.73,1363213.35,1362797.62
STM002103,2026-07-05 11:45:00,MYR,payout,payout_sent,PAY001044,PSP001044,-893.27,56401.03,55507.76
STM002104,2026-07-05 11:46:00,MYR,payout,psp_fee,PAY001044,PSP001044,-21.44,55507.76,55486.32
STM002105,2026-07-05 11:52:00,INR,deposit,deposit_received,PAY001046,PSP001046,21269.9,1362797.62,1384067.52
STM002106,2026-07-05 11:53:00,INR,deposit,psp_fee,PAY001046,PSP001046,-510.48,1384067.52,1383557.04
STM002107,2026-07-05 11:59:00,MYR,deposit,deposit_received,PAY001049,PSP001049,87.06,55486.32,55573.38
STM002108,2026-07-05 12:00:00,MYR,deposit,psp_fee,PAY001049,PSP001049,-2.09,55573.38,55571.29
STM002109,2026-07-05 12:16:00,INR,deposit,deposit_received,PAY001048,PSP001048,35388.53,1383557.04,1418945.57
STM002110,2026-07-05 12:17:00,INR,deposit,psp_fee,PAY001048,PSP001048,-849.32,1418945.57,1418096.25
STM002111,2026-07-05 12:19:00,INR,deposit,deposit_received,PAY001050,PSP001050,3509.76,1418096.25,1421606.01
STM002112,2026-07-05 12:20:00,INR,deposit,psp_fee,PAY001050,PSP001050,-84.23,1421606.01,1421521.78
STM002113,2026-07-05 12:20:00,MYR,deposit,deposit_received,PAY001051,PSP001051,867.64,55571.29,56438.93
STM002114,2026-07-05 12:21:00,MYR,deposit,psp_fee,PAY001051,PSP001051,-20.82,56438.93,56418.11
STM002115,2026-07-05 13:38:00,MYR,payout,payout_sent,PAY001053,PSP001053,-1155.34,56418.11,55262.77
STM002116,2026-07-05 13:39:00,MYR,payout,psp_fee,PAY001053,PSP001053,-27.73,55262.77,55235.04
STM002117,2026-07-05 13:51:00,MYR,deposit,deposit_received,PAY001056,PSP001056,155.03,55235.04,55390.07
STM002118,2026-07-05 13:52:00,MYR,deposit,psp_fee,PAY001056,PSP001056,-3.72,55390.07,55386.35
STM002119,2026-07-05 14:19:00,INR,payout,payout_sent,PAY001059,PSP001059,-23976.72,1421521.78,1397545.06
STM002120,2026-07-05 14:20:00,INR,payout,psp_fee,PAY001059,PSP001059,-575.44,1397545.06,1396969.62
STM002121,2026-07-05 14:59:00,INR,payout,payout_sent,PAY001055,PSP001055,-20071.02,1396969.62,1376898.6
STM002122,2026-07-05 15:00:00,INR,payout,psp_fee,PAY001055,PSP001055,-481.7,1376898.6,1376416.9
STM002123,2026-07-05 15:06:00,INR,deposit,deposit_received,PAY001058,PSP001058,45577.36,1376416.9,1421994.26
STM002124,2026-07-05 15:07:00,INR,deposit,psp_fee,PAY001058,PSP001058,-1093.86,1421994.26,1420900.4
STM002125,2026-07-05 15:34:00,INR,deposit,deposit_received,PAY001054,PSP001054,6896.16,1420900.4,1427796.56
STM002126,2026-07-05 15:35:00,INR,deposit,psp_fee,PAY001054,PSP001054,-165.51,1427796.56,1427631.05
STM002127,2026-07-05 15:59:00,INR,deposit,deposit_received,PAY001057,PSP001057,49268.26,1427631.05,1476899.31
STM002128,2026-07-05 16:00:00,INR,deposit,psp_fee,PAY001057,PSP001057,-1182.44,1476899.31,1475716.87
STM002129,2026-07-05 16:07:00,MYR,deposit,deposit_received,PAY001061,PSP001061,623.89,55386.35,56010.24
STM002130,2026-07-05 16:08:00,MYR,deposit,psp_fee,PAY001061,PSP001061,-14.97,56010.24,55995.27
STM002131,2026-07-05 16:19:00,MYR,payout,payout_sent,PAY001063,PSP001063,-1136.78,55995.27,54858.49
STM002132,2026-07-05 16:20:00,MYR,payout,psp_fee,PAY001063,PSP001063,-27.28,54858.49,54831.21
STM002133,2026-07-05 16:38:00,INR,payout,payout_sent,PAY001060,PSP001060,-3373.55,1475716.87,1472343.32
STM002134,2026-07-05 16:39:00,INR,payout,psp_fee,PAY001060,PSP001060,-80.97,1472343.32,1472262.35
STM002135,2026-07-05 17:07:00,MYR,payout,payout_sent,PAY001064,PSP001064,-810.36,54831.21,54020.85
STM002136,2026-07-05 17:08:00,MYR,payout,psp_fee,PAY001064,PSP001064,-19.45,54020.85,54001.4
STM002137,2026-07-05 17:15:00,INR,deposit,deposit_received,PAY001062,PSP001062,40743.29,1472262.35,1513005.64
STM002138,2026-07-05 17:16:00,INR,deposit,psp_fee,PAY001062,PSP001062,-977.84,1513005.64,1512027.8
STM002139,2026-07-05 17:55:00,INR,deposit,deposit_received,PAY001066,PSP001066,10532.0,1512027.8,1522559.8
STM002140,2026-07-05 17:56:00,INR,deposit,psp_fee,PAY001066,PSP001066,-252.77,1522559.8,1522307.03
STM002141,2026-07-05 18:23:00,MYR,deposit,deposit_received,PAY001065,PSP001065,1576.0,54001.4,55577.4
STM002142,2026-07-05 18:24:00,MYR,deposit,psp_fee,PAY001065,PSP001065,-37.82,55577.4,55539.58
STM002143,2026-07-05 18:25:00,MYR,deposit,deposit_received,PAY001069,PSP001069,1532.52,55539.58,57072.1
STM002144,2026-07-05 18:26:00,MYR,deposit,psp_fee,PAY001069,PSP001069,-36.78,57072.1,57035.32
STM002145,2026-07-05 18:34:00,MYR,payout,payout_sent,PAY001067,PSP001067,-161.9,57035.32,56873.42
STM002146,2026-07-05 18:35:00,MYR,payout,psp_fee,PAY001067,PSP001067,-3.89,56873.42,56869.53
STM002147,2026-07-05 19:12:00,MYR,deposit,deposit_received,PAY001068,PSP001068,1027.99,56869.53,57897.52
STM002148,2026-07-05 19:13:00,MYR,deposit,psp_fee,PAY001068,PSP001068,-24.67,57897.52,57872.85
STM002149,2026-07-05 19:17:00,INR,deposit,deposit_received,PAY001070,PSP001070,20168.76,1522307.03,1542475.79
STM002150,2026-07-05 19:18:00,INR,deposit,psp_fee,PAY001070,PSP001070,-484.05,1542475.79,1541991.74
STM002151,2026-07-05 19:46:00,MYR,deposit,deposit_received,PAY001071,PSP001071,1296.35,57872.85,59169.2
STM002152,2026-07-05 19:47:00,MYR,deposit,psp_fee,PAY001071,PSP001071,-31.11,59169.2,59138.09
STM002153,2026-07-05 20:02:00,INR,deposit,deposit_received,PAY001074,PSP001074,12975.18,1541991.74,1554966.92
STM002154,2026-07-05 20:03:00,INR,deposit,psp_fee,PAY001074,PSP001074,-311.4,1554966.92,1554655.52
STM002155,2026-07-05 20:15:00,MYR,deposit,deposit_received,PAY001078,PSP001078,1122.97,59138.09,60261.06
STM002156,2026-07-05 20:16:00,MYR,deposit,psp_fee,PAY001078,PSP001078,-26.95,60261.06,60234.11
STM002157,2026-07-05 20:37:00,INR,deposit,deposit_received,PAY001072,PSP001072,10780.25,1554655.52,1565435.77
STM002158,2026-07-05 20:38:00,INR,deposit,psp_fee,PAY001072,PSP001072,-258.73,1565435.77,1565177.04
STM002159,2026-07-05 20:40:00,INR,deposit,deposit_received,PAY001073,PSP001073,31016.18,1565177.04,1596193.22
STM002160,2026-07-05 20:41:00,INR,deposit,psp_fee,PAY001073,PSP001073,-744.39,1596193.22,1595448.83
STM002161,2026-07-05 20:43:00,INR,payout,payout_sent,PAY001079,PSP001079,-10086.98,1595448.83,1585361.85
STM002162,2026-07-05 20:44:00,INR,payout,psp_fee,PAY001079,PSP001079,-242.09,1585361.85,1585119.76
STM002163,2026-07-05 20:51:00,MYR,deposit,deposit_received,PAY001077,PSP001077,1920.17,60234.11,62154.28
STM002164,2026-07-05 20:52:00,MYR,deposit,psp_fee,PAY001077,PSP001077,-46.08,62154.28,62108.2
STM002165,2026-07-05 21:19:00,MYR,deposit,deposit_received,PAY001075,PSP001075,663.24,62108.2,62771.44
STM002166,2026-07-05 21:19:00,INR,deposit,deposit_received,PAY001080,PSP001080,43552.58,1585119.76,1628672.34
STM002167,2026-07-05 21:20:00,MYR,deposit,psp_fee,PAY001075,PSP001075,-15.92,62771.44,62755.52
STM002168,2026-07-05 21:20:00,INR,deposit,psp_fee,PAY001080,PSP001080,-1045.26,1628672.34,1627627.08
STM002169,2026-07-05 21:48:00,MYR,deposit,deposit_received,PAY001076,PSP001076,1390.08,62755.52,64145.6
STM002170,2026-07-05 21:49:00,MYR,deposit,psp_fee,PAY001076,PSP001076,-33.36,64145.6,64112.24
STM002171,2026-07-05 23:17:00,MYR,deposit,deposit_received,PAY001081,PSP001081,989.77,64112.24,65102.01
STM002172,2026-07-05 23:18:00,MYR,deposit,psp_fee,PAY001081,PSP001081,-23.75,65102.01,65078.26
STM002173,2026-07-06 07:00:00,INR,settlement,settlement,SET20260706_INR,,-1411306.9,1627627.08,216320.18
STM002174,2026-07-06 07:00:00,MYR,settlement,settlement,SET20260706_MYR,,-48137.0,65078.26,16941.26
STM002175,2026-07-06 09:05:00,MYR,payout,payout_sent,PAY001083,PSP001083,-761.89,16941.26,16179.37
STM002176,2026-07-06 09:06:00,MYR,payout,psp_fee,PAY001083,PSP001083,-18.29,16179.37,16161.08
STM002177,2026-07-06 09:22:00,MYR,payout,payout_sent,PAY001082,PSP001082,-597.23,16161.08,15563.85
STM002178,2026-07-06 09:23:00,MYR,payout,psp_fee,PAY001082,PSP001082,-14.33,15563.85,15549.52
STM002179,2026-07-06 10:15:00,MYR,deposit,deposit_received,PAY001084,PSP001084,1611.54,15549.52,17161.06
STM002180,2026-07-06 10:16:00,MYR,deposit,psp_fee,PAY001084,PSP001084,-38.68,17161.06,17122.38
STM002181,2026-07-06 10:25:00,MYR,deposit,deposit_received,PAY001085,PSP001085,1874.32,17122.38,18996.7
STM002182,2026-07-06 10:26:00,MYR,deposit,psp_fee,PAY001085,PSP001085,-44.98,18996.7,18951.72
STM002183,2026-07-06 11:07:00,INR,deposit,deposit_received,PAY001087,PSP001087,10363.75,216320.18,226683.93
STM002184,2026-07-06 11:08:00,INR,deposit,psp_fee,PAY001087,PSP001087,-248.73,226683.93,226435.2
STM002185,2026-07-06 12:11:00,MYR,deposit,deposit_received,PAY001086,PSP001086,383.07,18951.72,19334.79
STM002186,2026-07-06 12:12:00,MYR,deposit,psp_fee,PAY001086,PSP001086,-9.19,19334.79,19325.6
STM002187,2026-07-06 13:01:00,INR,deposit,deposit_received,PAY001089,PSP001089,44225.49,226435.2,270660.69
STM002188,2026-07-06 13:02:00,INR,deposit,psp_fee,PAY001089,PSP001089,-1061.41,270660.69,269599.28
STM002189,2026-07-06 13:27:00,INR,payout,payout_sent,PAY001090,PSP001090,-7850.56,269599.28,261748.72
STM002190,2026-07-06 13:28:00,INR,payout,psp_fee,PAY001090,PSP001090,-188.41,261748.72,261560.31
STM002191,2026-07-06 13:30:00,MYR,deposit,deposit_received,PAY001088,PSP001088,1261.2,19325.6,20586.8
STM002192,2026-07-06 13:31:00,MYR,deposit,psp_fee,PAY001088,PSP001088,-30.27,20586.8,20556.53
STM002193,2026-07-06 14:11:00,INR,deposit,deposit_received,PAY001092,PSP001092,5597.33,261560.31,267157.64
STM002194,2026-07-06 14:12:00,INR,deposit,psp_fee,PAY001092,PSP001092,-134.34,267157.64,267023.3
STM002195,2026-07-06 14:27:00,MYR,deposit,deposit_received,PAY001095,PSP001095,1573.23,20556.53,22129.76
STM002196,2026-07-06 14:28:00,MYR,deposit,psp_fee,PAY001095,PSP001095,-37.76,22129.76,22092.0
STM002197,2026-07-06 14:39:00,MYR,deposit,deposit_received,PAY001091,PSP001091,1870.59,22092.0,23962.59
STM002198,2026-07-06 14:40:00,MYR,deposit,psp_fee,PAY001091,PSP001091,-44.89,23962.59,23917.7
STM002199,2026-07-06 15:34:00,INR,deposit,deposit_received,PAY001093,PSP001093,6771.85,267023.3,273795.15
STM002200,2026-07-06 15:35:00,INR,deposit,psp_fee,PAY001093,PSP001093,-162.52,273795.15,273632.63
STM002201,2026-07-06 15:38:00,INR,deposit,deposit_received,PAY001096,PSP001096,43793.4,273632.63,317426.03
STM002202,2026-07-06 15:39:00,INR,deposit,psp_fee,PAY001096,PSP001096,-1051.04,317426.03,316374.99
STM002203,2026-07-06 16:05:00,MYR,deposit,deposit_received,PAY001094,PSP001094,1934.32,23917.7,25852.02
STM002204,2026-07-06 16:06:00,MYR,deposit,psp_fee,PAY001094,PSP001094,-46.42,25852.02,25805.6
STM002205,2026-07-06 16:43:00,INR,deposit,deposit_received,PAY001097,PSP001097,21557.58,316374.99,337932.57
STM002206,2026-07-06 16:44:00,INR,deposit,psp_fee,PAY001097,PSP001097,-517.38,337932.57,337415.19
STM002207,2026-07-06 17:15:00,MYR,payout,payout_sent,PAY001098,PSP001098,-350.46,25805.6,25455.14
STM002208,2026-07-06 17:16:00,MYR,payout,psp_fee,PAY001098,PSP001098,-8.41,25455.14,25446.73
STM002209,2026-07-06 18:25:00,MYR,deposit,deposit_received,PAY001099,PSP001099,644.17,25446.73,26090.9
STM002210,2026-07-06 18:26:00,MYR,deposit,psp_fee,PAY001099,PSP001099,-15.46,26090.9,26075.44
STM002211,2026-07-06 19:12:00,MYR,deposit,deposit_received,PAY001101,PSP001101,1134.16,26075.44,27209.6
STM002212,2026-07-06 19:13:00,MYR,deposit,psp_fee,PAY001101,PSP001101,-27.22,27209.6,27182.38
STM002213,2026-07-06 19:19:00,INR,deposit,deposit_received,PAY001100,PSP001100,47790.33,337415.19,385205.52
STM002214,2026-07-06 19:20:00,INR,deposit,psp_fee,PAY001100,PSP001100,-1146.97,385205.52,384058.55
STM002215,2026-07-06 19:24:00,MYR,deposit,deposit_received,PAY001104,PSP001104,1756.3,27182.38,28938.68
STM002216,2026-07-06 19:25:00,MYR,deposit,psp_fee,PAY001104,PSP001104,-42.15,28938.68,28896.53
STM002217,2026-07-06 20:17:00,MYR,deposit,deposit_received,PAY001102,PSP001102,1802.53,28896.53,30699.06
STM002218,2026-07-06 20:18:00,MYR,deposit,psp_fee,PAY001102,PSP001102,-43.26,30699.06,30655.8
STM002219,2026-07-06 21:03:00,INR,deposit,deposit_received,PAY001103,PSP001103,42840.93,384058.55,426899.48
STM002220,2026-07-06 21:04:00,INR,deposit,psp_fee,PAY001103,PSP001103,-1028.18,426899.48,425871.3
STM002221,2026-07-06 21:27:00,MYR,deposit,deposit_received,PAY001105,PSP001105,415.8,30655.8,31071.6
STM002222,2026-07-06 21:28:00,MYR,deposit,psp_fee,PAY001105,PSP001105,-9.98,31071.6,31061.62
STM002223,2026-07-07 09:19:00,MYR,deposit,deposit_received,PAY001107,PSP001107,1225.35,31061.62,32286.97
STM002224,2026-07-07 09:20:00,MYR,deposit,psp_fee,PAY001107,PSP001107,-29.41,32286.97,32257.56
STM002225,2026-07-07 10:21:00,INR,deposit,deposit_received,PAY001111,PSP001111,30839.56,425871.3,456710.86
STM002226,2026-07-07 10:22:00,INR,deposit,psp_fee,PAY001111,PSP001111,-740.15,456710.86,455970.71
STM002227,2026-07-07 10:26:00,INR,deposit,deposit_received,PAY001106,PSP001106,16758.35,455970.71,472729.06
STM002228,2026-07-07 10:27:00,INR,deposit,psp_fee,PAY001106,PSP001106,-402.2,472729.06,472326.86
STM002229,2026-07-07 10:28:00,MYR,deposit,deposit_received,PAY001108,PSP001108,116.52,32257.56,32374.08
STM002230,2026-07-07 10:29:00,MYR,deposit,psp_fee,PAY001108,PSP001108,-2.8,32374.08,32371.28
STM002231,2026-07-07 10:43:00,INR,deposit,deposit_received,PAY001112,PSP001112,4599.82,472326.86,476926.68
STM002232,2026-07-07 10:44:00,INR,deposit,psp_fee,PAY001112,PSP001112,-110.4,476926.68,476816.28
STM002233,2026-07-07 11:28:00,INR,deposit,deposit_received,PAY001109,PSP001109,43227.67,476816.28,520043.95
STM002234,2026-07-07 11:29:00,INR,deposit,psp_fee,PAY001109,PSP001109,-1037.46,520043.95,519006.49
STM002235,2026-07-07 12:24:00,MYR,deposit,deposit_received,PAY001110,PSP001110,1507.37,32371.28,33878.65
STM002236,2026-07-07 12:25:00,MYR,deposit,psp_fee,PAY001110,PSP001110,-36.18,33878.65,33842.47
STM002237,2026-07-07 13:59:00,MYR,deposit,deposit_received,PAY001113,PSP001113,649.05,33842.47,34491.52
STM002238,2026-07-07 14:00:00,MYR,deposit,psp_fee,PAY001113,PSP001113,-15.58,34491.52,34475.94
STM002239,2026-07-07 14:20:00,INR,payout,payout_sent,PAY001120,PSP001120,-21234.35,519006.49,497772.14
STM002240,2026-07-07 14:21:00,INR,payout,psp_fee,PAY001120,PSP001120,-509.62,497772.14,497262.52
STM002241,2026-07-07 14:31:00,INR,deposit,deposit_received,PAY001117,PSP001117,7801.94,497262.52,505064.46
STM002242,2026-07-07 14:32:00,INR,deposit,psp_fee,PAY001117,PSP001117,-187.25,505064.46,504877.21
STM002243,2026-07-07 15:04:00,MYR,deposit,deposit_received,PAY001121,PSP001121,389.53,34475.94,34865.47
STM002244,2026-07-07 15:05:00,MYR,deposit,psp_fee,PAY001121,PSP001121,-9.35,34865.47,34856.12
STM002245,2026-07-07 15:08:00,MYR,deposit,deposit_received,PAY001122,PSP001122,1540.44,34856.12,36396.56
STM002246,2026-07-07 15:09:00,MYR,deposit,psp_fee,PAY001122,PSP001122,-36.97,36396.56,36359.59
STM002247,2026-07-07 15:31:00,MYR,deposit,deposit_received,PAY001115,PSP001115,1814.28,36359.59,38173.87
STM002248,2026-07-07 15:32:00,MYR,deposit,psp_fee,PAY001115,PSP001115,-43.54,38173.87,38130.33
STM002249,2026-07-07 15:46:00,INR,deposit,deposit_received,PAY001118,PSP001118,30622.19,504877.21,535499.4
STM002250,2026-07-07 15:47:00,INR,deposit,psp_fee,PAY001118,PSP001118,-734.93,535499.4,534764.47
STM002251,2026-07-07 15:49:00,INR,deposit,deposit_received,PAY001114,PSP001114,16966.92,534764.47,551731.39
STM002252,2026-07-07 15:50:00,INR,deposit,psp_fee,PAY001114,PSP001114,-407.21,551731.39,551324.18
STM002253,2026-07-07 16:02:00,MYR,deposit,deposit_received,PAY001116,PSP001116,850.27,38130.33,38980.6
STM002254,2026-07-07 16:03:00,MYR,deposit,psp_fee,PAY001116,PSP001116,-20.41,38980.6,38960.19
STM002255,2026-07-07 16:18:00,INR,payout,payout_sent,PAY001119,PSP001119,-8440.74,551324.18,542883.44
STM002256,2026-07-07 16:19:00,INR,payout,psp_fee,PAY001119,PSP001119,-202.58,542883.44,542680.86
STM002257,2026-07-07 18:00:00,INR,deposit,deposit_received,PAY001124,PSP001124,15869.11,542680.86,558549.97
STM002258,2026-07-07 18:01:00,INR,deposit,psp_fee,PAY001124,PSP001124,-380.86,558549.97,558169.11
STM002259,2026-07-07 18:26:00,INR,deposit,deposit_received,PAY001126,PSP001126,9267.05,558169.11,567436.16
STM002260,2026-07-07 18:27:00,INR,deposit,psp_fee,PAY001126,PSP001126,-222.41,567436.16,567213.75
STM002261,2026-07-07 18:30:00,MYR,deposit,deposit_received,PAY001123,PSP001123,636.33,38960.19,39596.52
STM002262,2026-07-07 18:31:00,MYR,deposit,psp_fee,PAY001123,PSP001123,-15.27,39596.52,39581.25
STM002263,2026-07-07 18:38:00,MYR,deposit,deposit_received,PAY001125,PSP001125,1143.13,39581.25,40724.38
STM002264,2026-07-07 18:39:00,MYR,deposit,psp_fee,PAY001125,PSP001125,-27.44,40724.38,40696.94
STM002265,2026-07-07 19:25:00,MYR,deposit,deposit_received,PAY001127,PSP001127,729.65,40696.94,41426.59
STM002266,2026-07-07 19:26:00,MYR,deposit,psp_fee,PAY001127,PSP001127,-17.51,41426.59,41409.08
STM002267,2026-07-07 19:42:00,INR,payout,payout_sent,PAY001131,PSP001131,-7201.32,567213.75,560012.43
STM002268,2026-07-07 19:43:00,INR,payout,psp_fee,PAY001131,PSP001131,-172.83,560012.43,559839.6
STM002269,2026-07-07 20:02:00,MYR,deposit,deposit_received,PAY001130,PSP001130,1116.67,41409.08,42525.75
STM002270,2026-07-07 20:03:00,MYR,deposit,psp_fee,PAY001130,PSP001130,-26.8,42525.75,42498.95
STM002271,2026-07-07 20:15:00,INR,deposit,deposit_received,PAY001129,PSP001129,49690.9,559839.6,609530.5
STM002272,2026-07-07 20:16:00,INR,deposit,psp_fee,PAY001129,PSP001129,-1192.58,609530.5,608337.92
STM002273,2026-07-07 20:21:00,MYR,deposit,deposit_received,PAY001128,PSP001128,102.36,42498.95,42601.31
STM002274,2026-07-07 20:22:00,MYR,deposit,psp_fee,PAY001128,PSP001128,-2.46,42601.31,42598.85
STM002275,2026-07-07 21:02:00,MYR,deposit,deposit_received,PAY001133,PSP001133,665.07,42598.85,43263.92
STM002276,2026-07-07 21:03:00,MYR,deposit,psp_fee,PAY001133,PSP001133,-15.96,43263.92,43247.96
STM002277,2026-07-07 21:26:00,INR,deposit,deposit_received,PAY001132,PSP001132,29547.63,608337.92,637885.55
STM002278,2026-07-07 21:27:00,INR,deposit,psp_fee,PAY001132,PSP001132,-709.14,637885.55,637176.41
STM002279,2026-07-07 22:42:00,MYR,deposit,deposit_received,PAY001134,PSP001134,342.74,43247.96,43590.7
STM002280,2026-07-07 22:43:00,MYR,deposit,psp_fee,PAY001134,PSP001134,-8.23,43590.7,43582.47
STM002281,2026-07-08 09:50:00,MYR,deposit,deposit_received,PAY001135,PSP001135,398.61,43582.47,43981.08
STM002282,2026-07-08 09:51:00,MYR,deposit,psp_fee,PAY001135,PSP001135,-9.57,43981.08,43971.51
STM002283,2026-07-08 11:37:00,INR,deposit,deposit_received,PAY001136,PSP001136,37726.24,637176.41,674902.65
STM002284,2026-07-08 11:38:00,INR,deposit,psp_fee,PAY001136,PSP001136,-905.43,674902.65,673997.22
STM002285,2026-07-08 14:34:00,MYR,deposit,deposit_received,PAY001137,PSP001137,1469.98,43971.51,45441.49
STM002286,2026-07-08 14:35:00,MYR,deposit,psp_fee,PAY001137,PSP001137,-35.28,45441.49,45406.21
STM002287,2026-07-08 15:08:00,INR,payout,payout_sent,PAY001142,PSP001142,-19329.95,673997.22,654667.27
STM002288,2026-07-08 15:09:00,INR,payout,psp_fee,PAY001142,PSP001142,-463.92,654667.27,654203.35
STM002289,2026-07-08 15:49:00,MYR,deposit,deposit_received,PAY001140,PSP001140,1909.34,45406.21,47315.55
STM002290,2026-07-08 15:50:00,INR,deposit,deposit_received,PAY001138,PSP001138,30246.63,654203.35,684449.98
STM002291,2026-07-08 15:50:00,MYR,deposit,psp_fee,PAY001140,PSP001140,-45.82,47315.55,47269.73
STM002292,2026-07-08 15:51:00,INR,deposit,psp_fee,PAY001138,PSP001138,-725.92,684449.98,683724.06
STM002293,2026-07-08 15:57:00,MYR,deposit,deposit_received,PAY001139,PSP001139,1533.45,47269.73,48803.18
STM002294,2026-07-08 15:58:00,MYR,deposit,psp_fee,PAY001139,PSP001139,-36.8,48803.18,48766.38
STM002295,2026-07-08 17:00:00,MYR,deposit,deposit_received,PAY001143,PSP001143,1941.54,48766.38,50707.92
STM002296,2026-07-08 17:01:00,MYR,deposit,psp_fee,PAY001143,PSP001143,-46.6,50707.92,50661.32
STM002297,2026-07-08 17:06:00,INR,deposit,deposit_received,PAY001141,PSP001141,46156.5,683724.06,729880.56
STM002298,2026-07-08 17:07:00,INR,deposit,psp_fee,PAY001141,PSP001141,-1107.76,729880.56,728772.8
STM002299,2026-07-08 17:25:00,INR,deposit,deposit_received,PAY001145,PSP001145,15413.48,728772.8,744186.28
STM002300,2026-07-08 17:26:00,INR,deposit,psp_fee,PAY001145,PSP001145,-369.92,744186.28,743816.36
STM002301,2026-07-08 18:34:00,INR,deposit,deposit_received,PAY001144,PSP001144,20101.7,743816.36,763918.06
STM002302,2026-07-08 18:35:00,INR,deposit,psp_fee,PAY001144,PSP001144,-482.44,763918.06,763435.62
STM002303,2026-07-08 18:48:00,INR,deposit,deposit_received,PAY001146,PSP001146,4963.26,763435.62,768398.88
STM002304,2026-07-08 18:49:00,INR,deposit,psp_fee,PAY001146,PSP001146,-119.12,768398.88,768279.76
STM002305,2026-07-08 20:37:00,MYR,deposit,deposit_received,PAY001147,PSP001147,709.08,50661.32,51370.4
STM002306,2026-07-08 20:38:00,MYR,deposit,psp_fee,PAY001147,PSP001147,-17.02,51370.4,51353.38
STM002307,2026-07-08 21:28:00,INR,payout,payout_sent,PAY001149,PSP001149,-10367.51,768279.76,757912.25
STM002308,2026-07-08 21:29:00,INR,payout,psp_fee,PAY001149,PSP001149,-248.82,757912.25,757663.43
STM002309,2026-07-08 21:31:00,MYR,deposit,deposit_received,PAY001148,PSP001148,1346.82,51353.38,52700.2
STM002310,2026-07-08 21:32:00,MYR,deposit,psp_fee,PAY001148,PSP001148,-32.32,52700.2,52667.88
STM002311,2026-07-08 23:18:00,INR,deposit,deposit_received,PAY001150,PSP001150,44952.05,757663.43,802615.48
STM002312,2026-07-08 23:19:00,INR,deposit,psp_fee,PAY001150,PSP001150,-1078.85,802615.48,801536.63
STM002313,2026-07-09 09:32:00,INR,deposit,deposit_received,PAY001154,PSP001154,25247.51,801536.63,826784.14
STM002314,2026-07-09 09:33:00,INR,deposit,psp_fee,PAY001154,PSP001154,-605.94,826784.14,826178.2
STM002315,2026-07-09 09:54:00,INR,deposit,deposit_received,PAY001152,PSP001152,38508.27,826178.2,864686.47
STM002316,2026-07-09 09:55:00,INR,deposit,psp_fee,PAY001152,PSP001152,-924.2,864686.47,863762.27
STM002317,2026-07-09 10:03:00,MYR,deposit,deposit_received,PAY001153,PSP001153,1232.82,52667.88,53900.7
STM002318,2026-07-09 10:04:00,MYR,deposit,psp_fee,PAY001153,PSP001153,-29.59,53900.7,53871.11
STM002319,2026-07-09 10:13:00,MYR,deposit,deposit_received,PAY001155,PSP001155,786.61,53871.11,54657.72
STM002320,2026-07-09 10:14:00,MYR,deposit,psp_fee,PAY001155,PSP001155,-18.88,54657.72,54638.84
STM002321,2026-07-09 10:24:00,MYR,deposit,deposit_received,PAY001151,PSP001151,171.16,54638.84,54810.0
STM002322,2026-07-09 10:25:00,MYR,deposit,psp_fee,PAY001151,PSP001151,-4.11,54810.0,54805.89
STM002323,2026-07-09 12:54:00,INR,deposit,deposit_received,PAY001158,PSP001158,17641.2,863762.27,881403.47
STM002324,2026-07-09 12:55:00,INR,deposit,psp_fee,PAY001158,PSP001158,-423.39,881403.47,880980.08
STM002325,2026-07-09 13:43:00,MYR,deposit,deposit_received,PAY001159,PSP001159,346.94,54805.89,55152.83
STM002326,2026-07-09 13:44:00,MYR,deposit,psp_fee,PAY001159,PSP001159,-8.33,55152.83,55144.5
STM002327,2026-07-09 13:56:00,MYR,deposit,deposit_received,PAY001157,PSP001157,383.65,55144.5,55528.15
STM002328,2026-07-09 13:57:00,MYR,deposit,psp_fee,PAY001157,PSP001157,-9.21,55528.15,55518.94
STM002329,2026-07-09 14:17:00,INR,deposit,deposit_received,PAY001156,PSP001156,33926.01,880980.08,914906.09
STM002330,2026-07-09 14:18:00,INR,deposit,psp_fee,PAY001156,PSP001156,-814.22,914906.09,914091.87
STM002331,2026-07-09 16:29:00,MYR,deposit,deposit_received,PAY001160,PSP001160,987.69,55518.94,56506.63
STM002332,2026-07-09 16:30:00,MYR,deposit,psp_fee,PAY001160,PSP001160,-23.7,56506.63,56482.93
STM002333,2026-07-09 16:32:00,MYR,deposit,deposit_received,PAY001161,PSP001161,867.21,56482.93,57350.14
STM002334,2026-07-09 16:33:00,MYR,deposit,psp_fee,PAY001161,PSP001161,-20.81,57350.14,57329.33
STM002335,2026-07-09 16:45:00,INR,deposit,deposit_received,PAY001163,PSP001163,26819.73,914091.87,940911.6
STM002336,2026-07-09 16:46:00,INR,deposit,psp_fee,PAY001163,PSP001163,-643.67,940911.6,940267.93
STM002337,2026-07-09 17:10:00,MYR,deposit,deposit_received,PAY001162,PSP001162,1432.69,57329.33,58762.02
STM002338,2026-07-09 17:11:00,MYR,deposit,psp_fee,PAY001162,PSP001162,-34.38,58762.02,58727.64
STM002339,2026-07-09 17:21:00,INR,deposit,deposit_received,PAY001166,PSP001166,23282.41,940267.93,963550.34
STM002340,2026-07-09 17:22:00,INR,deposit,psp_fee,PAY001166,PSP001166,-558.78,963550.34,962991.56
STM002341,2026-07-09 17:54:00,MYR,deposit,deposit_received,PAY001167,PSP001167,1359.74,58727.64,60087.38
STM002342,2026-07-09 17:55:00,MYR,deposit,psp_fee,PAY001167,PSP001167,-32.63,60087.38,60054.75
STM002343,2026-07-09 18:49:00,INR,deposit,deposit_received,PAY001164,PSP001164,47435.96,962991.56,1010427.52
STM002344,2026-07-09 18:50:00,INR,deposit,psp_fee,PAY001164,PSP001164,-1138.46,1010427.52,1009289.06
STM002345,2026-07-09 18:52:00,INR,payout,payout_sent,PAY001165,PSP001165,-11480.01,1009289.06,997809.05
STM002346,2026-07-09 18:53:00,INR,payout,psp_fee,PAY001165,PSP001165,-275.52,997809.05,997533.53
STM002347,2026-07-09 19:17:00,MYR,deposit,deposit_received,PAY001169,PSP001169,733.77,60054.75,60788.52
STM002348,2026-07-09 19:18:00,MYR,deposit,psp_fee,PAY001169,PSP001169,-17.61,60788.52,60770.91
STM002349,2026-07-09 19:50:00,MYR,deposit,deposit_received,PAY001170,PSP001170,1083.92,60770.91,61854.83
STM002350,2026-07-09 19:51:00,MYR,deposit,psp_fee,PAY001170,PSP001170,-26.01,61854.83,61828.82
STM002351,2026-07-09 20:30:00,MYR,payout,payout_sent,PAY001168,PSP001168,-573.21,61828.82,61255.61
STM002352,2026-07-09 20:31:00,MYR,payout,psp_fee,PAY001168,PSP001168,-13.76,61255.61,61241.85
STM002353,2026-07-10 09:41:00,INR,deposit,deposit_received,PAY001172,PSP001172,28668.88,997533.53,1026202.41
STM002354,2026-07-10 09:42:00,INR,deposit,psp_fee,PAY001172,PSP001172,-688.05,1026202.41,1025514.36
STM002355,2026-07-10 10:32:00,INR,deposit,deposit_received,PAY001171,PSP001171,44689.48,1025514.36,1070203.84
STM002356,2026-07-10 10:33:00,INR,deposit,psp_fee,PAY001171,PSP001171,-1072.55,1070203.84,1069131.29
STM002357,2026-07-10 12:58:00,MYR,deposit,deposit_received,PAY001173,PSP001173,1230.43,61241.85,62472.28
STM002358,2026-07-10 12:59:00,MYR,deposit,psp_fee,PAY001173,PSP001173,-29.53,62472.28,62442.75
STM002359,2026-07-10 13:40:00,MYR,deposit,deposit_received,PAY001175,PSP001175,392.34,62442.75,62835.09
STM002360,2026-07-10 13:41:00,MYR,deposit,psp_fee,PAY001175,PSP001175,-9.42,62835.09,62825.67
STM002361,2026-07-10 14:44:00,INR,payout,payout_sent,PAY001176,PSP001176,-24450.44,1069131.29,1044680.85
STM002362,2026-07-10 14:45:00,INR,payout,psp_fee,PAY001176,PSP001176,-586.81,1044680.85,1044094.04
STM002363,2026-07-10 14:57:00,INR,deposit,deposit_received,PAY001174,PSP001174,17219.75,1044094.04,1061313.79
STM002364,2026-07-10 14:58:00,INR,deposit,psp_fee,PAY001174,PSP001174,-413.27,1061313.79,1060900.52
STM002365,2026-07-10 15:00:00,INR,deposit,deposit_received,PAY001179,PSP001179,30428.82,1060900.52,1091329.34
STM002366,2026-07-10 15:01:00,INR,deposit,psp_fee,PAY001179,PSP001179,-730.29,1091329.34,1090599.05
STM002367,2026-07-10 15:02:00,MYR,deposit,deposit_received,PAY001177,PSP001177,1092.14,62825.67,63917.81
STM002368,2026-07-10 15:03:00,MYR,deposit,psp_fee,PAY001177,PSP001177,-26.21,63917.81,63891.6
STM002369,2026-07-10 15:58:00,INR,deposit,deposit_received,PAY001178,PSP001178,11152.86,1090599.05,1101751.91
STM002370,2026-07-10 15:59:00,INR,deposit,psp_fee,PAY001178,PSP001178,-267.67,1101751.91,1101484.24
STM002371,2026-07-10 16:15:00,MYR,payout,payout_sent,PAY001180,PSP001180,-306.33,63891.6,63585.27
STM002372,2026-07-10 16:16:00,MYR,payout,psp_fee,PAY001180,PSP001180,-7.35,63585.27,63577.92
STM002373,2026-07-10 16:30:00,INR,payout,payout_sent,PAY001182,PSP001182,-18140.03,1101484.24,1083344.21
STM002374,2026-07-10 16:31:00,INR,payout,psp_fee,PAY001182,PSP001182,-435.36,1083344.21,1082908.85
STM002375,2026-07-10 17:31:00,INR,deposit,deposit_received,PAY001181,PSP001181,30154.43,1082908.85,1113063.28
STM002376,2026-07-10 17:32:00,INR,deposit,psp_fee,PAY001181,PSP001181,-723.71,1113063.28,1112339.57
STM002377,2026-07-10 17:38:00,MYR,deposit,deposit_received,PAY001184,PSP001184,1861.85,63577.92,65439.77
STM002378,2026-07-10 17:39:00,MYR,deposit,psp_fee,PAY001184,PSP001184,-44.68,65439.77,65395.09
STM002379,2026-07-10 19:20:00,MYR,deposit,deposit_received,PAY001183,PSP001183,1188.19,65395.09,66583.28
STM002380,2026-07-10 19:21:00,MYR,deposit,psp_fee,PAY001183,PSP001183,-28.52,66583.28,66554.76
STM002381,2026-07-10 19:53:00,MYR,deposit,deposit_received,PAY001185,PSP001185,329.0,66554.76,66883.76
STM002382,2026-07-10 19:54:00,MYR,deposit,psp_fee,PAY001185,PSP001185,-7.9,66883.76,66875.86
STM002383,2026-07-10 20:47:00,INR,deposit,deposit_received,PAY001187,PSP001187,49254.89,1112339.57,1161594.46
STM002384,2026-07-10 20:48:00,INR,deposit,psp_fee,PAY001187,PSP001187,-1182.12,1161594.46,1160412.34
STM002385,2026-07-10 21:41:00,INR,deposit,deposit_received,PAY001186,PSP001186,20445.44,1160412.34,1180857.78
STM002386,2026-07-10 21:42:00,INR,deposit,psp_fee,PAY001186,PSP001186,-490.69,1180857.78,1180367.09
STM002387,2026-07-10 22:47:00,MYR,payout,payout_sent,PAY001188,PSP001188,-616.19,66875.86,66259.67
STM002388,2026-07-10 22:48:00,MYR,payout,psp_fee,PAY001188,PSP001188,-14.79,66259.67,66244.88
STM002389,2026-07-11 10:20:00,INR,deposit,deposit_received,PAY001192,PSP001192,10959.61,1180367.09,1191326.7
STM002390,2026-07-11 10:21:00,MYR,deposit,deposit_received,PAY001191,PSP001191,1844.72,66244.88,68089.6
STM002391,2026-07-11 10:21:00,INR,deposit,psp_fee,PAY001192,PSP001192,-263.03,1191326.7,1191063.67
STM002392,2026-07-11 10:22:00,MYR,deposit,psp_fee,PAY001191,PSP001191,-44.27,68089.6,68045.33
STM002393,2026-07-11 10:44:00,MYR,deposit,deposit_received,PAY001190,PSP001190,1510.24,68045.33,69555.57
STM002394,2026-07-11 10:45:00,MYR,deposit,psp_fee,PAY001190,PSP001190,-36.25,69555.57,69519.32
STM002395,2026-07-11 11:39:00,INR,deposit,deposit_received,PAY001189,PSP001189,31401.12,1191063.67,1222464.79
STM002396,2026-07-11 11:40:00,INR,deposit,psp_fee,PAY001189,PSP001189,-753.63,1222464.79,1221711.16
STM002397,2026-07-11 13:13:00,MYR,deposit,deposit_received,PAY001193,PSP001193,1540.74,69519.32,71060.06
STM002398,2026-07-11 13:14:00,MYR,deposit,psp_fee,PAY001193,PSP001193,-36.98,71060.06,71023.08
STM002399,2026-07-11 13:29:00,MYR,deposit,deposit_received,PAY001197,PSP001197,339.23,71023.08,71362.31
STM002400,2026-07-11 13:30:00,MYR,deposit,psp_fee,PAY001197,PSP001197,-8.14,71362.31,71354.17
STM002401,2026-07-11 14:09:00,MYR,deposit,deposit_received,PAY001194,PSP001194,853.81,71354.17,72207.98
STM002402,2026-07-11 14:10:00,MYR,deposit,psp_fee,PAY001194,PSP001194,-20.49,72207.98,72187.49
STM002403,2026-07-11 14:21:00,MYR,deposit,deposit_received,PAY001196,PSP001196,802.58,72187.49,72990.07
STM002404,2026-07-11 14:22:00,MYR,deposit,psp_fee,PAY001196,PSP001196,-19.26,72990.07,72970.81
STM002405,2026-07-11 14:51:00,MYR,deposit,deposit_received,PAY001195,PSP001195,1338.54,72970.81,74309.35
STM002406,2026-07-11 14:52:00,MYR,deposit,psp_fee,PAY001195,PSP001195,-32.12,74309.35,74277.23
STM002407,2026-07-11 16:36:00,MYR,deposit,deposit_received,PAY001198,PSP001198,1532.98,74277.23,75810.21
STM002408,2026-07-11 16:37:00,MYR,deposit,psp_fee,PAY001198,PSP001198,-36.79,75810.21,75773.42
STM002409,2026-07-11 17:07:00,MYR,deposit,deposit_received,PAY001201,PSP001201,1231.33,75773.42,77004.75
STM002410,2026-07-11 17:08:00,MYR,deposit,psp_fee,PAY001201,PSP001201,-29.55,77004.75,76975.2
STM002411,2026-07-11 17:24:00,INR,deposit,deposit_received,PAY001199,PSP001199,48725.25,1221711.16,1270436.41
STM002412,2026-07-11 17:25:00,INR,deposit,psp_fee,PAY001199,PSP001199,-1169.41,1270436.41,1269267.0
STM002413,2026-07-11 18:17:00,INR,deposit,deposit_received,PAY001200,PSP001200,30680.45,1269267.0,1299947.45
STM002414,2026-07-11 18:18:00,INR,deposit,psp_fee,PAY001200,PSP001200,-736.33,1299947.45,1299211.12
STM002415,2026-07-11 19:09:00,MYR,payout,payout_sent,PAY001202,PSP001202,-72.95,76975.2,76902.25
STM002416,2026-07-11 19:10:00,MYR,payout,psp_fee,PAY001202,PSP001202,-1.75,76902.25,76900.5
STM002417,2026-07-11 19:54:00,MYR,deposit,deposit_received,PAY001203,PSP001203,1705.11,76900.5,78605.61
STM002418,2026-07-11 19:55:00,MYR,deposit,psp_fee,PAY001203,PSP001203,-40.92,78605.61,78564.69
STM002419,2026-07-11 20:56:00,MYR,deposit,deposit_received,PAY001204,PSP001204,375.17,78564.69,78939.86
STM002420,2026-07-11 20:57:00,MYR,deposit,psp_fee,PAY001204,PSP001204,-9.0,78939.86,78930.86
STM002421,2026-07-12 10:53:00,INR,deposit,deposit_received,PAY001206,PSP001206,49490.81,1299211.12,1348701.93
STM002422,2026-07-12 10:54:00,INR,deposit,psp_fee,PAY001206,PSP001206,-1187.78,1348701.93,1347514.15
STM002423,2026-07-12 11:03:00,INR,payout,payout_sent,PAY001205,PSP001205,-5929.71,1347514.15,1341584.44
STM002424,2026-07-12 11:04:00,INR,payout,psp_fee,PAY001205,PSP001205,-142.31,1341584.44,1341442.13
STM002425,2026-07-12 12:06:00,MYR,payout,payout_sent,PAY001208,PSP001208,-52.48,78930.86,78878.38
STM002426,2026-07-12 12:07:00,MYR,payout,psp_fee,PAY001208,PSP001208,-1.26,78878.38,78877.12
STM002427,2026-07-12 12:37:00,INR,deposit,deposit_received,PAY001207,PSP001207,43668.23,1341442.13,1385110.36
STM002428,2026-07-12 12:38:00,INR,deposit,psp_fee,PAY001207,PSP001207,-1048.04,1385110.36,1384062.32
STM002429,2026-07-12 13:23:00,MYR,payout,payout_sent,PAY001209,PSP001209,-1137.92,78877.12,77739.2
STM002430,2026-07-12 13:24:00,MYR,payout,psp_fee,PAY001209,PSP001209,-27.31,77739.2,77711.89
STM002431,2026-07-12 15:41:00,MYR,deposit,deposit_received,PAY001210,PSP001210,268.33,77711.89,77980.22
STM002432,2026-07-12 15:42:00,MYR,deposit,psp_fee,PAY001210,PSP001210,-6.44,77980.22,77973.78
STM002433,2026-07-12 19:16:00,INR,deposit,deposit_received,PAY001211,PSP001211,15001.67,1384062.32,1399063.99
STM002434,2026-07-12 19:17:00,INR,deposit,psp_fee,PAY001211,PSP001211,-360.04,1399063.99,1398703.95
STM002435,2026-07-12 20:21:00,INR,deposit,deposit_received,PAY001214,PSP001214,20938.21,1398703.95,1419642.16
STM002436,2026-07-12 20:21:00,INR,deposit,deposit_received,PAY001215,PSP001215,13593.13,1419642.16,1433235.29
STM002437,2026-07-12 20:22:00,INR,deposit,psp_fee,PAY001214,PSP001214,-502.52,1433235.29,1432732.77
STM002438,2026-07-12 20:22:00,INR,deposit,psp_fee,PAY001215,PSP001215,-326.24,1432732.77,1432406.53
STM002439,2026-07-12 20:24:00,INR,deposit,deposit_received,PAY001212,PSP001212,31648.78,1432406.53,1464055.31
STM002440,2026-07-12 20:25:00,INR,deposit,psp_fee,PAY001212,PSP001212,-759.57,1464055.31,1463295.74
STM002441,2026-07-12 21:05:00,INR,deposit,deposit_received,PAY001216,PSP001216,37748.87,1463295.74,1501044.61
STM002442,2026-07-12 21:06:00,INR,deposit,psp_fee,PAY001216,PSP001216,-905.97,1501044.61,1500138.64
STM002443,2026-07-12 21:11:00,INR,payout,payout_sent,PAY001213,PSP001213,-19443.31,1500138.64,1480695.33
STM002444,2026-07-12 21:12:00,INR,payout,psp_fee,PAY001213,PSP001213,-466.64,1480695.33,1480228.69
STM002445,2026-07-12 21:29:00,MYR,deposit,deposit_received,PAY001217,PSP001217,1581.13,77973.78,79554.91
STM002446,2026-07-12 21:30:00,MYR,deposit,psp_fee,PAY001217,PSP001217,-37.95,79554.91,79516.96
STM002447,2026-07-12 21:58:00,MYR,deposit,deposit_received,PAY001218,PSP001218,321.61,79516.96,79838.57
STM002448,2026-07-12 21:59:00,MYR,deposit,psp_fee,PAY001218,PSP001218,-7.72,79838.57,79830.85
STM002449,2026-07-12 22:03:00,INR,deposit,deposit_received,PAY001219,PSP001219,18454.85,1480228.69,1498683.54
STM002450,2026-07-12 22:04:00,INR,deposit,psp_fee,PAY001219,PSP001219,-442.92,1498683.54,1498240.62
STM002451,2026-07-13 07:00:00,INR,settlement,settlement,SET20260713_INR,,-1309167.72,1498240.62,189072.9
STM002452,2026-07-13 07:00:00,MYR,settlement,settlement,SET20260713_MYR,,-74339.76,79830.85,5491.09
STM002453,2026-07-13 09:11:00,MYR,deposit,deposit_received,PAY001222,PSP001222,85.17,5491.09,5576.26
STM002454,2026-07-13 09:12:00,MYR,deposit,psp_fee,PAY001222,PSP001222,-2.04,5576.26,5574.22
STM002455,2026-07-13 09:27:00,MYR,deposit,deposit_received,PAY001221,PSP001221,318.66,5574.22,5892.88
STM002456,2026-07-13 09:28:00,MYR,deposit,psp_fee,PAY001221,PSP001221,-7.65,5892.88,5885.23
STM002457,2026-07-13 09:57:00,INR,deposit,deposit_received,PAY001220,PSP001220,24026.6,189072.9,213099.5
STM002458,2026-07-13 09:58:00,INR,deposit,psp_fee,PAY001220,PSP001220,-576.64,213099.5,212522.86
STM002459,2026-07-13 12:59:00,MYR,deposit,deposit_received,PAY001223,PSP001223,541.06,5885.23,6426.29
STM002460,2026-07-13 13:00:00,MYR,deposit,psp_fee,PAY001223,PSP001223,-12.99,6426.29,6413.3
STM002461,2026-07-13 13:06:00,INR,deposit,deposit_received,PAY001227,PSP001227,10718.25,212522.86,223241.11
STM002462,2026-07-13 13:07:00,INR,deposit,psp_fee,PAY001227,PSP001227,-257.24,223241.11,222983.87
STM002463,2026-07-13 13:40:00,INR,deposit,deposit_received,PAY001226,PSP001226,9181.67,222983.87,232165.54
STM002464,2026-07-13 13:41:00,INR,deposit,psp_fee,PAY001226,PSP001226,-220.36,232165.54,231945.18
STM002465,2026-07-13 13:54:00,MYR,deposit,deposit_received,PAY001224,PSP001224,1945.63,6413.3,8358.93
STM002466,2026-07-13 13:55:00,MYR,deposit,psp_fee,PAY001224,PSP001224,-46.7,8358.93,8312.23
STM002467,2026-07-13 13:56:00,MYR,deposit,deposit_received,PAY001225,PSP001225,1734.86,8312.23,10047.09
STM002468,2026-07-13 13:57:00,MYR,deposit,psp_fee,PAY001225,PSP001225,-41.64,10047.09,10005.45
STM002469,2026-07-13 15:21:00,INR,deposit,deposit_received,PAY001229,PSP001229,44957.67,231945.18,276902.85
STM002470,2026-07-13 15:22:00,INR,deposit,psp_fee,PAY001229,PSP001229,-1078.98,276902.85,275823.87
STM002471,2026-07-13 16:27:00,INR,deposit,deposit_received,PAY001228,PSP001228,25190.12,275823.87,301013.99
STM002472,2026-07-13 16:28:00,INR,deposit,psp_fee,PAY001228,PSP001228,-604.56,301013.99,300409.43
STM002473,2026-07-13 17:10:00,INR,deposit,deposit_received,PAY001230,PSP001230,47625.4,300409.43,348034.83
STM002474,2026-07-13 17:11:00,INR,deposit,psp_fee,PAY001230,PSP001230,-1143.01,348034.83,346891.82
STM002475,2026-07-13 17:32:00,MYR,deposit,deposit_received,PAY001231,PSP001231,1697.81,10005.45,11703.26
STM002476,2026-07-13 17:33:00,MYR,deposit,psp_fee,PAY001231,PSP001231,-40.75,11703.26,11662.51
STM002477,2026-07-13 17:34:00,INR,payout,payout_sent,PAY001232,PSP001232,-11810.28,346891.82,335081.54
STM002478,2026-07-13 17:35:00,INR,payout,psp_fee,PAY001232,PSP001232,-283.45,335081.54,334798.09
STM002479,2026-07-13 17:38:00,MYR,deposit,deposit_received,PAY001235,PSP001235,1474.67,11662.51,13137.18
STM002480,2026-07-13 17:39:00,MYR,deposit,psp_fee,PAY001235,PSP001235,-35.39,13137.18,13101.79
STM002481,2026-07-13 18:25:00,MYR,deposit,deposit_received,PAY001237,PSP001237,1766.83,13101.79,14868.62
STM002482,2026-07-13 18:26:00,MYR,deposit,psp_fee,PAY001237,PSP001237,-42.4,14868.62,14826.22
STM002483,2026-07-13 18:38:00,INR,deposit,deposit_received,PAY001236,PSP001236,10782.74,334798.09,345580.83
STM002484,2026-07-13 18:39:00,INR,deposit,psp_fee,PAY001236,PSP001236,-258.79,345580.83,345322.04
STM002485,2026-07-13 18:58:00,INR,payout,payout_sent,PAY001234,PSP001234,-5186.29,345322.04,340135.75
STM002486,2026-07-13 18:59:00,INR,payout,psp_fee,PAY001234,PSP001234,-124.47,340135.75,340011.28
STM002487,2026-07-13 19:04:00,INR,deposit,deposit_received,PAY001233,PSP001233,34640.1,340011.28,374651.38
STM002488,2026-07-13 19:05:00,INR,deposit,psp_fee,PAY001233,PSP001233,-831.36,374651.38,373820.02
STM002489,2026-07-13 20:47:00,INR,payout,payout_sent,PAY001239,PSP001239,-15507.46,373820.02,358312.56
STM002490,2026-07-13 20:48:00,INR,payout,psp_fee,PAY001239,PSP001239,-372.18,358312.56,357940.38
STM002491,2026-07-13 21:13:00,INR,deposit,deposit_received,PAY001241,PSP001241,49615.77,357940.38,407556.15
STM002492,2026-07-13 21:14:00,INR,deposit,psp_fee,PAY001241,PSP001241,-1190.78,407556.15,406365.37
STM002493,2026-07-13 21:18:00,INR,deposit,deposit_received,PAY001238,PSP001238,22373.95,406365.37,428739.32
STM002494,2026-07-13 21:19:00,INR,deposit,psp_fee,PAY001238,PSP001238,-536.97,428739.32,428202.35
STM002495,2026-07-13 21:42:00,INR,deposit,deposit_received,PAY001240,PSP001240,36139.08,428202.35,464341.43
STM002496,2026-07-13 21:43:00,INR,deposit,psp_fee,PAY001240,PSP001240,-867.34,464341.43,463474.09
STM002497,2026-07-13 21:47:00,MYR,deposit,deposit_received,PAY001242,PSP001242,1273.32,14826.22,16099.54
STM002498,2026-07-13 21:48:00,MYR,deposit,psp_fee,PAY001242,PSP001242,-30.56,16099.54,16068.98
STM002499,2026-07-13 22:57:00,MYR,deposit,deposit_received,PAY001243,PSP001243,550.47,16068.98,16619.45
STM002500,2026-07-13 22:58:00,MYR,deposit,psp_fee,PAY001243,PSP001243,-13.21,16619.45,16606.24
STM002501,2026-07-13 23:40:00,MYR,deposit,deposit_received,PAY001244,PSP001244,1021.03,16606.24,17627.27
STM002502,2026-07-13 23:41:00,MYR,deposit,psp_fee,PAY001244,PSP001244,-24.5,17627.27,17602.77
STM002503,2026-07-14 09:42:00,INR,deposit,deposit_received,PAY001245,PSP001245,24635.23,463474.09,488109.32
STM002504,2026-07-14 09:43:00,INR,deposit,psp_fee,PAY001245,PSP001245,-591.25,488109.32,487518.07
STM002505,2026-07-14 10:38:00,INR,deposit,deposit_received,PAY001248,PSP001248,38261.21,487518.07,525779.28
STM002506,2026-07-14 10:39:00,INR,deposit,psp_fee,PAY001248,PSP001248,-918.27,525779.28,524861.01
STM002507,2026-07-14 10:47:00,MYR,deposit,deposit_received,PAY001251,PSP001251,1231.94,17602.77,18834.71
STM002508,2026-07-14 10:48:00,INR,deposit,deposit_received,PAY001250,PSP001250,16526.39,524861.01,541387.4
STM002509,2026-07-14 10:48:00,MYR,deposit,psp_fee,PAY001251,PSP001251,-29.57,18834.71,18805.14
STM002510,2026-07-14 10:49:00,INR,deposit,psp_fee,PAY001250,PSP001250,-396.63,541387.4,540990.77
STM002511,2026-07-14 11:01:00,MYR,deposit,deposit_received,PAY001246,PSP001246,159.15,18805.14,18964.29
STM002512,2026-07-14 11:02:00,MYR,deposit,psp_fee,PAY001246,PSP001246,-3.82,18964.29,18960.47
STM002513,2026-07-14 12:22:00,MYR,deposit,deposit_received,PAY001252,PSP001252,1566.12,18960.47,20526.59
STM002514,2026-07-14 12:23:00,MYR,deposit,psp_fee,PAY001252,PSP001252,-37.59,20526.59,20489.0
STM002515,2026-07-14 12:24:00,MYR,payout,payout_sent,PAY001247,PSP001247,-479.2,20489.0,20009.8
STM002516,2026-07-14 12:25:00,MYR,payout,psp_fee,PAY001247,PSP001247,-11.5,20009.8,19998.3
STM002517,2026-07-14 12:51:00,MYR,deposit,deposit_received,PAY001249,PSP001249,959.6,19998.3,20957.9
STM002518,2026-07-14 12:52:00,MYR,deposit,psp_fee,PAY001249,PSP001249,-23.03,20957.9,20934.87
STM002519,2026-07-14 13:02:00,MYR,deposit,deposit_received,PAY001253,PSP001253,760.46,20934.87,21695.33
STM002520,2026-07-14 13:03:00,MYR,deposit,psp_fee,PAY001253,PSP001253,-18.25,21695.33,21677.08
STM002521,2026-07-14 14:06:00,MYR,deposit,deposit_received,PAY001254,PSP001254,915.92,21677.08,22593.0
STM002522,2026-07-14 14:07:00,MYR,deposit,psp_fee,PAY001254,PSP001254,-21.98,22593.0,22571.02
STM002523,2026-07-14 14:07:00,MYR,deposit,deposit_received,PAY001256,PSP001256,1950.72,22571.02,24521.74
STM002524,2026-07-14 14:08:00,MYR,deposit,psp_fee,PAY001256,PSP001256,-46.82,24521.74,24474.92
STM002525,2026-07-14 14:19:00,MYR,deposit,deposit_received,PAY001262,PSP001262,146.85,24474.92,24621.77
STM002526,2026-07-14 14:20:00,MYR,deposit,psp_fee,PAY001262,PSP001262,-3.52,24621.77,24618.25
STM002527,2026-07-14 14:28:00,MYR,deposit,deposit_received,PAY001255,PSP001255,1531.58,24618.25,26149.83
STM002528,2026-07-14 14:29:00,MYR,deposit,psp_fee,PAY001255,PSP001255,-36.76,26149.83,26113.07
STM002529,2026-07-14 14:38:00,INR,deposit,deposit_received,PAY001259,PSP001259,22285.11,540990.77,563275.88
STM002530,2026-07-14 14:39:00,INR,deposit,psp_fee,PAY001259,PSP001259,-534.84,563275.88,562741.04
STM002531,2026-07-14 14:44:00,INR,deposit,deposit_received,PAY001257,PSP001257,15092.45,562741.04,577833.49
STM002532,2026-07-14 14:45:00,INR,deposit,psp_fee,PAY001257,PSP001257,-362.22,577833.49,577471.27
STM002533,2026-07-14 15:33:00,MYR,deposit,deposit_received,PAY001258,PSP001258,671.6,26113.07,26784.67
STM002534,2026-07-14 15:34:00,MYR,deposit,psp_fee,PAY001258,PSP001258,-16.12,26784.67,26768.55
STM002535,2026-07-14 15:58:00,INR,payout,payout_sent,PAY001261,PSP001261,-17775.67,577471.27,559695.6
STM002536,2026-07-14 15:59:00,INR,payout,psp_fee,PAY001261,PSP001261,-426.62,559695.6,559268.98
STM002537,2026-07-14 16:15:00,INR,deposit,deposit_received,PAY001260,PSP001260,36281.03,559268.98,595550.01
STM002538,2026-07-14 16:16:00,INR,deposit,psp_fee,PAY001260,PSP001260,-870.74,595550.01,594679.27
STM002539,2026-07-14 16:59:00,MYR,deposit,deposit_received,PAY001263,PSP001263,893.11,26768.55,27661.66
STM002540,2026-07-14 17:00:00,MYR,deposit,psp_fee,PAY001263,PSP001263,-21.43,27661.66,27640.23
STM002541,2026-07-14 17:09:00,MYR,deposit,deposit_received,PAY001267,PSP001267,1551.04,27640.23,29191.27
STM002542,2026-07-14 17:10:00,MYR,deposit,psp_fee,PAY001267,PSP001267,-37.22,29191.27,29154.05
STM002543,2026-07-14 17:42:00,MYR,deposit,deposit_received,PAY001264,PSP001264,669.35,29154.05,29823.4
STM002544,2026-07-14 17:43:00,MYR,deposit,psp_fee,PAY001264,PSP001264,-16.06,29823.4,29807.34
STM002545,2026-07-14 18:35:00,INR,payout,payout_sent,PAY001270,PSP001270,-7129.89,594679.27,587549.38
STM002546,2026-07-14 18:36:00,INR,payout,payout_sent,PAY001265,PSP001265,-14983.24,587549.38,572566.14
STM002547,2026-07-14 18:36:00,INR,payout,psp_fee,PAY001270,PSP001270,-171.12,572566.14,572395.02
STM002548,2026-07-14 18:37:00,INR,payout,psp_fee,PAY001265,PSP001265,-359.6,572395.02,572035.42
STM002549,2026-07-14 19:02:00,MYR,deposit,deposit_received,PAY001268,PSP001268,1813.05,29807.34,31620.39
STM002550,2026-07-14 19:03:00,MYR,deposit,psp_fee,PAY001268,PSP001268,-43.51,31620.39,31576.88
STM002551,2026-07-14 19:29:00,MYR,deposit,deposit_received,PAY001266,PSP001266,1106.77,31576.88,32683.65
STM002552,2026-07-14 19:30:00,MYR,deposit,psp_fee,PAY001266,PSP001266,-26.56,32683.65,32657.09
STM002553,2026-07-14 20:00:00,INR,deposit,deposit_received,PAY001269,PSP001269,11770.27,572035.42,583805.69
STM002554,2026-07-14 20:01:00,INR,deposit,psp_fee,PAY001269,PSP001269,-282.49,583805.69,583523.2
STM002555,2026-07-14 22:47:00,INR,deposit,deposit_received,PAY001271,PSP001271,20117.25,583523.2,603640.45
STM002556,2026-07-14 22:48:00,INR,deposit,psp_fee,PAY001271,PSP001271,-482.81,603640.45,603157.64
STM002557,2026-07-15 08:42:00,MYR,deposit,deposit_received,PAY001274,PSP001274,1279.72,32657.09,33936.81
STM002558,2026-07-15 08:43:00,MYR,deposit,psp_fee,PAY001274,PSP001274,-30.71,33936.81,33906.1
STM002559,2026-07-15 09:35:00,INR,deposit,deposit_received,PAY001273,PSP001273,48009.52,603157.64,651167.16
STM002560,2026-07-15 09:36:00,INR,deposit,psp_fee,PAY001273,PSP001273,-1152.23,651167.16,650014.93
STM002561,2026-07-15 09:43:00,INR,deposit,deposit_received,PAY001276,PSP001276,30696.56,650014.93,680711.49
STM002562,2026-07-15 09:44:00,INR,deposit,psp_fee,PAY001276,PSP001276,-736.72,680711.49,679974.77
STM002563,2026-07-15 10:18:00,INR,deposit,deposit_received,PAY001272,PSP001272,45692.62,679974.77,725667.39
STM002564,2026-07-15 10:19:00,INR,deposit,psp_fee,PAY001272,PSP001272,-1096.62,725667.39,724570.77
STM002565,2026-07-15 11:05:00,INR,deposit,deposit_received,PAY001275,PSP001275,26822.24,724570.77,751393.01
STM002566,2026-07-15 11:06:00,INR,deposit,psp_fee,PAY001275,PSP001275,-643.73,751393.01,750749.28
STM002567,2026-07-15 11:48:00,INR,deposit,deposit_received,PAY001277,PSP001277,40978.91,750749.28,791728.19
STM002568,2026-07-15 11:49:00,INR,deposit,psp_fee,PAY001277,PSP001277,-983.49,791728.19,790744.7
STM002569,2026-07-15 12:29:00,MYR,deposit,deposit_received,PAY001280,PSP001280,67.18,33906.1,33973.28
STM002570,2026-07-15 12:30:00,MYR,deposit,psp_fee,PAY001280,PSP001280,-1.61,33973.28,33971.67
STM002571,2026-07-15 12:52:00,INR,deposit,deposit_received,PAY001278,PSP001278,9492.85,790744.7,800237.55
STM002572,2026-07-15 12:53:00,INR,deposit,psp_fee,PAY001278,PSP001278,-227.83,800237.55,800009.72
STM002573,2026-07-15 13:00:00,MYR,deposit,deposit_received,PAY001279,PSP001279,1782.11,33971.67,35753.78
STM002574,2026-07-15 13:01:00,MYR,deposit,psp_fee,PAY001279,PSP001279,-42.77,35753.78,35711.01
STM002575,2026-07-15 14:37:00,MYR,deposit,deposit_received,PAY001281,PSP001281,1181.22,35711.01,36892.23
STM002576,2026-07-15 14:38:00,MYR,deposit,psp_fee,PAY001281,PSP001281,-28.35,36892.23,36863.88
STM002577,2026-07-15 15:10:00,MYR,deposit,deposit_received,PAY001283,PSP001283,330.63,36863.88,37194.51
STM002578,2026-07-15 15:11:00,MYR,deposit,psp_fee,PAY001283,PSP001283,-7.94,37194.51,37186.57
STM002579,2026-07-15 16:07:00,MYR,deposit,deposit_received,PAY001282,PSP001282,1546.76,37186.57,38733.33
STM002580,2026-07-15 16:08:00,MYR,deposit,psp_fee,PAY001282,PSP001282,-37.12,38733.33,38696.21
STM002581,2026-07-15 17:14:00,MYR,payout,payout_sent,PAY001284,PSP001284,-720.9,38696.21,37975.31
STM002582,2026-07-15 17:15:00,MYR,payout,psp_fee,PAY001284,PSP001284,-17.3,37975.31,37958.01
STM002583,2026-07-15 17:48:00,INR,deposit,deposit_received,PAY001287,PSP001287,38731.09,800009.72,838740.81
STM002584,2026-07-15 17:49:00,INR,deposit,psp_fee,PAY001287,PSP001287,-929.55,838740.81,837811.26
STM002585,2026-07-15 18:36:00,INR,deposit,deposit_received,PAY001285,PSP001285,16709.32,837811.26,854520.58
STM002586,2026-07-15 18:36:00,MYR,deposit,deposit_received,PAY001288,PSP001288,80.09,37958.01,38038.1
STM002587,2026-07-15 18:37:00,INR,deposit,psp_fee,PAY001285,PSP001285,-401.02,854520.58,854119.56
STM002588,2026-07-15 18:37:00,MYR,deposit,psp_fee,PAY001288,PSP001288,-1.92,38038.1,38036.18
STM002589,2026-07-15 19:21:00,INR,deposit,deposit_received,PAY001286,PSP001286,15495.01,854119.56,869614.57
STM002590,2026-07-15 19:22:00,INR,deposit,psp_fee,PAY001286,PSP001286,-371.88,869614.57,869242.69
STM002591,2026-07-15 19:29:00,INR,deposit,deposit_received,PAY001289,PSP001289,10332.57,869242.69,879575.26
STM002592,2026-07-15 19:30:00,INR,deposit,psp_fee,PAY001289,PSP001289,-247.98,879575.26,879327.28
STM002593,2026-07-15 19:32:00,MYR,deposit,deposit_received,PAY001292,PSP001292,847.8,38036.18,38883.98
STM002594,2026-07-15 19:33:00,MYR,deposit,psp_fee,PAY001292,PSP001292,-20.35,38883.98,38863.63
STM002595,2026-07-15 20:12:00,INR,deposit,deposit_received,PAY001294,PSP001294,20315.26,879327.28,899642.54
STM002596,2026-07-15 20:13:00,INR,deposit,psp_fee,PAY001294,PSP001294,-487.57,899642.54,899154.97
STM002597,2026-07-15 20:39:00,INR,payout,payout_sent,PAY001291,PSP001291,-3782.38,899154.97,895372.59
STM002598,2026-07-15 20:40:00,INR,payout,psp_fee,PAY001291,PSP001291,-90.78,895372.59,895281.81
STM002599,2026-07-15 20:49:00,INR,deposit,deposit_received,PAY001290,PSP001290,25581.81,895281.81,920863.62
STM002600,2026-07-15 20:50:00,INR,deposit,psp_fee,PAY001290,PSP001290,-613.96,920863.62,920249.66
STM002601,2026-07-15 21:39:00,MYR,deposit,deposit_received,PAY001293,PSP001293,250.62,38863.63,39114.25
STM002602,2026-07-15 21:40:00,MYR,deposit,psp_fee,PAY001293,PSP001293,-6.01,39114.25,39108.24
STM002603,2026-07-15 23:03:00,MYR,deposit,deposit_received,PAY001295,PSP001295,885.27,39108.24,39993.51
STM002604,2026-07-15 23:04:00,MYR,deposit,psp_fee,PAY001295,PSP001295,-21.25,39993.51,39972.26
STM002605,2026-07-16 09:37:00,MYR,deposit,deposit_received,PAY001297,PSP001297,1467.37,39972.26,41439.63
STM002606,2026-07-16 09:38:00,MYR,deposit,psp_fee,PAY001297,PSP001297,-35.22,41439.63,41404.41
STM002607,2026-07-16 09:50:00,INR,deposit,deposit_received,PAY001296,PSP001296,32696.42,920249.66,952946.08
STM002608,2026-07-16 09:51:00,INR,deposit,psp_fee,PAY001296,PSP001296,-784.71,952946.08,952161.37
STM002609,2026-07-16 09:54:00,INR,deposit,deposit_received,PAY001298,PSP001298,28446.67,952161.37,980608.04
STM002610,2026-07-16 09:55:00,INR,deposit,psp_fee,PAY001298,PSP001298,-682.72,980608.04,979925.32
STM002611,2026-07-16 10:11:00,INR,deposit,deposit_received,PAY001299,PSP001299,38233.25,979925.32,1018158.57
STM002612,2026-07-16 10:12:00,INR,deposit,psp_fee,PAY001299,PSP001299,-917.6,1018158.57,1017240.97
STM002613,2026-07-16 13:07:00,INR,deposit,deposit_received,PAY001302,PSP001302,39434.56,1017240.97,1056675.53
STM002614,2026-07-16 13:08:00,INR,deposit,psp_fee,PAY001302,PSP001302,-946.43,1056675.53,1055729.1
STM002615,2026-07-16 13:37:00,INR,deposit,deposit_received,PAY001301,PSP001301,46846.43,1055729.1,1102575.53
STM002616,2026-07-16 13:38:00,INR,deposit,psp_fee,PAY001301,PSP001301,-1124.31,1102575.53,1101451.22
STM002617,2026-07-16 14:01:00,INR,deposit,deposit_received,PAY001300,PSP001300,18899.35,1101451.22,1120350.57
STM002618,2026-07-16 14:02:00,INR,deposit,psp_fee,PAY001300,PSP001300,-453.58,1120350.57,1119896.99
STM002619,2026-07-16 14:38:00,INR,deposit,deposit_received,PAY001303,PSP001303,45494.55,1119896.99,1165391.54
STM002620,2026-07-16 14:39:00,INR,deposit,psp_fee,PAY001303,PSP001303,-1091.87,1165391.54,1164299.67
STM002621,2026-07-16 18:01:00,MYR,deposit,deposit_received,PAY001304,PSP001304,683.22,41404.41,42087.63
STM002622,2026-07-16 18:02:00,MYR,deposit,psp_fee,PAY001304,PSP001304,-16.4,42087.63,42071.23
STM002623,2026-07-16 19:02:00,INR,deposit,deposit_received,PAY001306,PSP001306,17758.99,1164299.67,1182058.66
STM002624,2026-07-16 19:03:00,INR,deposit,deposit_received,PAY001305,PSP001305,27204.01,1182058.66,1209262.67
STM002625,2026-07-16 19:03:00,INR,deposit,psp_fee,PAY001306,PSP001306,-426.22,1209262.67,1208836.45
STM002626,2026-07-16 19:04:00,INR,deposit,psp_fee,PAY001305,PSP001305,-652.9,1208836.45,1208183.55
STM002627,2026-07-16 20:54:00,MYR,deposit,deposit_received,PAY001307,PSP001307,1938.4,42071.23,44009.63
STM002628,2026-07-16 20:55:00,MYR,deposit,psp_fee,PAY001307,PSP001307,-46.52,44009.63,43963.11
STM002629,2026-07-16 21:18:00,MYR,deposit,deposit_received,PAY001308,PSP001308,643.52,43963.11,44606.63
STM002630,2026-07-16 21:19:00,MYR,deposit,psp_fee,PAY001308,PSP001308,-15.44,44606.63,44591.19
STM002631,2026-07-16 21:36:00,INR,deposit,deposit_received,PAY001310,PSP001310,10216.21,1208183.55,1218399.76
STM002632,2026-07-16 21:37:00,INR,deposit,psp_fee,PAY001310,PSP001310,-245.19,1218399.76,1218154.57
STM002633,2026-07-16 22:41:00,MYR,deposit,deposit_received,PAY001309,PSP001309,750.2,44591.19,45341.39
STM002634,2026-07-16 22:42:00,MYR,deposit,psp_fee,PAY001309,PSP001309,-18.0,45341.39,45323.39
STM002635,2026-07-17 08:47:00,INR,deposit,deposit_received,PAY001311,PSP001311,11664.82,1218154.57,1229819.39
STM002636,2026-07-17 08:48:00,INR,deposit,psp_fee,PAY001311,PSP001311,-279.96,1229819.39,1229539.43
STM002637,2026-07-17 09:11:00,INR,deposit,deposit_received,PAY001312,PSP001312,44402.44,1229539.43,1273941.87
STM002638,2026-07-17 09:12:00,INR,deposit,psp_fee,PAY001312,PSP001312,-1065.66,1273941.87,1272876.21
STM002639,2026-07-17 11:22:00,INR,deposit,deposit_received,PAY001313,PSP001313,16766.98,1272876.21,1289643.19
STM002640,2026-07-17 11:23:00,INR,deposit,psp_fee,PAY001313,PSP001313,-402.41,1289643.19,1289240.78
STM002641,2026-07-17 11:23:00,MYR,deposit,deposit_received,PAY001314,PSP001314,676.05,45323.39,45999.44
STM002642,2026-07-17 11:24:00,MYR,deposit,psp_fee,PAY001314,PSP001314,-16.23,45999.44,45983.21
STM002643,2026-07-17 11:55:00,INR,payout,payout_sent,PAY001315,PSP001315,-19217.14,1289240.78,1270023.64
STM002644,2026-07-17 11:56:00,INR,payout,psp_fee,PAY001315,PSP001315,-461.21,1270023.64,1269562.43
STM002645,2026-07-17 15:21:00,INR,deposit,deposit_received,PAY001316,PSP001316,1208.93,1269562.43,1270771.36
STM002646,2026-07-17 15:22:00,INR,deposit,psp_fee,PAY001316,PSP001316,-29.01,1270771.36,1270742.35
STM002647,2026-07-17 15:32:00,INR,payout,payout_sent,PAY001317,PSP001317,-1133.01,1270742.35,1269609.34
STM002648,2026-07-17 15:33:00,INR,payout,psp_fee,PAY001317,PSP001317,-27.19,1269609.34,1269582.15
STM002649,2026-07-17 16:09:00,MYR,deposit,deposit_received,PAY001318,PSP001318,829.14,45983.21,46812.35
STM002650,2026-07-17 16:10:00,MYR,deposit,psp_fee,PAY001318,PSP001318,-19.9,46812.35,46792.45
STM002651,2026-07-17 16:59:00,MYR,deposit,deposit_received,PAY001322,PSP001322,1930.56,46792.45,48723.01
STM002652,2026-07-17 17:00:00,MYR,deposit,psp_fee,PAY001322,PSP001322,-46.33,48723.01,48676.68
STM002653,2026-07-17 17:12:00,MYR,deposit,deposit_received,PAY001321,PSP001321,1533.64,48676.68,50210.32
STM002654,2026-07-17 17:13:00,MYR,deposit,psp_fee,PAY001321,PSP001321,-36.81,50210.32,50173.51
STM002655,2026-07-17 17:47:00,MYR,deposit,deposit_received,PAY001324,PSP001324,1120.0,50173.51,51293.51
STM002656,2026-07-17 17:48:00,MYR,deposit,psp_fee,PAY001324,PSP001324,-26.88,51293.51,51266.63
STM002657,2026-07-17 17:49:00,INR,deposit,deposit_received,PAY001323,PSP001323,6453.75,1269582.15,1276035.9
STM002658,2026-07-17 17:50:00,INR,deposit,psp_fee,PAY001323,PSP001323,-154.89,1276035.9,1275881.01
STM002659,2026-07-17 18:04:00,MYR,deposit,deposit_received,PAY001320,PSP001320,532.91,51266.63,51799.54
STM002660,2026-07-17 18:05:00,MYR,deposit,psp_fee,PAY001320,PSP001320,-12.79,51799.54,51786.75
STM002661,2026-07-17 18:33:00,MYR,deposit,deposit_received,PAY001319,PSP001319,1497.57,51786.75,53284.32
STM002662,2026-07-17 18:34:00,MYR,deposit,psp_fee,PAY001319,PSP001319,-35.94,53284.32,53248.38
STM002663,2026-07-17 20:45:00,INR,payout,payout_sent,PAY001326,PSP001326,-13735.11,1275881.01,1262145.9
STM002664,2026-07-17 20:46:00,INR,payout,psp_fee,PAY001326,PSP001326,-329.64,1262145.9,1261816.26
STM002665,2026-07-17 22:24:00,INR,payout,payout_sent,PAY001327,PSP001327,-14108.97,1261816.26,1247707.29
STM002666,2026-07-17 22:25:00,INR,payout,psp_fee,PAY001327,PSP001327,-338.62,1247707.29,1247368.67
STM002667,2026-07-17 22:37:00,INR,deposit,deposit_received,PAY001325,PSP001325,10146.46,1247368.67,1257515.13
STM002668,2026-07-17 22:38:00,INR,deposit,psp_fee,PAY001325,PSP001325,-243.52,1257515.13,1257271.61
STM002669,2026-07-17 23:36:00,MYR,deposit,deposit_received,PAY001328,PSP001328,1280.77,53248.38,54529.15
STM002670,2026-07-17 23:37:00,MYR,deposit,psp_fee,PAY001328,PSP001328,-30.74,54529.15,54498.41
STM002671,2026-07-18 10:30:00,INR,deposit,deposit_received,PAY001329,PSP001329,42985.61,1257271.61,1300257.22
STM002672,2026-07-18 10:31:00,INR,deposit,psp_fee,PAY001329,PSP001329,-1031.65,1300257.22,1299225.57
STM002673,2026-07-18 11:41:00,MYR,deposit,deposit_received,PAY001331,PSP001331,30.7,54498.41,54529.11
STM002674,2026-07-18 11:42:00,MYR,deposit,psp_fee,PAY001331,PSP001331,-0.74,54529.11,54528.37
STM002675,2026-07-18 12:22:00,INR,deposit,deposit_received,PAY001333,PSP001333,38347.35,1299225.57,1337572.92
STM002676,2026-07-18 12:23:00,INR,deposit,psp_fee,PAY001333,PSP001333,-920.34,1337572.92,1336652.58
STM002677,2026-07-18 12:37:00,MYR,deposit,deposit_received,PAY001330,PSP001330,1944.86,54528.37,56473.23
STM002678,2026-07-18 12:38:00,MYR,deposit,psp_fee,PAY001330,PSP001330,-46.68,56473.23,56426.55
STM002679,2026-07-18 12:52:00,INR,deposit,deposit_received,PAY001334,PSP001334,29775.11,1336652.58,1366427.69
STM002680,2026-07-18 12:53:00,INR,deposit,psp_fee,PAY001334,PSP001334,-714.6,1366427.69,1365713.09
STM002681,2026-07-18 12:56:00,MYR,deposit,deposit_received,PAY001332,PSP001332,146.67,56426.55,56573.22
STM002682,2026-07-18 12:57:00,MYR,deposit,psp_fee,PAY001332,PSP001332,-3.52,56573.22,56569.7
STM002683,2026-07-18 13:30:00,MYR,deposit,deposit_received,PAY001339,PSP001339,1754.21,56569.7,58323.91
STM002684,2026-07-18 13:31:00,MYR,deposit,psp_fee,PAY001339,PSP001339,-42.1,58323.91,58281.81
STM002685,2026-07-18 13:47:00,MYR,deposit,deposit_received,PAY001335,PSP001335,306.67,58281.81,58588.48
STM002686,2026-07-18 13:47:00,INR,deposit,deposit_received,PAY001336,PSP001336,33775.78,1365713.09,1399488.87
STM002687,2026-07-18 13:47:00,MYR,payout,payout_sent,PAY001338,PSP001338,-422.83,58588.48,58165.65
STM002688,2026-07-18 13:48:00,MYR,deposit,psp_fee,PAY001335,PSP001335,-7.36,58165.65,58158.29
STM002689,2026-07-18 13:48:00,INR,deposit,psp_fee,PAY001336,PSP001336,-810.62,1399488.87,1398678.25
STM002690,2026-07-18 13:48:00,MYR,payout,psp_fee,PAY001338,PSP001338,-10.15,58158.29,58148.14
STM002691,2026-07-18 14:26:00,MYR,deposit,deposit_received,PAY001341,PSP001341,1059.99,58148.14,59208.13
STM002692,2026-07-18 14:27:00,MYR,deposit,deposit_received,PAY001340,PSP001340,869.04,59208.13,60077.17
STM002693,2026-07-18 14:27:00,MYR,deposit,psp_fee,PAY001341,PSP001341,-25.44,60077.17,60051.73
STM002694,2026-07-18 14:28:00,MYR,deposit,psp_fee,PAY001340,PSP001340,-20.86,60051.73,60030.87
STM002695,2026-07-18 15:47:00,INR,deposit,deposit_received,PAY001337,PSP001337,5579.3,1398678.25,1404257.55
STM002696,2026-07-18 15:48:00,INR,deposit,psp_fee,PAY001337,PSP001337,-133.9,1404257.55,1404123.65
STM002697,2026-07-18 17:08:00,MYR,payout,payout_sent,PAY001342,PSP001342,-1105.23,60030.87,58925.64
STM002698,2026-07-18 17:09:00,MYR,payout,psp_fee,PAY001342,PSP001342,-26.53,58925.64,58899.11
STM002699,2026-07-18 17:27:00,INR,deposit,deposit_received,PAY001343,PSP001343,42195.09,1404123.65,1446318.74
STM002700,2026-07-18 17:28:00,INR,deposit,psp_fee,PAY001343,PSP001343,-1012.68,1446318.74,1445306.06
STM002701,2026-07-18 17:35:00,MYR,deposit,deposit_received,PAY001344,PSP001344,856.7,58899.11,59755.81
STM002702,2026-07-18 17:36:00,MYR,deposit,psp_fee,PAY001344,PSP001344,-20.56,59755.81,59735.25
STM002703,2026-07-18 19:03:00,MYR,deposit,deposit_received,PAY001347,PSP001347,112.94,59735.25,59848.19
STM002704,2026-07-18 19:04:00,MYR,deposit,psp_fee,PAY001347,PSP001347,-2.71,59848.19,59845.48
STM002705,2026-07-18 19:11:00,INR,deposit,deposit_received,PAY001345,PSP001345,12515.84,1445306.06,1457821.9
STM002706,2026-07-18 19:12:00,INR,deposit,psp_fee,PAY001345,PSP001345,-300.38,1457821.9,1457521.52
STM002707,2026-07-18 20:20:00,MYR,deposit,deposit_received,PAY001346,PSP001346,1994.69,59845.48,61840.17
STM002708,2026-07-18 20:21:00,MYR,deposit,psp_fee,PAY001346,PSP001346,-47.87,61840.17,61792.3
STM002709,2026-07-18 20:50:00,INR,deposit,deposit_received,PAY001348,PSP001348,48353.12,1457521.52,1505874.64
STM002710,2026-07-18 20:51:00,INR,deposit,psp_fee,PAY001348,PSP001348,-1160.47,1505874.64,1504714.17
STM002711,2026-07-18 21:46:00,MYR,deposit,deposit_received,PAY001351,PSP001351,455.6,61792.3,62247.9
STM002712,2026-07-18 21:47:00,MYR,deposit,psp_fee,PAY001351,PSP001351,-10.93,62247.9,62236.97
STM002713,2026-07-18 22:23:00,MYR,deposit,deposit_received,PAY001349,PSP001349,714.19,62236.97,62951.16
STM002714,2026-07-18 22:24:00,MYR,deposit,psp_fee,PAY001349,PSP001349,-17.14,62951.16,62934.02
STM002715,2026-07-18 22:36:00,MYR,deposit,deposit_received,PAY001350,PSP001350,103.43,62934.02,63037.45
STM002716,2026-07-18 22:37:00,MYR,deposit,psp_fee,PAY001350,PSP001350,-2.48,63037.45,63034.97
STM002717,2026-07-19 10:10:00,MYR,deposit,deposit_received,PAY001352,PSP001352,1609.73,63034.97,64644.7
STM002718,2026-07-19 10:11:00,MYR,deposit,psp_fee,PAY001352,PSP001352,-38.63,64644.7,64606.07
STM002719,2026-07-19 11:04:00,MYR,deposit,deposit_received,PAY001353,PSP001353,724.19,64606.07,65330.26
STM002720,2026-07-19 11:05:00,MYR,deposit,psp_fee,PAY001353,PSP001353,-17.38,65330.26,65312.88
STM002721,2026-07-19 11:34:00,MYR,deposit,deposit_received,PAY001356,PSP001356,1694.1,65312.88,67006.98
STM002722,2026-07-19 11:35:00,MYR,deposit,psp_fee,PAY001356,PSP001356,-40.66,67006.98,66966.32
STM002723,2026-07-19 12:43:00,MYR,deposit,deposit_received,PAY001357,PSP001357,653.57,66966.32,67619.89
STM002724,2026-07-19 12:44:00,MYR,deposit,psp_fee,PAY001357,PSP001357,-15.69,67619.89,67604.2
STM002725,2026-07-19 12:50:00,MYR,deposit,deposit_received,PAY001354,PSP001354,932.66,67604.2,68536.86
STM002726,2026-07-19 12:51:00,MYR,deposit,psp_fee,PAY001354,PSP001354,-22.38,68536.86,68514.48
STM002727,2026-07-19 12:53:00,INR,payout,payout_sent,PAY001355,PSP001355,-16642.81,1504714.17,1488071.36
STM002728,2026-07-19 12:54:00,INR,payout,psp_fee,PAY001355,PSP001355,-399.43,1488071.36,1487671.93
STM002729,2026-07-19 13:48:00,MYR,deposit,deposit_received,PAY001360,PSP001360,665.84,68514.48,69180.32
STM002730,2026-07-19 13:49:00,MYR,deposit,psp_fee,PAY001360,PSP001360,-15.98,69180.32,69164.34
STM002731,2026-07-19 14:05:00,MYR,deposit,deposit_received,PAY001359,PSP001359,720.67,69164.34,69885.01
STM002732,2026-07-19 14:06:00,MYR,deposit,psp_fee,PAY001359,PSP001359,-17.3,69885.01,69867.71
STM002733,2026-07-19 14:10:00,INR,deposit,deposit_received,PAY001358,PSP001358,31279.09,1487671.93,1518951.02
STM002734,2026-07-19 14:11:00,INR,deposit,psp_fee,PAY001358,PSP001358,-750.7,1518951.02,1518200.32
STM002735,2026-07-19 14:16:00,INR,deposit,deposit_received,PAY001362,PSP001362,10331.67,1518200.32,1528531.99
STM002736,2026-07-19 14:17:00,INR,deposit,psp_fee,PAY001362,PSP001362,-247.96,1528531.99,1528284.03
STM002737,2026-07-19 15:02:00,INR,deposit,deposit_received,PAY001365,PSP001365,22405.53,1528284.03,1550689.56
STM002738,2026-07-19 15:03:00,INR,deposit,psp_fee,PAY001365,PSP001365,-537.73,1550689.56,1550151.83
STM002739,2026-07-19 16:01:00,MYR,deposit,deposit_received,PAY001364,PSP001364,234.14,69867.71,70101.85
STM002740,2026-07-19 16:02:00,MYR,deposit,psp_fee,PAY001364,PSP001364,-5.62,70101.85,70096.23
STM002741,2026-07-19 16:08:00,MYR,deposit,deposit_received,PAY001361,PSP001361,613.52,70096.23,70709.75
STM002742,2026-07-19 16:09:00,MYR,deposit,psp_fee,PAY001361,PSP001361,-14.72,70709.75,70695.03
STM002743,2026-07-19 16:12:00,INR,deposit,deposit_received,PAY001366,PSP001366,1804.78,1550151.83,1551956.61
STM002744,2026-07-19 16:13:00,INR,deposit,psp_fee,PAY001366,PSP001366,-43.31,1551956.61,1551913.3
STM002745,2026-07-19 16:19:00,MYR,deposit,deposit_received,PAY001363,PSP001363,1440.3,70695.03,72135.33
STM002746,2026-07-19 16:20:00,MYR,deposit,psp_fee,PAY001363,PSP001363,-34.57,72135.33,72100.76
STM002747,2026-07-19 17:40:00,INR,deposit,deposit_received,PAY001367,PSP001367,22297.62,1551913.3,1574210.92
STM002748,2026-07-19 17:41:00,INR,deposit,psp_fee,PAY001367,PSP001367,-535.14,1574210.92,1573675.78
STM002749,2026-07-19 19:14:00,MYR,deposit,deposit_received,PAY001369,PSP001369,1996.79,72100.76,74097.55
STM002750,2026-07-19 19:15:00,MYR,deposit,psp_fee,PAY001369,PSP001369,-47.92,74097.55,74049.63
STM002751,2026-07-19 19:36:00,INR,deposit,deposit_received,PAY001368,PSP001368,42947.8,1573675.78,1616623.58
STM002752,2026-07-19 19:37:00,INR,deposit,psp_fee,PAY001368,PSP001368,-1030.75,1616623.58,1615592.83
STM002753,2026-07-19 20:48:00,MYR,deposit,deposit_received,PAY001371,PSP001371,1612.75,74049.63,75662.38
STM002754,2026-07-19 20:49:00,MYR,deposit,psp_fee,PAY001371,PSP001371,-38.71,75662.38,75623.67
STM002755,2026-07-19 21:06:00,INR,deposit,deposit_received,PAY001370,PSP001370,20281.03,1615592.83,1635873.86
STM002756,2026-07-19 21:07:00,INR,deposit,psp_fee,PAY001370,PSP001370,-486.74,1635873.86,1635387.12
STM002757,2026-07-19 21:17:00,MYR,payout,payout_sent,PAY001372,PSP001372,-449.36,75623.67,75174.31
STM002758,2026-07-19 21:18:00,MYR,payout,psp_fee,PAY001372,PSP001372,-10.78,75174.31,75163.53
STM002759,2026-07-19 22:16:00,INR,deposit,deposit_received,PAY001373,PSP001373,39880.08,1635387.12,1675267.2
STM002760,2026-07-19 22:17:00,INR,deposit,psp_fee,PAY001373,PSP001373,-957.12,1675267.2,1674310.08
STM002761,2026-07-19 22:43:00,INR,deposit,deposit_received,PAY001374,PSP001374,35563.52,1674310.08,1709873.6
STM002762,2026-07-19 22:44:00,INR,deposit,psp_fee,PAY001374,PSP001374,-853.52,1709873.6,1709020.08
STM002763,2026-07-19 23:23:00,INR,deposit,deposit_received,PAY001375,PSP001375,36145.26,1709020.08,1745165.34
STM002764,2026-07-19 23:24:00,INR,deposit,psp_fee,PAY001375,PSP001375,-867.49,1745165.34,1744297.85
STM002765,2026-07-20 07:00:00,INR,settlement,settlement,SET20260720_INR,,-1571021.98,1744297.85,173275.87
STM002766,2026-07-20 07:00:00,MYR,settlement,settlement,SET20260720_MYR,,-71258.99,75163.53,3904.54
STM002767,2026-07-20 09:21:00,MYR,deposit,deposit_received,PAY001377,PSP001377,157.38,3904.54,4061.92
STM002768,2026-07-20 09:22:00,MYR,deposit,psp_fee,PAY001377,PSP001377,-3.78,4061.92,4058.14
STM002769,2026-07-20 10:25:00,INR,deposit,deposit_received,PAY001376,PSP001376,41912.36,173275.87,215188.23
STM002770,2026-07-20 10:26:00,INR,deposit,psp_fee,PAY001376,PSP001376,-1005.9,215188.23,214182.33
STM002771,2026-07-20 11:19:00,INR,deposit,deposit_received,PAY001379,PSP001379,3737.93,214182.33,217920.26
STM002772,2026-07-20 11:20:00,INR,deposit,psp_fee,PAY001379,PSP001379,-89.71,217920.26,217830.55
STM002773,2026-07-20 11:50:00,MYR,deposit,deposit_received,PAY001378,PSP001378,1794.81,4058.14,5852.95
STM002774,2026-07-20 11:51:00,MYR,deposit,psp_fee,PAY001378,PSP001378,-43.08,5852.95,5809.87
STM002775,2026-07-20 12:37:00,INR,deposit,deposit_received,PAY001381,PSP001381,33259.14,217830.55,251089.69
STM002776,2026-07-20 12:38:00,INR,deposit,psp_fee,PAY001381,PSP001381,-798.22,251089.69,250291.47
STM002777,2026-07-20 13:07:00,MYR,deposit,deposit_received,PAY001380,PSP001380,1435.82,5809.87,7245.69
STM002778,2026-07-20 13:08:00,MYR,deposit,psp_fee,PAY001380,PSP001380,-34.46,7245.69,7211.23
STM002779,2026-07-20 13:38:00,MYR,deposit,deposit_received,PAY001382,PSP001382,1602.88,7211.23,8814.11
STM002780,2026-07-20 13:39:00,MYR,deposit,psp_fee,PAY001382,PSP001382,-38.47,8814.11,8775.64
STM002781,2026-07-20 14:19:00,INR,payout,payout_sent,PAY001383,PSP001383,-21922.27,250291.47,228369.2
STM002782,2026-07-20 14:20:00,INR,payout,psp_fee,PAY001383,PSP001383,-526.13,228369.2,227843.07
STM002783,2026-07-20 15:46:00,INR,deposit,deposit_received,PAY001385,PSP001385,48999.21,227843.07,276842.28
STM002784,2026-07-20 15:47:00,INR,deposit,psp_fee,PAY001385,PSP001385,-1175.98,276842.28,275666.3
STM002785,2026-07-20 15:49:00,MYR,deposit,deposit_received,PAY001384,PSP001384,1239.29,8775.64,10014.93
STM002786,2026-07-20 15:50:00,MYR,deposit,psp_fee,PAY001384,PSP001384,-29.74,10014.93,9985.19
STM002787,2026-07-20 16:35:00,INR,deposit,deposit_received,PAY001386,PSP001386,36569.02,275666.3,312235.32
STM002788,2026-07-20 16:36:00,INR,deposit,psp_fee,PAY001386,PSP001386,-877.66,312235.32,311357.66
STM002789,2026-07-20 16:56:00,INR,deposit,deposit_received,PAY001391,PSP001391,26431.43,311357.66,337789.09
STM002790,2026-07-20 16:57:00,INR,deposit,psp_fee,PAY001391,PSP001391,-634.35,337789.09,337154.74
STM002791,2026-07-20 17:04:00,MYR,deposit,deposit_received,PAY001388,PSP001388,302.86,9985.19,10288.05
STM002792,2026-07-20 17:05:00,MYR,deposit,psp_fee,PAY001388,PSP001388,-7.27,10288.05,10280.78
STM002793,2026-07-20 17:20:00,INR,deposit,deposit_received,PAY001392,PSP001392,34294.15,337154.74,371448.89
STM002794,2026-07-20 17:21:00,INR,deposit,psp_fee,PAY001392,PSP001392,-823.06,371448.89,370625.83
STM002795,2026-07-20 17:28:00,INR,deposit,deposit_received,PAY001389,PSP001389,35509.52,370625.83,406135.35
STM002796,2026-07-20 17:29:00,INR,deposit,psp_fee,PAY001389,PSP001389,-852.23,406135.35,405283.12
STM002797,2026-07-20 18:06:00,INR,deposit,deposit_received,PAY001390,PSP001390,10430.06,405283.12,415713.18
STM002798,2026-07-20 18:07:00,INR,deposit,psp_fee,PAY001390,PSP001390,-250.32,415713.18,415462.86
STM002799,2026-07-20 18:20:00,INR,deposit,deposit_received,PAY001387,PSP001387,35195.97,415462.86,450658.83
STM002800,2026-07-20 18:21:00,INR,deposit,psp_fee,PAY001387,PSP001387,-844.7,450658.83,449814.13
STM002801,2026-07-20 19:07:00,INR,deposit,deposit_received,PAY001393,PSP001393,1122.63,449814.13,450936.76
STM002802,2026-07-20 19:08:00,INR,deposit,psp_fee,PAY001393,PSP001393,-26.94,450936.76,450909.82
STM002803,2026-07-20 19:53:00,MYR,deposit,deposit_received,PAY001394,PSP001394,1139.83,10280.78,11420.61
STM002804,2026-07-20 19:54:00,MYR,deposit,psp_fee,PAY001394,PSP001394,-27.36,11420.61,11393.25
STM002805,2026-07-21 10:11:00,INR,deposit,deposit_received,PAY001395,PSP001395,9498.44,450909.82,460408.26
STM002806,2026-07-21 10:12:00,INR,deposit,psp_fee,PAY001395,PSP001395,-227.96,460408.26,460180.3
STM002807,2026-07-21 10:49:00,MYR,deposit,deposit_received,PAY001401,PSP001401,1347.35,11393.25,12740.6
STM002808,2026-07-21 10:50:00,MYR,deposit,psp_fee,PAY001401,PSP001401,-32.34,12740.6,12708.26
STM002809,2026-07-21 11:09:00,MYR,payout,payout_sent,PAY001399,PSP001399,-793.84,12708.26,11914.42
STM002810,2026-07-21 11:10:00,MYR,payout,psp_fee,PAY001399,PSP001399,-19.05,11914.42,11895.37
STM002811,2026-07-21 11:33:00,MYR,deposit,deposit_received,PAY001397,PSP001397,1029.44,11895.37,12924.81
STM002812,2026-07-21 11:34:00,MYR,deposit,psp_fee,PAY001397,PSP001397,-24.71,12924.81,12900.1
STM002813,2026-07-21 11:36:00,INR,deposit,deposit_received,PAY001398,PSP001398,40456.64,460180.3,500636.94
STM002814,2026-07-21 11:37:00,INR,deposit,psp_fee,PAY001398,PSP001398,-970.96,500636.94,499665.98
STM002815,2026-07-21 11:49:00,INR,deposit,deposit_received,PAY001396,PSP001396,30186.06,499665.98,529852.04
STM002816,2026-07-21 11:50:00,INR,deposit,psp_fee,PAY001396,PSP001396,-724.47,529852.04,529127.57
STM002817,2026-07-21 11:57:00,INR,deposit,deposit_received,PAY001400,PSP001400,49868.42,529127.57,578995.99
STM002818,2026-07-21 11:58:00,INR,deposit,psp_fee,PAY001400,PSP001400,-1196.84,578995.99,577799.15
STM002819,2026-07-21 12:50:00,INR,deposit,deposit_received,PAY001402,PSP001402,48039.16,577799.15,625838.31
STM002820,2026-07-21 12:51:00,INR,deposit,psp_fee,PAY001402,PSP001402,-1152.94,625838.31,624685.37
STM002821,2026-07-21 13:03:00,INR,deposit,deposit_received,PAY001404,PSP001404,33343.87,624685.37,658029.24
STM002822,2026-07-21 13:04:00,INR,deposit,psp_fee,PAY001404,PSP001404,-800.25,658029.24,657228.99
STM002823,2026-07-21 13:30:00,MYR,deposit,deposit_received,PAY001405,PSP001405,586.65,12900.1,13486.75
STM002824,2026-07-21 13:31:00,MYR,deposit,psp_fee,PAY001405,PSP001405,-14.08,13486.75,13472.67
STM002825,2026-07-21 13:42:00,MYR,deposit,deposit_received,PAY001403,PSP001403,1835.72,13472.67,15308.39
STM002826,2026-07-21 13:43:00,MYR,deposit,psp_fee,PAY001403,PSP001403,-44.06,15308.39,15264.33
STM002827,2026-07-21 15:23:00,INR,payout,payout_sent,PAY001406,PSP001406,-10773.3,657228.99,646455.69
STM002828,2026-07-21 15:24:00,INR,payout,psp_fee,PAY001406,PSP001406,-258.56,646455.69,646197.13
STM002829,2026-07-21 15:42:00,MYR,deposit,deposit_received,PAY001408,PSP001408,1548.56,15264.33,16812.89
STM002830,2026-07-21 15:43:00,MYR,deposit,psp_fee,PAY001408,PSP001408,-37.17,16812.89,16775.72
STM002831,2026-07-21 16:16:00,MYR,deposit,deposit_received,PAY001407,PSP001407,663.38,16775.72,17439.1
STM002832,2026-07-21 16:17:00,MYR,deposit,psp_fee,PAY001407,PSP001407,-15.92,17439.1,17423.18
STM002833,2026-07-21 16:22:00,INR,deposit,deposit_received,PAY001410,PSP001410,26947.46,646197.13,673144.59
STM002834,2026-07-21 16:23:00,INR,deposit,psp_fee,PAY001410,PSP001410,-646.74,673144.59,672497.85
STM002835,2026-07-21 18:23:00,INR,deposit,deposit_received,PAY001409,PSP001409,15702.43,672497.85,688200.28
STM002836,2026-07-21 18:24:00,INR,deposit,psp_fee,PAY001409,PSP001409,-376.86,688200.28,687823.42
STM002837,2026-07-21 18:49:00,MYR,deposit,deposit_received,PAY001412,PSP001412,1702.96,17423.18,19126.14
STM002838,2026-07-21 18:50:00,MYR,deposit,psp_fee,PAY001412,PSP001412,-40.87,19126.14,19085.27
STM002839,2026-07-21 18:53:00,INR,deposit,deposit_received,PAY001413,PSP001413,23133.07,687823.42,710956.49
STM002840,2026-07-21 18:54:00,INR,deposit,psp_fee,PAY001413,PSP001413,-555.19,710956.49,710401.3
STM002841,2026-07-21 19:20:00,MYR,deposit,deposit_received,PAY001411,PSP001411,133.3,19085.27,19218.57
STM002842,2026-07-21 19:21:00,MYR,deposit,psp_fee,PAY001411,PSP001411,-3.2,19218.57,19215.37
STM002843,2026-07-21 20:37:00,INR,deposit,deposit_received,PAY001414,PSP001414,35844.71,710401.3,746246.01
STM002844,2026-07-21 20:38:00,INR,deposit,psp_fee,PAY001414,PSP001414,-860.27,746246.01,745385.74
STM002845,2026-07-21 21:06:00,INR,deposit,deposit_received,PAY001415,PSP001415,10698.48,745385.74,756084.22
STM002846,2026-07-21 21:07:00,INR,deposit,psp_fee,PAY001415,PSP001415,-256.76,756084.22,755827.46
STM002847,2026-07-22 09:31:00,MYR,deposit,deposit_received,PAY001416,PSP001416,1329.4,19215.37,20544.77
STM002848,2026-07-22 09:32:00,MYR,deposit,psp_fee,PAY001416,PSP001416,-31.91,20544.77,20512.86
STM002849,2026-07-22 10:06:00,INR,deposit,deposit_received,PAY001418,PSP001418,31277.31,755827.46,787104.77
STM002850,2026-07-22 10:07:00,INR,deposit,psp_fee,PAY001418,PSP001418,-750.66,787104.77,786354.11
STM002851,2026-07-22 10:30:00,MYR,deposit,deposit_received,PAY001417,PSP001417,1837.64,20512.86,22350.5
STM002852,2026-07-22 10:31:00,MYR,deposit,psp_fee,PAY001417,PSP001417,-44.1,22350.5,22306.4
STM002853,2026-07-22 11:14:00,MYR,deposit,deposit_received,PAY001420,PSP001420,849.3,22306.4,23155.7
STM002854,2026-07-22 11:15:00,MYR,deposit,psp_fee,PAY001420,PSP001420,-20.38,23155.7,23135.32
STM002855,2026-07-22 11:55:00,MYR,payout,payout_sent,PAY001421,PSP001421,-1078.36,23135.32,22056.96
STM002856,2026-07-22 11:56:00,MYR,payout,psp_fee,PAY001421,PSP001421,-25.88,22056.96,22031.08
STM002857,2026-07-22 11:58:00,MYR,deposit,deposit_received,PAY001419,PSP001419,433.61,22031.08,22464.69
STM002858,2026-07-22 11:59:00,MYR,deposit,psp_fee,PAY001419,PSP001419,-10.41,22464.69,22454.28
STM002859,2026-07-22 12:19:00,INR,payout,payout_sent,PAY001422,PSP001422,-1866.99,786354.11,784487.12
STM002860,2026-07-22 12:20:00,INR,payout,psp_fee,PAY001422,PSP001422,-44.81,784487.12,784442.31
STM002861,2026-07-22 12:38:00,INR,deposit,deposit_received,PAY001423,PSP001423,6206.28,784442.31,790648.59
STM002862,2026-07-22 12:39:00,INR,deposit,psp_fee,PAY001423,PSP001423,-148.95,790648.59,790499.64
STM002863,2026-07-22 13:20:00,INR,deposit,deposit_received,PAY001424,PSP001424,47203.4,790499.64,837703.04
STM002864,2026-07-22 13:21:00,INR,deposit,psp_fee,PAY001424,PSP001424,-1132.88,837703.04,836570.16
STM002865,2026-07-22 13:49:00,INR,deposit,deposit_received,PAY001426,PSP001426,41232.44,836570.16,877802.6
STM002866,2026-07-22 13:50:00,INR,deposit,psp_fee,PAY001426,PSP001426,-989.58,877802.6,876813.02
STM002867,2026-07-22 14:55:00,MYR,deposit,deposit_received,PAY001425,PSP001425,590.87,22454.28,23045.15
STM002868,2026-07-22 14:56:00,MYR,deposit,psp_fee,PAY001425,PSP001425,-14.18,23045.15,23030.97
STM002869,2026-07-22 14:58:00,INR,payout,payout_sent,PAY001428,PSP001428,-21191.96,876813.02,855621.06
STM002870,2026-07-22 14:59:00,INR,payout,psp_fee,PAY001428,PSP001428,-508.61,855621.06,855112.45
STM002871,2026-07-22 15:01:00,MYR,deposit,deposit_received,PAY001427,PSP001427,1991.25,23030.97,25022.22
STM002872,2026-07-22 15:02:00,MYR,deposit,psp_fee,PAY001427,PSP001427,-47.79,25022.22,24974.43
STM002873,2026-07-22 15:07:00,INR,deposit,deposit_received,PAY001429,PSP001429,22186.37,855112.45,877298.82
STM002874,2026-07-22 15:08:00,INR,deposit,psp_fee,PAY001429,PSP001429,-532.47,877298.82,876766.35
STM002875,2026-07-22 15:16:00,INR,deposit,deposit_received,PAY001431,PSP001431,28655.67,876766.35,905422.02
STM002876,2026-07-22 15:17:00,INR,deposit,psp_fee,PAY001431,PSP001431,-687.74,905422.02,904734.28
STM002877,2026-07-22 15:22:00,INR,deposit,deposit_received,PAY001430,PSP001430,38456.11,904734.28,943190.39
STM002878,2026-07-22 15:23:00,INR,deposit,psp_fee,PAY001430,PSP001430,-922.95,943190.39,942267.44
STM002879,2026-07-22 16:33:00,MYR,deposit,deposit_received,PAY001433,PSP001433,1026.02,24974.43,26000.45
STM002880,2026-07-22 16:34:00,MYR,deposit,psp_fee,PAY001433,PSP001433,-24.62,26000.45,25975.83
STM002881,2026-07-22 16:54:00,INR,deposit,deposit_received,PAY001435,PSP001435,28064.23,942267.44,970331.67
STM002882,2026-07-22 16:55:00,INR,deposit,psp_fee,PAY001435,PSP001435,-673.54,970331.67,969658.13
STM002883,2026-07-22 17:39:00,MYR,deposit,deposit_received,PAY001432,PSP001432,940.21,25975.83,26916.04
STM002884,2026-07-22 17:40:00,MYR,deposit,psp_fee,PAY001432,PSP001432,-22.57,26916.04,26893.47
STM002885,2026-07-22 17:48:00,INR,deposit,deposit_received,PAY001434,PSP001434,1752.83,969658.13,971410.96
STM002886,2026-07-22 17:49:00,INR,deposit,psp_fee,PAY001434,PSP001434,-42.07,971410.96,971368.89
STM002887,2026-07-22 17:56:00,INR,deposit,deposit_received,PAY001437,PSP001437,18833.42,971368.89,990202.31
STM002888,2026-07-22 17:57:00,INR,deposit,psp_fee,PAY001437,PSP001437,-452.0,990202.31,989750.31
STM002889,2026-07-22 19:31:00,MYR,deposit,deposit_received,PAY001436,PSP001436,837.55,26893.47,27731.02
STM002890,2026-07-22 19:32:00,MYR,deposit,psp_fee,PAY001436,PSP001436,-20.1,27731.02,27710.92
STM002891,2026-07-22 20:46:00,INR,deposit,deposit_received,PAY001438,PSP001438,19370.06,989750.31,1009120.37
STM002892,2026-07-22 20:47:00,INR,deposit,psp_fee,PAY001438,PSP001438,-464.88,1009120.37,1008655.49
STM002893,2026-07-22 21:55:00,MYR,deposit,deposit_received,PAY001441,PSP001441,915.85,27710.92,28626.77
STM002894,2026-07-22 21:56:00,MYR,deposit,psp_fee,PAY001441,PSP001441,-21.98,28626.77,28604.79
STM002895,2026-07-22 22:18:00,MYR,deposit,deposit_received,PAY001439,PSP001439,1718.3,28604.79,30323.09
STM002896,2026-07-22 22:19:00,MYR,deposit,psp_fee,PAY001439,PSP001439,-41.24,30323.09,30281.85
STM002897,2026-07-22 23:37:00,INR,deposit,deposit_received,PAY001440,PSP001440,46891.94,1008655.49,1055547.43
STM002898,2026-07-22 23:38:00,INR,deposit,psp_fee,PAY001440,PSP001440,-1125.41,1055547.43,1054422.02
STM002899,2026-07-22 23:45:00,MYR,deposit,deposit_received,PAY001442,PSP001442,1960.86,30281.85,32242.71
STM002900,2026-07-22 23:46:00,MYR,deposit,psp_fee,PAY001442,PSP001442,-47.06,32242.71,32195.65
STM002901,2026-07-23 10:02:00,MYR,payout,payout_sent,PAY001443,PSP001443,-623.71,32195.65,31571.94
STM002902,2026-07-23 10:03:00,MYR,payout,psp_fee,PAY001443,PSP001443,-14.97,31571.94,31556.97
STM002903,2026-07-23 10:22:00,INR,deposit,deposit_received,PAY001445,PSP001445,21870.96,1054422.02,1076292.98
STM002904,2026-07-23 10:23:00,INR,deposit,psp_fee,PAY001445,PSP001445,-524.9,1076292.98,1075768.08
STM002905,2026-07-23 10:44:00,INR,deposit,deposit_received,PAY001444,PSP001444,48170.46,1075768.08,1123938.54
STM002906,2026-07-23 10:45:00,INR,deposit,psp_fee,PAY001444,PSP001444,-1156.09,1123938.54,1122782.45
STM002907,2026-07-23 12:30:00,INR,deposit,deposit_received,PAY001446,PSP001446,42658.34,1122782.45,1165440.79
STM002908,2026-07-23 12:31:00,INR,deposit,psp_fee,PAY001446,PSP001446,-1023.8,1165440.79,1164416.99
STM002909,2026-07-23 13:06:00,MYR,deposit,deposit_received,PAY001448,PSP001448,943.13,31556.97,32500.1
STM002910,2026-07-23 13:07:00,MYR,deposit,psp_fee,PAY001448,PSP001448,-22.64,32500.1,32477.46
STM002911,2026-07-23 13:13:00,MYR,deposit,deposit_received,PAY001447,PSP001447,859.65,32477.46,33337.11
STM002912,2026-07-23 13:14:00,MYR,deposit,psp_fee,PAY001447,PSP001447,-20.63,33337.11,33316.48
STM002913,2026-07-23 13:36:00,MYR,deposit,deposit_received,PAY001449,PSP001449,435.65,33316.48,33752.13
STM002914,2026-07-23 13:37:00,MYR,deposit,psp_fee,PAY001449,PSP001449,-10.46,33752.13,33741.67
STM002915,2026-07-23 15:10:00,INR,deposit,deposit_received,PAY001450,PSP001450,45067.54,1164416.99,1209484.53
STM002916,2026-07-23 15:11:00,INR,deposit,psp_fee,PAY001450,PSP001450,-1081.62,1209484.53,1208402.91
STM002917,2026-07-23 15:15:00,MYR,deposit,deposit_received,PAY001451,PSP001451,450.62,33741.67,34192.29
STM002918,2026-07-23 15:16:00,MYR,deposit,psp_fee,PAY001451,PSP001451,-10.81,34192.29,34181.48
STM002919,2026-07-23 16:11:00,INR,deposit,deposit_received,PAY001453,PSP001453,27808.81,1208402.91,1236211.72
STM002920,2026-07-23 16:12:00,INR,deposit,psp_fee,PAY001453,PSP001453,-667.41,1236211.72,1235544.31
STM002921,2026-07-23 18:04:00,INR,payout,payout_sent,PAY001452,PSP001452,-8229.35,1235544.31,1227314.96
STM002922,2026-07-23 18:05:00,INR,payout,psp_fee,PAY001452,PSP001452,-197.5,1227314.96,1227117.46
STM002923,2026-07-23 18:28:00,INR,deposit,deposit_received,PAY001456,PSP001456,39202.02,1227117.46,1266319.48
STM002924,2026-07-23 18:29:00,INR,deposit,psp_fee,PAY001456,PSP001456,-940.85,1266319.48,1265378.63
STM002925,2026-07-23 18:48:00,MYR,payout,payout_sent,PAY001454,PSP001454,-274.16,34181.48,33907.32
STM002926,2026-07-23 18:49:00,MYR,payout,psp_fee,PAY001454,PSP001454,-6.58,33907.32,33900.74
STM002927,2026-07-23 19:31:00,MYR,deposit,deposit_received,PAY001457,PSP001457,1740.02,33900.74,35640.76
STM002928,2026-07-23 19:32:00,MYR,deposit,psp_fee,PAY001457,PSP001457,-41.76,35640.76,35599.0
STM002929,2026-07-23 20:30:00,MYR,deposit,deposit_received,PAY001458,PSP001458,1478.58,35599.0,37077.58
STM002930,2026-07-23 20:31:00,INR,deposit,deposit_received,PAY001455,PSP001455,14029.34,1265378.63,1279407.97
STM002931,2026-07-23 20:31:00,MYR,deposit,psp_fee,PAY001458,PSP001458,-35.49,37077.58,37042.09
STM002932,2026-07-23 20:32:00,INR,deposit,psp_fee,PAY001455,PSP001455,-336.7,1279407.97,1279071.27
STM002933,2026-07-23 20:54:00,INR,deposit,deposit_received,PAY001459,PSP001459,1562.57,1279071.27,1280633.84
STM002934,2026-07-23 20:55:00,INR,deposit,psp_fee,PAY001459,PSP001459,-37.5,1280633.84,1280596.34
STM002935,2026-07-23 21:23:00,INR,deposit,deposit_received,PAY001460,PSP001460,10548.85,1280596.34,1291145.19
STM002936,2026-07-23 21:24:00,INR,deposit,psp_fee,PAY001460,PSP001460,-253.17,1291145.19,1290892.02
STM002937,2026-07-23 21:24:00,MYR,deposit,deposit_received,PAY001462,PSP001462,600.79,37042.09,37642.88
STM002938,2026-07-23 21:25:00,MYR,deposit,psp_fee,PAY001462,PSP001462,-14.42,37642.88,37628.46
STM002939,2026-07-23 22:07:00,MYR,deposit,deposit_received,PAY001461,PSP001461,1257.77,37628.46,38886.23
STM002940,2026-07-23 22:08:00,MYR,deposit,psp_fee,PAY001461,PSP001461,-30.19,38886.23,38856.04
STM002941,2026-07-24 08:58:00,INR,payout,payout_sent,PAY001463,PSP001463,-4836.34,1290892.02,1286055.68
STM002942,2026-07-24 08:59:00,INR,payout,psp_fee,PAY001463,PSP001463,-116.07,1286055.68,1285939.61
STM002943,2026-07-24 09:22:00,INR,deposit,deposit_received,PAY001465,PSP001465,45504.65,1285939.61,1331444.26
STM002944,2026-07-24 09:23:00,INR,deposit,psp_fee,PAY001465,PSP001465,-1092.11,1331444.26,1330352.15
STM002945,2026-07-24 10:02:00,MYR,deposit,deposit_received,PAY001464,PSP001464,1268.5,38856.04,40124.54
STM002946,2026-07-24 10:03:00,MYR,deposit,psp_fee,PAY001464,PSP001464,-30.44,40124.54,40094.1
STM002947,2026-07-24 12:02:00,MYR,deposit,deposit_received,PAY001469,PSP001469,1776.39,40094.1,41870.49
STM002948,2026-07-24 12:03:00,MYR,deposit,psp_fee,PAY001469,PSP001469,-42.63,41870.49,41827.86
STM002949,2026-07-24 12:34:00,INR,deposit,deposit_received,PAY001466,PSP001466,23904.25,1330352.15,1354256.4
STM002950,2026-07-24 12:35:00,INR,deposit,psp_fee,PAY001466,PSP001466,-573.7,1354256.4,1353682.7
STM002951,2026-07-24 12:44:00,INR,deposit,deposit_received,PAY001470,PSP001470,45879.82,1353682.7,1399562.52
STM002952,2026-07-24 12:45:00,INR,deposit,psp_fee,PAY001470,PSP001470,-1101.12,1399562.52,1398461.4
STM002953,2026-07-24 12:47:00,INR,deposit,deposit_received,PAY001471,PSP001471,14971.3,1398461.4,1413432.7
STM002954,2026-07-24 12:48:00,INR,deposit,psp_fee,PAY001471,PSP001471,-359.31,1413432.7,1413073.39
STM002955,2026-07-24 13:03:00,MYR,payout,payout_sent,PAY001473,PSP001473,-1288.86,41827.86,40539.0
STM002956,2026-07-24 13:04:00,MYR,payout,psp_fee,PAY001473,PSP001473,-30.93,40539.0,40508.07
STM002957,2026-07-24 13:35:00,INR,deposit,deposit_received,PAY001467,PSP001467,46581.64,1413073.39,1459655.03
STM002958,2026-07-24 13:36:00,INR,deposit,psp_fee,PAY001467,PSP001467,-1117.96,1459655.03,1458537.07
STM002959,2026-07-24 14:22:00,INR,deposit,deposit_received,PAY001468,PSP001468,48529.69,1458537.07,1507066.76
STM002960,2026-07-24 14:23:00,INR,deposit,psp_fee,PAY001468,PSP001468,-1164.71,1507066.76,1505902.05
STM002961,2026-07-24 14:27:00,MYR,deposit,deposit_received,PAY001472,PSP001472,1983.65,40508.07,42491.72
STM002962,2026-07-24 14:27:00,MYR,deposit,deposit_received,PAY001474,PSP001474,1309.33,42491.72,43801.05
STM002963,2026-07-24 14:28:00,MYR,deposit,psp_fee,PAY001472,PSP001472,-47.61,43801.05,43753.44
STM002964,2026-07-24 14:28:00,MYR,deposit,psp_fee,PAY001474,PSP001474,-31.42,43753.44,43722.02
STM002965,2026-07-24 16:37:00,MYR,deposit,deposit_received,PAY001475,PSP001475,109.7,43722.02,43831.72
STM002966,2026-07-24 16:38:00,MYR,deposit,psp_fee,PAY001475,PSP001475,-2.63,43831.72,43829.09
STM002967,2026-07-24 16:42:00,INR,deposit,deposit_received,PAY001477,PSP001477,45274.47,1505902.05,1551176.52
STM002968,2026-07-24 16:43:00,INR,deposit,psp_fee,PAY001477,PSP001477,-1086.59,1551176.52,1550089.93
STM002969,2026-07-24 17:04:00,INR,deposit,deposit_received,PAY001476,PSP001476,6967.17,1550089.93,1557057.1
STM002970,2026-07-24 17:05:00,INR,deposit,psp_fee,PAY001476,PSP001476,-167.21,1557057.1,1556889.89
STM002971,2026-07-24 17:05:00,INR,deposit,deposit_received,PAY001478,PSP001478,34994.38,1556889.89,1591884.27
STM002972,2026-07-24 17:06:00,INR,deposit,psp_fee,PAY001478,PSP001478,-839.87,1591884.27,1591044.4
STM002973,2026-07-24 17:27:00,MYR,deposit,deposit_received,PAY001480,PSP001480,584.83,43829.09,44413.92
STM002974,2026-07-24 17:28:00,MYR,deposit,psp_fee,PAY001480,PSP001480,-14.04,44413.92,44399.88
STM002975,2026-07-24 17:29:00,MYR,deposit,deposit_received,PAY001479,PSP001479,290.71,44399.88,44690.59
STM002976,2026-07-24 17:30:00,MYR,deposit,psp_fee,PAY001479,PSP001479,-6.98,44690.59,44683.61
STM002977,2026-07-24 19:10:00,MYR,deposit,deposit_received,PAY001481,PSP001481,1616.79,44683.61,46300.4
STM002978,2026-07-24 19:11:00,MYR,deposit,psp_fee,PAY001481,PSP001481,-38.8,46300.4,46261.6
STM002979,2026-07-24 19:12:00,INR,payout,payout_sent,PAY001482,PSP001482,-20492.05,1591044.4,1570552.35
STM002980,2026-07-24 19:13:00,INR,payout,psp_fee,PAY001482,PSP001482,-491.81,1570552.35,1570060.54
STM002981,2026-07-24 20:01:00,INR,payout,payout_sent,PAY001483,PSP001483,-4596.97,1570060.54,1565463.57
STM002982,2026-07-24 20:02:00,INR,payout,psp_fee,PAY001483,PSP001483,-110.33,1565463.57,1565353.24
STM002983,2026-07-24 20:55:00,INR,deposit,deposit_received,PAY001484,PSP001484,36293.8,1565353.24,1601647.04
STM002984,2026-07-24 20:56:00,INR,deposit,psp_fee,PAY001484,PSP001484,-871.05,1601647.04,1600775.99
STM002985,2026-07-25 09:09:00,INR,deposit,deposit_received,PAY001486,PSP001486,35355.31,1600775.99,1636131.3
STM002986,2026-07-25 09:10:00,INR,deposit,psp_fee,PAY001486,PSP001486,-848.53,1636131.3,1635282.77
STM002987,2026-07-25 09:40:00,INR,deposit,deposit_received,PAY001485,PSP001485,31734.64,1635282.77,1667017.41
STM002988,2026-07-25 09:41:00,INR,deposit,psp_fee,PAY001485,PSP001485,-761.63,1667017.41,1666255.78
STM002989,2026-07-25 10:52:00,INR,payout,payout_sent,PAY001489,PSP001489,-18133.85,1666255.78,1648121.93
STM002990,2026-07-25 10:53:00,INR,payout,psp_fee,PAY001489,PSP001489,-435.21,1648121.93,1647686.72
STM002991,2026-07-25 10:58:00,INR,deposit,deposit_received,PAY001490,PSP001490,22404.56,1647686.72,1670091.28
STM002992,2026-07-25 10:59:00,INR,deposit,psp_fee,PAY001490,PSP001490,-537.71,1670091.28,1669553.57
STM002993,2026-07-25 11:25:00,INR,deposit,deposit_received,PAY001488,PSP001488,19651.6,1669553.57,1689205.17
STM002994,2026-07-25 11:26:00,INR,deposit,psp_fee,PAY001488,PSP001488,-471.64,1689205.17,1688733.53
STM002995,2026-07-25 11:40:00,INR,deposit,deposit_received,PAY001487,PSP001487,690.14,1688733.53,1689423.67
STM002996,2026-07-25 11:41:00,INR,deposit,psp_fee,PAY001487,PSP001487,-16.56,1689423.67,1689407.11
STM002997,2026-07-25 11:47:00,INR,deposit,deposit_received,PAY001492,PSP001492,9815.83,1689407.11,1699222.94
STM002998,2026-07-25 11:48:00,INR,deposit,psp_fee,PAY001492,PSP001492,-235.58,1699222.94,1698987.36
STM002999,2026-07-25 12:22:00,MYR,deposit,deposit_received,PAY001494,PSP001494,1654.2,46261.6,47915.8
STM003000,2026-07-25 12:23:00,MYR,deposit,psp_fee,PAY001494,PSP001494,-39.7,47915.8,47876.1
STM003001,2026-07-25 12:32:00,INR,deposit,deposit_received,PAY001495,PSP001495,14431.73,1698987.36,1713419.09
STM003002,2026-07-25 12:33:00,INR,deposit,deposit_received,PAY001491,PSP001491,13531.45,1713419.09,1726950.54
STM003003,2026-07-25 12:33:00,INR,deposit,psp_fee,PAY001495,PSP001495,-346.36,1726950.54,1726604.18
STM003004,2026-07-25 12:34:00,INR,deposit,psp_fee,PAY001491,PSP001491,-324.75,1726604.18,1726279.43
STM003005,2026-07-25 12:37:00,INR,deposit,deposit_received,PAY001493,PSP001493,30276.92,1726279.43,1756556.35
STM003006,2026-07-25 12:38:00,INR,deposit,psp_fee,PAY001493,PSP001493,-726.65,1756556.35,1755829.7
STM003007,2026-07-25 12:58:00,INR,deposit,deposit_received,PAY001496,PSP001496,45183.33,1755829.7,1801013.03
STM003008,2026-07-25 12:59:00,INR,deposit,psp_fee,PAY001496,PSP001496,-1084.4,1801013.03,1799928.63
STM003009,2026-07-25 14:15:00,MYR,deposit,deposit_received,PAY001502,PSP001502,920.79,47876.1,48796.89
STM003010,2026-07-25 14:16:00,MYR,deposit,psp_fee,PAY001502,PSP001502,-22.1,48796.89,48774.79
STM003011,2026-07-25 14:18:00,MYR,deposit,deposit_received,PAY001500,PSP001500,647.55,48774.79,49422.34
STM003012,2026-07-25 14:19:00,MYR,deposit,psp_fee,PAY001500,PSP001500,-15.54,49422.34,49406.8
STM003013,2026-07-25 14:21:00,INR,deposit,deposit_received,PAY001505,PSP001505,11241.19,1799928.63,1811169.82
STM003014,2026-07-25 14:22:00,INR,deposit,psp_fee,PAY001505,PSP001505,-269.79,1811169.82,1810900.03
STM003015,2026-07-25 15:06:00,INR,deposit,deposit_received,PAY001499,PSP001499,22813.95,1810900.03,1833713.98
STM003016,2026-07-25 15:07:00,INR,deposit,psp_fee,PAY001499,PSP001499,-547.53,1833713.98,1833166.45
STM003017,2026-07-25 15:15:00,MYR,deposit,deposit_received,PAY001503,PSP001503,1750.52,49406.8,51157.32
STM003018,2026-07-25 15:16:00,MYR,deposit,psp_fee,PAY001503,PSP001503,-42.01,51157.32,51115.31
STM003019,2026-07-25 15:26:00,INR,payout,payout_sent,PAY001507,PSP001507,-7615.69,1833166.45,1825550.76
STM003020,2026-07-25 15:27:00,INR,payout,psp_fee,PAY001507,PSP001507,-182.78,1825550.76,1825367.98
STM003021,2026-07-25 15:32:00,INR,deposit,deposit_received,PAY001501,PSP001501,20781.75,1825367.98,1846149.73
STM003022,2026-07-25 15:33:00,INR,deposit,psp_fee,PAY001501,PSP001501,-498.76,1846149.73,1845650.97
STM003023,2026-07-25 15:38:00,MYR,deposit,deposit_received,PAY001498,PSP001498,1405.21,51115.31,52520.52
STM003024,2026-07-25 15:39:00,MYR,deposit,psp_fee,PAY001498,PSP001498,-33.73,52520.52,52486.79
STM003025,2026-07-25 15:53:00,MYR,deposit,deposit_received,PAY001497,PSP001497,53.64,52486.79,52540.43
STM003026,2026-07-25 15:54:00,MYR,deposit,psp_fee,PAY001497,PSP001497,-1.29,52540.43,52539.14
STM003027,2026-07-25 16:15:00,MYR,deposit,deposit_received,PAY001510,PSP001510,1888.38,52539.14,54427.52
STM003028,2026-07-25 16:16:00,MYR,deposit,psp_fee,PAY001510,PSP001510,-45.32,54427.52,54382.2
STM003029,2026-07-25 16:25:00,MYR,payout,payout_sent,PAY001506,PSP001506,-295.06,54382.2,54087.14
STM003030,2026-07-25 16:26:00,MYR,payout,psp_fee,PAY001506,PSP001506,-7.08,54087.14,54080.06
STM003031,2026-07-25 16:50:00,INR,payout,payout_sent,PAY001504,PSP001504,-11443.91,1845650.97,1834207.06
STM003032,2026-07-25 16:51:00,INR,payout,psp_fee,PAY001504,PSP001504,-274.65,1834207.06,1833932.41
STM003033,2026-07-25 16:54:00,MYR,deposit,deposit_received,PAY001509,PSP001509,1907.31,54080.06,55987.37
STM003034,2026-07-25 16:55:00,MYR,deposit,psp_fee,PAY001509,PSP001509,-45.78,55987.37,55941.59
STM003035,2026-07-25 17:25:00,MYR,deposit,deposit_received,PAY001513,PSP001513,1620.03,55941.59,57561.62
STM003036,2026-07-25 17:26:00,MYR,deposit,psp_fee,PAY001513,PSP001513,-38.88,57561.62,57522.74
STM003037,2026-07-25 17:31:00,MYR,deposit,deposit_received,PAY001508,PSP001508,990.06,57522.74,58512.8
STM003038,2026-07-25 17:32:00,MYR,deposit,psp_fee,PAY001508,PSP001508,-23.76,58512.8,58489.04
STM003039,2026-07-25 17:36:00,MYR,deposit,deposit_received,PAY001511,PSP001511,1274.07,58489.04,59763.11
STM003040,2026-07-25 17:37:00,MYR,deposit,psp_fee,PAY001511,PSP001511,-30.58,59763.11,59732.53
STM003041,2026-07-25 18:11:00,MYR,deposit,deposit_received,PAY001514,PSP001514,758.92,59732.53,60491.45
STM003042,2026-07-25 18:12:00,MYR,deposit,psp_fee,PAY001514,PSP001514,-18.21,60491.45,60473.24
STM003043,2026-07-25 19:17:00,MYR,payout,payout_sent,PAY001512,PSP001512,-822.62,60473.24,59650.62
STM003044,2026-07-25 19:18:00,MYR,payout,psp_fee,PAY001512,PSP001512,-19.74,59650.62,59630.88
STM003045,2026-07-25 19:46:00,MYR,deposit,deposit_received,PAY001515,PSP001515,1278.73,59630.88,60909.61
STM003046,2026-07-25 19:47:00,MYR,deposit,psp_fee,PAY001515,PSP001515,-30.69,60909.61,60878.92
STM003047,2026-07-25 20:40:00,MYR,deposit,deposit_received,PAY001516,PSP001516,1593.82,60878.92,62472.74
STM003048,2026-07-25 20:41:00,MYR,deposit,psp_fee,PAY001516,PSP001516,-38.25,62472.74,62434.49
STM003049,2026-07-25 20:56:00,INR,deposit,deposit_received,PAY001517,PSP001517,48571.22,1833932.41,1882503.63
STM003050,2026-07-25 20:57:00,INR,deposit,psp_fee,PAY001517,PSP001517,-1165.71,1882503.63,1881337.92
STM003051,2026-07-25 21:18:00,INR,deposit,deposit_received,PAY001519,PSP001519,19515.1,1881337.92,1900853.02
STM003052,2026-07-25 21:19:00,INR,deposit,psp_fee,PAY001519,PSP001519,-468.36,1900853.02,1900384.66
STM003053,2026-07-25 21:55:00,MYR,deposit,deposit_received,PAY001520,PSP001520,941.5,62434.49,63375.99
STM003054,2026-07-25 21:56:00,MYR,deposit,psp_fee,PAY001520,PSP001520,-22.6,63375.99,63353.39
STM003055,2026-07-25 22:11:00,INR,deposit,deposit_received,PAY001518,PSP001518,24685.1,1900384.66,1925069.76
STM003056,2026-07-25 22:12:00,INR,deposit,psp_fee,PAY001518,PSP001518,-592.44,1925069.76,1924477.32
STM003057,2026-07-26 09:37:00,MYR,deposit,deposit_received,PAY001521,PSP001521,1588.82,63353.39,64942.21
STM003058,2026-07-26 09:38:00,MYR,deposit,psp_fee,PAY001521,PSP001521,-38.13,64942.21,64904.08
STM003059,2026-07-26 09:56:00,INR,deposit,deposit_received,PAY001522,PSP001522,23950.47,1924477.32,1948427.79
STM003060,2026-07-26 09:57:00,INR,deposit,psp_fee,PAY001522,PSP001522,-574.81,1948427.79,1947852.98
STM003061,2026-07-26 11:37:00,INR,deposit,deposit_received,PAY001525,PSP001525,36907.0,1947852.98,1984759.98
STM003062,2026-07-26 11:38:00,INR,deposit,psp_fee,PAY001525,PSP001525,-885.77,1984759.98,1983874.21
STM003063,2026-07-26 11:51:00,INR,deposit,deposit_received,PAY001523,PSP001523,28312.96,1983874.21,2012187.17
STM003064,2026-07-26 11:52:00,INR,deposit,psp_fee,PAY001523,PSP001523,-679.51,2012187.17,2011507.66
STM003065,2026-07-26 12:42:00,MYR,deposit,deposit_received,PAY001526,PSP001526,863.29,64904.08,65767.37
STM003066,2026-07-26 12:43:00,MYR,deposit,psp_fee,PAY001526,PSP001526,-20.72,65767.37,65746.65
STM003067,2026-07-26 13:24:00,MYR,deposit,deposit_received,PAY001528,PSP001528,1558.32,65746.65,67304.97
STM003068,2026-07-26 13:25:00,MYR,deposit,psp_fee,PAY001528,PSP001528,-37.4,67304.97,67267.57
STM003069,2026-07-26 13:31:00,MYR,deposit,deposit_received,PAY001524,PSP001524,424.11,67267.57,67691.68
STM003070,2026-07-26 13:32:00,MYR,deposit,psp_fee,PAY001524,PSP001524,-10.18,67691.68,67681.5
STM003071,2026-07-26 13:52:00,MYR,payout,payout_sent,PAY001529,PSP001529,-1003.95,67681.5,66677.55
STM003072,2026-07-26 13:53:00,MYR,payout,psp_fee,PAY001529,PSP001529,-24.09,66677.55,66653.46
STM003073,2026-07-26 14:16:00,INR,deposit,deposit_received,PAY001531,PSP001531,47827.23,2011507.66,2059334.89
STM003074,2026-07-26 14:17:00,INR,deposit,psp_fee,PAY001531,PSP001531,-1147.85,2059334.89,2058187.04
STM003075,2026-07-26 15:25:00,MYR,payout,payout_sent,PAY001530,PSP001530,-937.56,66653.46,65715.9
STM003076,2026-07-26 15:26:00,MYR,payout,psp_fee,PAY001530,PSP001530,-22.5,65715.9,65693.4
STM003077,2026-07-26 15:31:00,MYR,deposit,deposit_received,PAY001527,PSP001527,79.81,65693.4,65773.21
STM003078,2026-07-26 15:32:00,MYR,deposit,psp_fee,PAY001527,PSP001527,-1.92,65773.21,65771.29
STM003079,2026-07-26 15:38:00,INR,deposit,deposit_received,PAY001535,PSP001535,25085.49,2058187.04,2083272.53
STM003080,2026-07-26 15:39:00,INR,deposit,psp_fee,PAY001535,PSP001535,-602.05,2083272.53,2082670.48
STM003081,2026-07-26 16:15:00,MYR,payout,payout_sent,PAY001532,PSP001532,-223.14,65771.29,65548.15
STM003082,2026-07-26 16:16:00,MYR,payout,psp_fee,PAY001532,PSP001532,-5.36,65548.15,65542.79
STM003083,2026-07-26 16:16:00,INR,payout,payout_sent,PAY001533,PSP001533,-10564.6,2082670.48,2072105.88
STM003084,2026-07-26 16:17:00,INR,payout,psp_fee,PAY001533,PSP001533,-253.55,2072105.88,2071852.33
STM003085,2026-07-26 17:30:00,INR,deposit,deposit_received,PAY001536,PSP001536,47036.08,2071852.33,2118888.41
STM003086,2026-07-26 17:31:00,INR,deposit,psp_fee,PAY001536,PSP001536,-1128.87,2118888.41,2117759.54
STM003087,2026-07-26 17:41:00,INR,deposit,deposit_received,PAY001534,PSP001534,28498.04,2117759.54,2146257.58
STM003088,2026-07-26 17:42:00,INR,deposit,psp_fee,PAY001534,PSP001534,-683.95,2146257.58,2145573.63
STM003089,2026-07-26 18:02:00,MYR,deposit,deposit_received,PAY001537,PSP001537,189.88,65542.79,65732.67
STM003090,2026-07-26 18:03:00,MYR,deposit,psp_fee,PAY001537,PSP001537,-4.56,65732.67,65728.11
STM003091,2026-07-26 19:09:00,MYR,deposit,deposit_received,PAY001539,PSP001539,1651.01,65728.11,67379.12
STM003092,2026-07-26 19:10:00,MYR,deposit,psp_fee,PAY001539,PSP001539,-39.62,67379.12,67339.5
STM003093,2026-07-26 19:37:00,INR,deposit,deposit_received,PAY001540,PSP001540,11756.11,2145573.63,2157329.74
STM003094,2026-07-26 19:38:00,INR,deposit,psp_fee,PAY001540,PSP001540,-282.15,2157329.74,2157047.59
STM003095,2026-07-26 19:46:00,INR,deposit,deposit_received,PAY001541,PSP001541,24195.31,2157047.59,2181242.9
STM003096,2026-07-26 19:47:00,INR,deposit,psp_fee,PAY001541,PSP001541,-580.69,2181242.9,2180662.21
STM003097,2026-07-26 19:54:00,INR,payout,payout_sent,PAY001538,PSP001538,-2372.37,2180662.21,2178289.84
STM003098,2026-07-26 19:55:00,INR,payout,psp_fee,PAY001538,PSP001538,-56.94,2178289.84,2178232.9
STM003099,2026-07-26 21:04:00,MYR,deposit,deposit_received,PAY001544,PSP001544,424.25,67339.5,67763.75
STM003100,2026-07-26 21:05:00,MYR,deposit,psp_fee,PAY001544,PSP001544,-10.18,67763.75,67753.57
STM003101,2026-07-26 21:07:00,INR,deposit,deposit_received,PAY001542,PSP001542,25278.9,2178232.9,2203511.8
STM003102,2026-07-26 21:08:00,INR,deposit,psp_fee,PAY001542,PSP001542,-606.69,2203511.8,2202905.11
STM003103,2026-07-26 22:57:00,MYR,deposit,deposit_received,PAY001543,PSP001543,999.69,67753.57,68753.26
STM003104,2026-07-26 22:58:00,MYR,deposit,psp_fee,PAY001543,PSP001543,-23.99,68753.26,68729.27
STM003105,2026-07-27 07:00:00,INR,settlement,settlement,SET20260727_INR,,-2025909.19,2202905.11,176995.92
STM003106,2026-07-27 07:00:00,MYR,settlement,settlement,SET20260727_MYR,,-59708.34,68729.27,9020.93
STM003107,2026-07-27 08:49:00,INR,deposit,deposit_received,PAY001545,PSP001545,17794.39,176995.92,194790.31
STM003108,2026-07-27 08:50:00,INR,deposit,psp_fee,PAY001545,PSP001545,-427.07,194790.31,194363.24
STM003109,2026-07-27 09:29:00,MYR,deposit,deposit_received,PAY001546,PSP001546,812.45,9020.93,9833.38
STM003110,2026-07-27 09:30:00,MYR,deposit,psp_fee,PAY001546,PSP001546,-19.5,9833.38,9813.88
STM003111,2026-07-27 10:48:00,MYR,deposit,deposit_received,PAY001548,PSP001548,1515.72,9813.88,11329.6
STM003112,2026-07-27 10:49:00,MYR,deposit,psp_fee,PAY001548,PSP001548,-36.38,11329.6,11293.22
STM003113,2026-07-27 10:58:00,INR,deposit,deposit_received,PAY001547,PSP001547,13649.51,194363.24,208012.75
STM003114,2026-07-27 10:59:00,INR,deposit,psp_fee,PAY001547,PSP001547,-327.59,208012.75,207685.16
STM003115,2026-07-27 11:36:00,MYR,deposit,deposit_received,PAY001550,PSP001550,1546.93,11293.22,12840.15
STM003116,2026-07-27 11:37:00,MYR,deposit,psp_fee,PAY001550,PSP001550,-37.13,12840.15,12803.02
STM003117,2026-07-27 12:03:00,INR,deposit,deposit_received,PAY001551,PSP001551,37269.26,207685.16,244954.42
STM003118,2026-07-27 12:04:00,INR,deposit,psp_fee,PAY001551,PSP001551,-894.46,244954.42,244059.96
STM003119,2026-07-27 13:12:00,INR,deposit,deposit_received,PAY001549,PSP001549,19935.31,244059.96,263995.27
STM003120,2026-07-27 13:13:00,INR,deposit,psp_fee,PAY001549,PSP001549,-478.45,263995.27,263516.82
STM003121,2026-07-27 14:01:00,MYR,payout,payout_sent,PAY001552,PSP001552,-1171.52,12803.02,11631.5
STM003122,2026-07-27 14:01:00,MYR,deposit,deposit_received,PAY001553,PSP001553,1146.69,11631.5,12778.19
STM003123,2026-07-27 14:02:00,MYR,payout,psp_fee,PAY001552,PSP001552,-28.12,12778.19,12750.07
STM003124,2026-07-27 14:02:00,MYR,deposit,psp_fee,PAY001553,PSP001553,-27.52,12750.07,12722.55
STM003125,2026-07-27 14:28:00,INR,payout,payout_sent,PAY001557,PSP001557,-22472.42,263516.82,241044.4
STM003126,2026-07-27 14:29:00,INR,payout,psp_fee,PAY001557,PSP001557,-539.34,241044.4,240505.06
STM003127,2026-07-27 14:52:00,INR,deposit,deposit_received,PAY001554,PSP001554,41564.57,240505.06,282069.63
STM003128,2026-07-27 14:53:00,INR,deposit,psp_fee,PAY001554,PSP001554,-997.55,282069.63,281072.08
STM003129,2026-07-27 15:18:00,INR,deposit,deposit_received,PAY001556,PSP001556,28261.08,281072.08,309333.16
STM003130,2026-07-27 15:19:00,INR,deposit,psp_fee,PAY001556,PSP001556,-678.27,309333.16,308654.89
STM003131,2026-07-27 15:47:00,MYR,deposit,deposit_received,PAY001555,PSP001555,1448.34,12722.55,14170.89
STM003132,2026-07-27 15:48:00,MYR,deposit,psp_fee,PAY001555,PSP001555,-34.76,14170.89,14136.13
STM003133,2026-07-27 15:49:00,INR,payout,payout_sent,PAY001558,PSP001558,-23665.17,308654.89,284989.72
STM003134,2026-07-27 15:50:00,INR,payout,psp_fee,PAY001558,PSP001558,-567.96,284989.72,284421.76
STM003135,2026-07-27 16:21:00,INR,payout,payout_sent,PAY001563,PSP001563,-5129.41,284421.76,279292.35
STM003136,2026-07-27 16:22:00,INR,payout,psp_fee,PAY001563,PSP001563,-123.11,279292.35,279169.24
STM003137,2026-07-27 16:39:00,MYR,deposit,deposit_received,PAY001559,PSP001559,221.55,14136.13,14357.68
STM003138,2026-07-27 16:40:00,MYR,deposit,psp_fee,PAY001559,PSP001559,-5.32,14357.68,14352.36
STM003139,2026-07-27 16:51:00,MYR,deposit,deposit_received,PAY001567,PSP001567,1166.22,14352.36,15518.58
STM003140,2026-07-27 16:52:00,MYR,deposit,psp_fee,PAY001567,PSP001567,-27.99,15518.58,15490.59
STM003141,2026-07-27 16:53:00,INR,deposit,deposit_received,PAY001565,PSP001565,3632.55,279169.24,282801.79
STM003142,2026-07-27 16:54:00,INR,deposit,deposit_received,PAY001560,PSP001560,4266.93,282801.79,287068.72
STM003143,2026-07-27 16:54:00,INR,deposit,psp_fee,PAY001565,PSP001565,-87.18,287068.72,286981.54
STM003144,2026-07-27 16:55:00,INR,deposit,psp_fee,PAY001560,PSP001560,-102.41,286981.54,286879.13
STM003145,2026-07-27 17:01:00,INR,deposit,deposit_received,PAY001561,PSP001561,44976.82,286879.13,331855.95
STM003146,2026-07-27 17:02:00,INR,deposit,psp_fee,PAY001561,PSP001561,-1079.44,331855.95,330776.51
STM003147,2026-07-27 17:21:00,INR,deposit,deposit_received,PAY001564,PSP001564,34898.47,330776.51,365674.98
STM003148,2026-07-27 17:22:00,INR,deposit,psp_fee,PAY001564,PSP001564,-837.56,365674.98,364837.42
STM003149,2026-07-27 18:28:00,MYR,payout,payout_sent,PAY001562,PSP001562,-196.57,15490.59,15294.02
STM003150,2026-07-27 18:29:00,MYR,payout,psp_fee,PAY001562,PSP001562,-4.72,15294.02,15289.3
STM003151,2026-07-27 18:30:00,MYR,deposit,deposit_received,PAY001569,PSP001569,1927.48,15289.3,17216.78
STM003152,2026-07-27 18:31:00,MYR,deposit,psp_fee,PAY001569,PSP001569,-46.26,17216.78,17170.52
STM003153,2026-07-27 18:35:00,INR,deposit,deposit_received,PAY001566,PSP001566,1979.96,364837.42,366817.38
STM003154,2026-07-27 18:36:00,INR,deposit,psp_fee,PAY001566,PSP001566,-47.52,366817.38,366769.86
STM003155,2026-07-27 19:30:00,INR,deposit,deposit_received,PAY001568,PSP001568,35640.14,366769.86,402410.0
STM003156,2026-07-27 19:31:00,INR,deposit,psp_fee,PAY001568,PSP001568,-855.36,402410.0,401554.64
STM003157,2026-07-27 20:09:00,MYR,payout,payout_sent,PAY001570,PSP001570,-1154.71,17170.52,16015.81
STM003158,2026-07-27 20:10:00,MYR,payout,psp_fee,PAY001570,PSP001570,-27.71,16015.81,15988.1
STM003159,2026-07-27 20:26:00,MYR,deposit,deposit_received,PAY001571,PSP001571,594.44,15988.1,16582.54
STM003160,2026-07-27 20:27:00,MYR,deposit,psp_fee,PAY001571,PSP001571,-14.27,16582.54,16568.27
STM003161,2026-07-28 12:09:00,MYR,deposit,deposit_received,PAY001572,PSP001572,1102.84,16568.27,17671.11
STM003162,2026-07-28 12:10:00,MYR,deposit,psp_fee,PAY001572,PSP001572,-26.47,17671.11,17644.64
STM003163,2026-07-28 13:09:00,MYR,deposit,deposit_received,PAY001574,PSP001574,763.06,17644.64,18407.7
STM003164,2026-07-28 13:10:00,MYR,deposit,psp_fee,PAY001574,PSP001574,-18.31,18407.7,18389.39
STM003165,2026-07-28 13:57:00,MYR,deposit,deposit_received,PAY001575,PSP001575,1361.15,18389.39,19750.54
STM003166,2026-07-28 13:58:00,MYR,deposit,psp_fee,PAY001575,PSP001575,-32.67,19750.54,19717.87
STM003167,2026-07-28 14:18:00,MYR,deposit,deposit_received,PAY001573,PSP001573,317.02,19717.87,20034.89
STM003168,2026-07-28 14:19:00,MYR,deposit,psp_fee,PAY001573,PSP001573,-7.61,20034.89,20027.28
STM003169,2026-07-28 15:32:00,INR,deposit,deposit_received,PAY001579,PSP001579,7406.3,401554.64,408960.94
STM003170,2026-07-28 15:33:00,INR,deposit,psp_fee,PAY001579,PSP001579,-177.75,408960.94,408783.19
STM003171,2026-07-28 15:45:00,MYR,deposit,deposit_received,PAY001576,PSP001576,1773.0,20027.28,21800.28
STM003172,2026-07-28 15:46:00,MYR,deposit,psp_fee,PAY001576,PSP001576,-42.55,21800.28,21757.73
STM003173,2026-07-28 16:52:00,INR,deposit,deposit_received,PAY001578,PSP001578,30140.23,408783.19,438923.42
STM003174,2026-07-28 16:53:00,INR,deposit,psp_fee,PAY001578,PSP001578,-723.37,438923.42,438200.05
STM003175,2026-07-28 17:00:00,MYR,deposit,deposit_received,PAY001580,PSP001580,1765.02,21757.73,23522.75
STM003176,2026-07-28 17:01:00,MYR,deposit,psp_fee,PAY001580,PSP001580,-42.36,23522.75,23480.39
STM003177,2026-07-28 17:24:00,MYR,deposit,deposit_received,PAY001577,PSP001577,1514.8,23480.39,24995.19
STM003178,2026-07-28 17:25:00,MYR,deposit,psp_fee,PAY001577,PSP001577,-36.36,24995.19,24958.83
STM003179,2026-07-28 17:28:00,INR,deposit,deposit_received,PAY001582,PSP001582,24714.41,438200.05,462914.46
STM003180,2026-07-28 17:29:00,INR,deposit,psp_fee,PAY001582,PSP001582,-593.15,462914.46,462321.31
STM003181,2026-07-28 17:36:00,INR,deposit,deposit_received,PAY001581,PSP001581,700.0,462321.31,463021.31
STM003182,2026-07-28 17:37:00,INR,deposit,psp_fee,PAY001581,PSP001581,-16.8,463021.31,463004.51
STM003183,2026-07-28 18:48:00,MYR,deposit,deposit_received,PAY001583,PSP001583,1060.55,24958.83,26019.38
STM003184,2026-07-28 18:49:00,MYR,deposit,psp_fee,PAY001583,PSP001583,-25.45,26019.38,25993.93
STM003185,2026-07-28 19:58:00,INR,payout,payout_sent,PAY001585,PSP001585,-18383.45,463004.51,444621.06
STM003186,2026-07-28 19:59:00,INR,payout,psp_fee,PAY001585,PSP001585,-441.2,444621.06,444179.86
STM003187,2026-07-28 20:11:00,MYR,deposit,deposit_received,PAY001584,PSP001584,474.86,25993.93,26468.79
STM003188,2026-07-28 20:12:00,MYR,deposit,psp_fee,PAY001584,PSP001584,-11.4,26468.79,26457.39
STM003189,2026-07-28 20:25:00,MYR,payout,payout_sent,PAY001587,PSP001587,-733.47,26457.39,25723.92
STM003190,2026-07-28 20:26:00,MYR,payout,psp_fee,PAY001587,PSP001587,-17.6,25723.92,25706.32
STM003191,2026-07-28 20:40:00,INR,deposit,deposit_received,PAY001586,PSP001586,34899.4,444179.86,479079.26
STM003192,2026-07-28 20:41:00,INR,deposit,psp_fee,PAY001586,PSP001586,-837.59,479079.26,478241.67
STM003193,2026-07-28 21:44:00,INR,deposit,deposit_received,PAY001588,PSP001588,15141.31,478241.67,493382.98
STM003194,2026-07-28 21:45:00,INR,deposit,psp_fee,PAY001588,PSP001588,-363.39,493382.98,493019.59
STM003195,2026-07-28 22:51:00,INR,deposit,deposit_received,PAY001589,PSP001589,47575.13,493019.59,540594.72
STM003196,2026-07-28 22:52:00,INR,deposit,psp_fee,PAY001589,PSP001589,-1141.8,540594.72,539452.92
STM003197,2026-07-29 08:47:00,MYR,payout,payout_sent,PAY001592,PSP001592,-449.4,25706.32,25256.92
STM003198,2026-07-29 08:48:00,MYR,payout,psp_fee,PAY001592,PSP001592,-10.79,25256.92,25246.13
STM003199,2026-07-29 09:09:00,MYR,deposit,deposit_received,PAY001593,PSP001593,1513.25,25246.13,26759.38
STM003200,2026-07-29 09:10:00,MYR,deposit,psp_fee,PAY001593,PSP001593,-36.32,26759.38,26723.06
STM003201,2026-07-29 10:05:00,MYR,deposit,deposit_received,PAY001590,PSP001590,706.04,26723.06,27429.1
STM003202,2026-07-29 10:06:00,MYR,deposit,psp_fee,PAY001590,PSP001590,-16.94,27429.1,27412.16
STM003203,2026-07-29 10:34:00,MYR,deposit,deposit_received,PAY001594,PSP001594,1989.44,27412.16,29401.6
STM003204,2026-07-29 10:35:00,MYR,deposit,psp_fee,PAY001594,PSP001594,-47.75,29401.6,29353.85
STM003205,2026-07-29 11:03:00,MYR,deposit,deposit_received,PAY001591,PSP001591,1281.38,29353.85,30635.23
STM003206,2026-07-29 11:04:00,MYR,deposit,psp_fee,PAY001591,PSP001591,-30.75,30635.23,30604.48
STM003207,2026-07-29 11:18:00,MYR,deposit,deposit_received,PAY001595,PSP001595,965.5,30604.48,31569.98
STM003208,2026-07-29 11:19:00,MYR,deposit,psp_fee,PAY001595,PSP001595,-23.17,31569.98,31546.81
STM003209,2026-07-29 11:51:00,INR,payout,payout_sent,PAY001596,PSP001596,-11966.18,539452.92,527486.74
STM003210,2026-07-29 11:52:00,INR,payout,psp_fee,PAY001596,PSP001596,-287.19,527486.74,527199.55
STM003211,2026-07-29 12:23:00,MYR,deposit,deposit_received,PAY001597,PSP001597,1118.67,31546.81,32665.48
STM003212,2026-07-29 12:24:00,MYR,deposit,psp_fee,PAY001597,PSP001597,-26.85,32665.48,32638.63
STM003213,2026-07-29 12:37:00,INR,deposit,deposit_received,PAY001599,PSP001599,3920.43,527199.55,531119.98
STM003214,2026-07-29 12:38:00,INR,deposit,psp_fee,PAY001599,PSP001599,-94.09,531119.98,531025.89
STM003215,2026-07-29 14:09:00,MYR,payout,payout_sent,PAY001600,PSP001600,-1059.53,32638.63,31579.1
STM003216,2026-07-29 14:10:00,MYR,payout,psp_fee,PAY001600,PSP001600,-25.43,31579.1,31553.67
STM003217,2026-07-29 14:34:00,MYR,payout,payout_sent,PAY001598,PSP001598,-794.06,31553.67,30759.61
STM003218,2026-07-29 14:35:00,MYR,payout,psp_fee,PAY001598,PSP001598,-19.06,30759.61,30740.55
STM003219,2026-07-29 15:07:00,MYR,deposit,deposit_received,PAY001603,PSP001603,1938.07,30740.55,32678.62
STM003220,2026-07-29 15:08:00,MYR,deposit,psp_fee,PAY001603,PSP001603,-46.51,32678.62,32632.11
STM003221,2026-07-29 16:01:00,INR,deposit,deposit_received,PAY001601,PSP001601,35061.72,531025.89,566087.61
STM003222,2026-07-29 16:02:00,INR,deposit,psp_fee,PAY001601,PSP001601,-841.48,566087.61,565246.13
STM003223,2026-07-29 17:01:00,MYR,payout,payout_sent,PAY001602,PSP001602,-94.05,32632.11,32538.06
STM003224,2026-07-29 17:02:00,MYR,payout,psp_fee,PAY001602,PSP001602,-2.26,32538.06,32535.8
STM003225,2026-07-29 17:22:00,INR,deposit,deposit_received,PAY001605,PSP001605,15462.69,565246.13,580708.82
STM003226,2026-07-29 17:23:00,INR,deposit,psp_fee,PAY001605,PSP001605,-371.1,580708.82,580337.72
STM003227,2026-07-29 17:35:00,MYR,deposit,deposit_received,PAY001606,PSP001606,1622.58,32535.8,34158.38
STM003228,2026-07-29 17:36:00,MYR,deposit,psp_fee,PAY001606,PSP001606,-38.94,34158.38,34119.44
STM003229,2026-07-29 19:05:00,MYR,deposit,deposit_received,PAY001604,PSP001604,792.99,34119.44,34912.43
STM003230,2026-07-29 19:06:00,MYR,deposit,psp_fee,PAY001604,PSP001604,-19.03,34912.43,34893.4
STM003231,2026-07-29 19:26:00,INR,deposit,deposit_received,PAY001607,PSP001607,1672.07,580337.72,582009.79
STM003232,2026-07-29 19:27:00,INR,deposit,psp_fee,PAY001607,PSP001607,-40.13,582009.79,581969.66
STM003233,2026-07-29 20:07:00,MYR,payout,payout_sent,PAY001608,PSP001608,-1178.51,34893.4,33714.89
STM003234,2026-07-29 20:08:00,MYR,payout,psp_fee,PAY001608,PSP001608,-28.28,33714.89,33686.61
STM003235,2026-07-29 20:59:00,MYR,deposit,deposit_received,PAY001611,PSP001611,1816.03,33686.61,35502.64
STM003236,2026-07-29 21:00:00,MYR,deposit,psp_fee,PAY001611,PSP001611,-43.58,35502.64,35459.06
STM003237,2026-07-29 21:15:00,INR,payout,payout_sent,PAY001609,PSP001609,-7671.23,581969.66,574298.43
STM003238,2026-07-29 21:16:00,INR,payout,psp_fee,PAY001609,PSP001609,-184.11,574298.43,574114.32
STM003239,2026-07-29 21:50:00,MYR,deposit,deposit_received,PAY001610,PSP001610,547.67,35459.06,36006.73
STM003240,2026-07-29 21:51:00,MYR,deposit,psp_fee,PAY001610,PSP001610,-13.14,36006.73,35993.59
STM003241,2026-07-30 10:02:00,INR,deposit,deposit_received,PAY001612,PSP001612,9746.14,574114.32,583860.46
STM003242,2026-07-30 10:03:00,INR,deposit,psp_fee,PAY001612,PSP001612,-233.91,583860.46,583626.55
STM003243,2026-07-30 10:40:00,INR,payout,payout_sent,PAY001616,PSP001616,-15174.23,583626.55,568452.32
STM003244,2026-07-30 10:41:00,INR,payout,psp_fee,PAY001616,PSP001616,-364.18,568452.32,568088.14
STM003245,2026-07-30 10:45:00,MYR,deposit,deposit_received,PAY001614,PSP001614,487.53,35993.59,36481.12
STM003246,2026-07-30 10:46:00,MYR,deposit,psp_fee,PAY001614,PSP001614,-11.7,36481.12,36469.42
STM003247,2026-07-30 10:47:00,INR,deposit,deposit_received,PAY001615,PSP001615,1054.08,568088.14,569142.22
STM003248,2026-07-30 10:48:00,INR,deposit,psp_fee,PAY001615,PSP001615,-25.3,569142.22,569116.92
STM003249,2026-07-30 11:35:00,INR,deposit,deposit_received,PAY001617,PSP001617,43098.99,569116.92,612215.91
STM003250,2026-07-30 11:36:00,INR,deposit,psp_fee,PAY001617,PSP001617,-1034.38,612215.91,611181.53
STM003251,2026-07-30 12:10:00,INR,deposit,deposit_received,PAY001619,PSP001619,42963.36,611181.53,654144.89
STM003252,2026-07-30 12:11:00,INR,deposit,psp_fee,PAY001619,PSP001619,-1031.12,654144.89,653113.77
STM003253,2026-07-30 12:20:00,MYR,deposit,deposit_received,PAY001613,PSP001613,161.63,36469.42,36631.05
STM003254,2026-07-30 12:21:00,MYR,deposit,psp_fee,PAY001613,PSP001613,-3.88,36631.05,36627.17
STM003255,2026-07-30 12:43:00,INR,deposit,deposit_received,PAY001620,PSP001620,28524.79,653113.77,681638.56
STM003256,2026-07-30 12:44:00,INR,deposit,psp_fee,PAY001620,PSP001620,-684.59,681638.56,680953.97
STM003257,2026-07-30 13:05:00,MYR,deposit,deposit_received,PAY001618,PSP001618,225.12,36627.17,36852.29
STM003258,2026-07-30 13:06:00,MYR,deposit,psp_fee,PAY001618,PSP001618,-5.4,36852.29,36846.89
STM003259,2026-07-30 13:10:00,MYR,deposit,deposit_received,PAY001621,PSP001621,1877.09,36846.89,38723.98
STM003260,2026-07-30 13:11:00,MYR,deposit,psp_fee,PAY001621,PSP001621,-45.05,38723.98,38678.93
STM003261,2026-07-30 13:57:00,INR,deposit,deposit_received,PAY001622,PSP001622,43598.1,680953.97,724552.07
STM003262,2026-07-30 13:58:00,INR,deposit,psp_fee,PAY001622,PSP001622,-1046.35,724552.07,723505.72
STM003263,2026-07-30 14:20:00,INR,deposit,deposit_received,PAY001627,PSP001627,38759.44,723505.72,762265.16
STM003264,2026-07-30 14:21:00,INR,deposit,psp_fee,PAY001627,PSP001627,-930.23,762265.16,761334.93
STM003265,2026-07-30 15:11:00,INR,deposit,deposit_received,PAY001623,PSP001623,19843.42,761334.93,781178.35
STM003266,2026-07-30 15:12:00,INR,deposit,psp_fee,PAY001623,PSP001623,-476.24,781178.35,780702.11
STM003267,2026-07-30 15:40:00,MYR,deposit,deposit_received,PAY001626,PSP001626,1211.65,38678.93,39890.58
STM003268,2026-07-30 15:41:00,MYR,deposit,psp_fee,PAY001626,PSP001626,-29.08,39890.58,39861.5
STM003269,2026-07-30 15:51:00,INR,deposit,deposit_received,PAY001624,PSP001624,24228.61,780702.11,804930.72
STM003270,2026-07-30 15:52:00,INR,deposit,psp_fee,PAY001624,PSP001624,-581.49,804930.72,804349.23
STM003271,2026-07-30 16:01:00,MYR,deposit,deposit_received,PAY001625,PSP001625,505.44,39861.5,40366.94
STM003272,2026-07-30 16:02:00,MYR,deposit,psp_fee,PAY001625,PSP001625,-12.13,40366.94,40354.81
STM003273,2026-07-30 16:11:00,MYR,deposit,deposit_received,PAY001628,PSP001628,1310.83,40354.81,41665.64
STM003274,2026-07-30 16:12:00,MYR,deposit,psp_fee,PAY001628,PSP001628,-31.46,41665.64,41634.18
STM003275,2026-07-30 16:35:00,MYR,deposit,deposit_received,PAY001629,PSP001629,1037.54,41634.18,42671.72
STM003276,2026-07-30 16:36:00,MYR,deposit,psp_fee,PAY001629,PSP001629,-24.9,42671.72,42646.82
STM003277,2026-07-30 17:37:00,INR,deposit,deposit_received,PAY001630,PSP001630,34725.49,804349.23,839074.72
STM003278,2026-07-30 17:38:00,INR,deposit,psp_fee,PAY001630,PSP001630,-833.41,839074.72,838241.31
STM003279,2026-07-30 17:40:00,INR,deposit,deposit_received,PAY001631,PSP001631,46740.96,838241.31,884982.27
STM003280,2026-07-30 17:41:00,INR,deposit,psp_fee,PAY001631,PSP001631,-1121.78,884982.27,883860.49
STM003281,2026-07-30 18:15:00,MYR,deposit,deposit_received,PAY001634,PSP001634,1349.28,42646.82,43996.1
STM003282,2026-07-30 18:16:00,MYR,deposit,psp_fee,PAY001634,PSP001634,-32.38,43996.1,43963.72
STM003283,2026-07-30 18:23:00,MYR,deposit,deposit_received,PAY001636,PSP001636,1176.05,43963.72,45139.77
STM003284,2026-07-30 18:24:00,MYR,deposit,psp_fee,PAY001636,PSP001636,-28.23,45139.77,45111.54
STM003285,2026-07-30 18:52:00,MYR,deposit,deposit_received,PAY001642,PSP001642,422.4,45111.54,45533.94
STM003286,2026-07-30 18:53:00,MYR,deposit,psp_fee,PAY001642,PSP001642,-10.14,45533.94,45523.8
STM003287,2026-07-30 18:56:00,MYR,deposit,deposit_received,PAY001639,PSP001639,1088.69,45523.8,46612.49
STM003288,2026-07-30 18:57:00,MYR,deposit,psp_fee,PAY001639,PSP001639,-26.13,46612.49,46586.36
STM003289,2026-07-30 19:21:00,INR,deposit,deposit_received,PAY001644,PSP001644,38126.16,883860.49,921986.65
STM003290,2026-07-30 19:22:00,INR,deposit,deposit_received,PAY001632,PSP001632,45407.27,921986.65,967393.92
STM003291,2026-07-30 19:22:00,INR,deposit,psp_fee,PAY001644,PSP001644,-915.03,967393.92,966478.89
STM003292,2026-07-30 19:23:00,INR,deposit,psp_fee,PAY001632,PSP001632,-1089.77,966478.89,965389.12
STM003293,2026-07-30 19:26:00,MYR,deposit,deposit_received,PAY001633,PSP001633,1656.7,46586.36,48243.06
STM003294,2026-07-30 19:27:00,MYR,deposit,psp_fee,PAY001633,PSP001633,-39.76,48243.06,48203.3
STM003295,2026-07-30 19:44:00,INR,deposit,deposit_received,PAY001645,PSP001645,26993.52,965389.12,992382.64
STM003296,2026-07-30 19:45:00,INR,deposit,psp_fee,PAY001645,PSP001645,-647.84,992382.64,991734.8
STM003297,2026-07-30 19:49:00,MYR,deposit,deposit_received,PAY001638,PSP001638,768.75,48203.3,48972.05
STM003298,2026-07-30 19:50:00,MYR,deposit,psp_fee,PAY001638,PSP001638,-18.45,48972.05,48953.6
STM003299,2026-07-30 20:06:00,INR,deposit,deposit_received,PAY001640,PSP001640,40749.17,991734.8,1032483.97
STM003300,2026-07-30 20:07:00,INR,deposit,psp_fee,PAY001640,PSP001640,-977.98,1032483.97,1031505.99
STM003301,2026-07-30 20:13:00,MYR,deposit,deposit_received,PAY001643,PSP001643,891.23,48953.6,49844.83
STM003302,2026-07-30 20:14:00,MYR,deposit,psp_fee,PAY001643,PSP001643,-21.39,49844.83,49823.44
STM003303,2026-07-30 20:25:00,INR,payout,payout_sent,PAY001635,PSP001635,-5507.83,1031505.99,1025998.16
STM003304,2026-07-30 20:26:00,INR,payout,psp_fee,PAY001635,PSP001635,-132.19,1025998.16,1025865.97
STM003305,2026-07-30 20:28:00,MYR,deposit,deposit_received,PAY001637,PSP001637,1208.32,49823.44,51031.76
STM003306,2026-07-30 20:29:00,MYR,deposit,psp_fee,PAY001637,PSP001637,-29.0,51031.76,51002.76
STM003307,2026-07-30 20:32:00,INR,deposit,deposit_received,PAY001641,PSP001641,46426.38,1025865.97,1072292.35
STM003308,2026-07-30 20:33:00,INR,deposit,psp_fee,PAY001641,PSP001641,-1114.23,1072292.35,1071178.12
STM003309,2026-07-30 21:30:00,INR,deposit,deposit_received,PAY001647,PSP001647,48853.39,1071178.12,1120031.51
STM003310,2026-07-30 21:31:00,INR,deposit,psp_fee,PAY001647,PSP001647,-1172.48,1120031.51,1118859.03
STM003311,2026-07-30 22:30:00,INR,deposit,deposit_received,PAY001646,PSP001646,10642.19,1118859.03,1129501.22
STM003312,2026-07-30 22:31:00,INR,deposit,psp_fee,PAY001646,PSP001646,-255.41,1129501.22,1129245.81
STM003313,2026-07-30 22:55:00,MYR,payout,payout_sent,PAY001648,PSP001648,-829.46,51002.76,50173.3
STM003314,2026-07-30 22:56:00,MYR,payout,psp_fee,PAY001648,PSP001648,-19.91,50173.3,50153.39
STM003315,2026-07-31 09:27:00,MYR,deposit,deposit_received,PAY001649,PSP001649,1686.31,50153.39,51839.7
STM003316,2026-07-31 09:28:00,MYR,deposit,psp_fee,PAY001649,PSP001649,-40.47,51839.7,51799.23
STM003317,2026-07-31 10:21:00,MYR,payout,payout_sent,PAY001652,PSP001652,-1113.73,51799.23,50685.5
STM003318,2026-07-31 10:22:00,MYR,payout,psp_fee,PAY001652,PSP001652,-26.73,50685.5,50658.77
STM003319,2026-07-31 10:41:00,MYR,deposit,deposit_received,PAY001653,PSP001653,1837.72,50658.77,52496.49
STM003320,2026-07-31 10:42:00,MYR,deposit,psp_fee,PAY001653,PSP001653,-44.11,52496.49,52452.38
STM003321,2026-07-31 10:45:00,MYR,deposit,deposit_received,PAY001650,PSP001650,1617.25,52452.38,54069.63
STM003322,2026-07-31 10:46:00,MYR,deposit,psp_fee,PAY001650,PSP001650,-38.81,54069.63,54030.82
STM003323,2026-07-31 11:35:00,MYR,payout,payout_sent,PAY001655,PSP001655,-170.93,54030.82,53859.89
STM003324,2026-07-31 11:36:00,MYR,payout,psp_fee,PAY001655,PSP001655,-4.1,53859.89,53855.79
STM003325,2026-07-31 11:51:00,INR,payout,payout_sent,PAY001651,PSP001651,-14832.95,1129245.81,1114412.86
STM003326,2026-07-31 11:52:00,INR,payout,psp_fee,PAY001651,PSP001651,-355.99,1114412.86,1114056.87
STM003327,2026-07-31 12:56:00,MYR,deposit,deposit_received,PAY001656,PSP001656,1705.66,53855.79,55561.45
STM003328,2026-07-31 12:57:00,MYR,deposit,psp_fee,PAY001656,PSP001656,-40.94,55561.45,55520.51
STM003329,2026-07-31 13:14:00,INR,deposit,deposit_received,PAY001654,PSP001654,22042.07,1114056.87,1136098.94
STM003330,2026-07-31 13:15:00,INR,deposit,psp_fee,PAY001654,PSP001654,-529.01,1136098.94,1135569.93
STM003331,2026-07-31 14:27:00,MYR,deposit,deposit_received,PAY001658,PSP001658,1242.81,55520.51,56763.32
STM003332,2026-07-31 14:28:00,MYR,deposit,psp_fee,PAY001658,PSP001658,-29.83,56763.32,56733.49
STM003333,2026-07-31 14:35:00,MYR,deposit,deposit_received,PAY001657,PSP001657,890.2,56733.49,57623.69
STM003334,2026-07-31 14:36:00,MYR,deposit,psp_fee,PAY001657,PSP001657,-21.36,57623.69,57602.33
STM003335,2026-07-31 14:38:00,INR,deposit,deposit_received,PAY001660,PSP001660,11287.45,1135569.93,1146857.38
STM003336,2026-07-31 14:39:00,INR,deposit,psp_fee,PAY001660,PSP001660,-270.9,1146857.38,1146586.48
STM003337,2026-07-31 15:26:00,MYR,deposit,deposit_received,PAY001662,PSP001662,510.82,57602.33,58113.15
STM003338,2026-07-31 15:27:00,MYR,deposit,psp_fee,PAY001662,PSP001662,-12.26,58113.15,58100.89
STM003339,2026-07-31 15:31:00,INR,deposit,deposit_received,PAY001663,PSP001663,18296.27,1146586.48,1164882.75
STM003340,2026-07-31 15:32:00,INR,deposit,psp_fee,PAY001663,PSP001663,-439.11,1164882.75,1164443.64
STM003341,2026-07-31 15:41:00,MYR,payout,payout_sent,PAY001661,PSP001661,-1181.5,58100.89,56919.39
STM003342,2026-07-31 15:42:00,MYR,payout,psp_fee,PAY001661,PSP001661,-28.36,56919.39,56891.03
STM003343,2026-07-31 15:49:00,INR,deposit,deposit_received,PAY001659,PSP001659,30247.2,1164443.64,1194690.84
STM003344,2026-07-31 15:50:00,INR,deposit,psp_fee,PAY001659,PSP001659,-725.93,1194690.84,1193964.91
STM003345,2026-07-31 17:31:00,INR,deposit,deposit_received,PAY001665,PSP001665,24187.27,1193964.91,1218152.18
STM003346,2026-07-31 17:32:00,INR,deposit,psp_fee,PAY001665,PSP001665,-580.49,1218152.18,1217571.69
STM003347,2026-07-31 17:41:00,INR,payout,payout_sent,PAY001667,PSP001667,-2063.37,1217571.69,1215508.32
STM003348,2026-07-31 17:42:00,INR,payout,psp_fee,PAY001667,PSP001667,-49.52,1215508.32,1215458.8
STM003349,2026-07-31 17:46:00,MYR,deposit,deposit_received,PAY001664,PSP001664,206.24,56891.03,57097.27
STM003350,2026-07-31 17:47:00,MYR,deposit,psp_fee,PAY001664,PSP001664,-4.95,57097.27,57092.32
STM003351,2026-07-31 18:04:00,INR,deposit,deposit_received,PAY001669,PSP001669,8748.13,1215458.8,1224206.93
STM003352,2026-07-31 18:05:00,INR,deposit,psp_fee,PAY001669,PSP001669,-209.96,1224206.93,1223996.97
STM003353,2026-07-31 18:17:00,INR,deposit,deposit_received,PAY001666,PSP001666,18546.31,1223996.97,1242543.28
STM003354,2026-07-31 18:18:00,INR,deposit,psp_fee,PAY001666,PSP001666,-445.11,1242543.28,1242098.17
STM003355,2026-07-31 19:21:00,MYR,deposit,deposit_received,PAY001668,PSP001668,309.02,57092.32,57401.34
STM003356,2026-07-31 19:22:00,MYR,deposit,psp_fee,PAY001668,PSP001668,-7.42,57401.34,57393.92
STM003357,2026-07-31 19:23:00,INR,deposit,deposit_received,PAY001670,PSP001670,32903.78,1242098.17,1275001.95
STM003358,2026-07-31 19:24:00,INR,deposit,psp_fee,PAY001670,PSP001670,-789.69,1275001.95,1274212.26
STM003359,2026-07-31 20:26:00,INR,payout,payout_sent,PAY001672,PSP001672,-7406.19,1274212.26,1266806.07
STM003360,2026-07-31 20:27:00,INR,payout,psp_fee,PAY001672,PSP001672,-177.75,1266806.07,1266628.32
STM003361,2026-07-31 20:29:00,MYR,deposit,deposit_received,PAY001671,PSP001671,495.4,57393.92,57889.32
STM003362,2026-07-31 20:30:00,MYR,deposit,psp_fee,PAY001671,PSP001671,-11.89,57889.32,57877.43
STM003363,2026-07-31 20:38:00,INR,payout,payout_sent,PAY001673,PSP001673,-19462.73,1266628.32,1247165.59
STM003364,2026-07-31 20:39:00,INR,payout,psp_fee,PAY001673,PSP001673,-467.11,1247165.59,1246698.48
STM003365,2026-07-31 21:32:00,INR,deposit,deposit_received,PAY001674,PSP001674,16611.15,1246698.48,1263309.63
STM003366,2026-07-31 21:33:00,INR,deposit,psp_fee,PAY001674,PSP001674,-398.67,1263309.63,1262910.96
STM003367,2026-08-01 08:49:00,MYR,deposit,deposit_received,PAY001675,PSP001675,1016.8,57877.43,58894.23
STM003368,2026-08-01 08:50:00,MYR,deposit,psp_fee,PAY001675,PSP001675,-24.4,58894.23,58869.83
STM003369,2026-08-01 10:46:00,INR,deposit,deposit_received,PAY001676,PSP001676,8217.52,1262910.96,1271128.48
STM003370,2026-08-01 10:47:00,INR,deposit,psp_fee,PAY001676,PSP001676,-197.22,1271128.48,1270931.26
STM003371,2026-08-01 10:56:00,INR,deposit,deposit_received,PAY001678,PSP001678,32186.74,1270931.26,1303118.0
STM003372,2026-08-01 10:57:00,INR,deposit,psp_fee,PAY001678,PSP001678,-772.48,1303118.0,1302345.52
STM003373,2026-08-01 12:25:00,MYR,payout,payout_sent,PAY001677,PSP001677,-631.81,58869.83,58238.02
STM003374,2026-08-01 12:26:00,MYR,payout,psp_fee,PAY001677,PSP001677,-15.16,58238.02,58222.86
STM003375,2026-08-01 12:37:00,INR,deposit,deposit_received,PAY001683,PSP001683,42176.33,1302345.52,1344521.85
STM003376,2026-08-01 12:38:00,INR,deposit,psp_fee,PAY001683,PSP001683,-1012.23,1344521.85,1343509.62
STM003377,2026-08-01 12:58:00,MYR,deposit,deposit_received,PAY001679,PSP001679,937.72,58222.86,59160.58
STM003378,2026-08-01 12:59:00,MYR,deposit,psp_fee,PAY001679,PSP001679,-22.51,59160.58,59138.07
STM003379,2026-08-01 13:19:00,MYR,deposit,deposit_received,PAY001680,PSP001680,1780.92,59138.07,60918.99
STM003380,2026-08-01 13:20:00,MYR,deposit,psp_fee,PAY001680,PSP001680,-42.74,60918.99,60876.25
STM003381,2026-08-01 13:23:00,MYR,deposit,deposit_received,PAY001681,PSP001681,1445.16,60876.25,62321.41
STM003382,2026-08-01 13:24:00,MYR,deposit,psp_fee,PAY001681,PSP001681,-34.68,62321.41,62286.73
STM003383,2026-08-01 13:35:00,MYR,deposit,deposit_received,PAY001684,PSP001684,766.04,62286.73,63052.77
STM003384,2026-08-01 13:36:00,MYR,deposit,psp_fee,PAY001684,PSP001684,-18.38,63052.77,63034.39
STM003385,2026-08-01 14:10:00,MYR,deposit,deposit_received,PAY001682,PSP001682,358.78,63034.39,63393.17
STM003386,2026-08-01 14:11:00,MYR,deposit,psp_fee,PAY001682,PSP001682,-8.61,63393.17,63384.56
STM003387,2026-08-01 17:12:00,INR,deposit,deposit_received,PAY001685,PSP001685,22059.11,1343509.62,1365568.73
STM003388,2026-08-01 17:13:00,INR,deposit,psp_fee,PAY001685,PSP001685,-529.42,1365568.73,1365039.31
STM003389,2026-08-01 17:19:00,INR,deposit,deposit_received,PAY001687,PSP001687,45231.35,1365039.31,1410270.66
STM003390,2026-08-01 17:20:00,INR,deposit,psp_fee,PAY001687,PSP001687,-1085.55,1410270.66,1409185.11
STM003391,2026-08-01 17:30:00,INR,payout,payout_sent,PAY001686,PSP001686,-16811.43,1409185.11,1392373.68
STM003392,2026-08-01 17:31:00,INR,payout,psp_fee,PAY001686,PSP001686,-403.47,1392373.68,1391970.21
STM003393,2026-08-01 17:44:00,MYR,deposit,deposit_received,PAY001688,PSP001688,761.99,63384.56,64146.55
STM003394,2026-08-01 17:45:00,MYR,deposit,psp_fee,PAY001688,PSP001688,-18.29,64146.55,64128.26
STM003395,2026-08-01 18:30:00,INR,deposit,deposit_received,PAY001689,PSP001689,12645.62,1391970.21,1404615.83
STM003396,2026-08-01 18:31:00,INR,deposit,psp_fee,PAY001689,PSP001689,-303.49,1404615.83,1404312.34
STM003397,2026-08-01 20:12:00,MYR,deposit,deposit_received,PAY001693,PSP001693,51.78,64128.26,64180.04
STM003398,2026-08-01 20:13:00,INR,deposit,deposit_received,PAY001690,PSP001690,17852.48,1404312.34,1422164.82
STM003399,2026-08-01 20:13:00,MYR,deposit,psp_fee,PAY001693,PSP001693,-1.24,64180.04,64178.8
STM003400,2026-08-01 20:14:00,INR,deposit,psp_fee,PAY001690,PSP001690,-428.46,1422164.82,1421736.36
STM003401,2026-08-01 20:51:00,MYR,deposit,deposit_received,PAY001692,PSP001692,163.48,64178.8,64342.28
STM003402,2026-08-01 20:52:00,MYR,deposit,psp_fee,PAY001692,PSP001692,-3.92,64342.28,64338.36
STM003403,2026-08-01 21:04:00,MYR,deposit,deposit_received,PAY001691,PSP001691,728.91,64338.36,65067.27
STM003404,2026-08-01 21:05:00,MYR,deposit,psp_fee,PAY001691,PSP001691,-17.49,65067.27,65049.78
STM003405,2026-08-01 22:00:00,INR,deposit,deposit_received,PAY001695,PSP001695,40026.3,1421736.36,1461762.66
STM003406,2026-08-01 22:01:00,INR,deposit,psp_fee,PAY001695,PSP001695,-960.63,1461762.66,1460802.03
STM003407,2026-08-01 22:12:00,MYR,deposit,deposit_received,PAY001694,PSP001694,460.83,65049.78,65510.61
STM003408,2026-08-01 22:13:00,MYR,deposit,psp_fee,PAY001694,PSP001694,-11.06,65510.61,65499.55
STM003409,2026-08-02 09:03:00,MYR,payout,payout_sent,PAY001697,PSP001697,-1014.52,65499.55,64485.03
STM003410,2026-08-02 09:04:00,MYR,payout,psp_fee,PAY001697,PSP001697,-24.35,64485.03,64460.68
STM003411,2026-08-02 11:02:00,INR,deposit,deposit_received,PAY001698,PSP001698,46680.91,1460802.03,1507482.94
STM003412,2026-08-02 11:03:00,INR,deposit,psp_fee,PAY001698,PSP001698,-1120.34,1507482.94,1506362.6
STM003413,2026-08-02 11:16:00,MYR,deposit,deposit_received,PAY001696,PSP001696,1608.41,64460.68,66069.09
STM003414,2026-08-02 11:17:00,MYR,deposit,psp_fee,PAY001696,PSP001696,-38.6,66069.09,66030.49
STM003415,2026-08-02 11:31:00,MYR,deposit,deposit_received,PAY001699,PSP001699,313.58,66030.49,66344.07
STM003416,2026-08-02 11:32:00,MYR,deposit,psp_fee,PAY001699,PSP001699,-7.53,66344.07,66336.54
STM003417,2026-08-02 12:33:00,INR,deposit,deposit_received,PAY001701,PSP001701,10086.38,1506362.6,1516448.98
STM003418,2026-08-02 12:34:00,INR,deposit,psp_fee,PAY001701,PSP001701,-242.07,1516448.98,1516206.91
STM003419,2026-08-02 12:36:00,MYR,deposit,deposit_received,PAY001700,PSP001700,112.53,66336.54,66449.07
STM003420,2026-08-02 12:37:00,MYR,deposit,psp_fee,PAY001700,PSP001700,-2.7,66449.07,66446.37
STM003421,2026-08-02 12:41:00,MYR,deposit,deposit_received,PAY001702,PSP001702,31.12,66446.37,66477.49
STM003422,2026-08-02 12:42:00,MYR,deposit,psp_fee,PAY001702,PSP001702,-0.75,66477.49,66476.74
STM003423,2026-08-02 15:06:00,INR,deposit,deposit_received,PAY001703,PSP001703,39457.1,1516206.91,1555664.01
STM003424,2026-08-02 15:07:00,INR,deposit,psp_fee,PAY001703,PSP001703,-946.97,1555664.01,1554717.04
STM003425,2026-08-02 15:50:00,MYR,payout,payout_sent,PAY001707,PSP001707,-331.43,66476.74,66145.31
STM003426,2026-08-02 15:51:00,MYR,payout,psp_fee,PAY001707,PSP001707,-7.95,66145.31,66137.36
STM003427,2026-08-02 16:27:00,MYR,deposit,deposit_received,PAY001705,PSP001705,1705.67,66137.36,67843.03
STM003428,2026-08-02 16:28:00,MYR,deposit,psp_fee,PAY001705,PSP001705,-40.94,67843.03,67802.09
STM003429,2026-08-02 16:52:00,MYR,deposit,deposit_received,PAY001709,PSP001709,239.8,67802.09,68041.89
STM003430,2026-08-02 16:53:00,MYR,deposit,psp_fee,PAY001709,PSP001709,-5.76,68041.89,68036.13
STM003431,2026-08-02 17:34:00,INR,payout,payout_sent,PAY001710,PSP001710,-22445.12,1554717.04,1532271.92
STM003432,2026-08-02 17:35:00,INR,payout,psp_fee,PAY001710,PSP001710,-538.68,1532271.92,1531733.24
STM003433,2026-08-02 17:38:00,INR,deposit,deposit_received,PAY001704,PSP001704,6154.73,1531733.24,1537887.97
STM003434,2026-08-02 17:39:00,INR,deposit,psp_fee,PAY001704,PSP001704,-147.71,1537887.97,1537740.26
STM003435,2026-08-02 17:53:00,MYR,payout,payout_sent,PAY001708,PSP001708,-425.04,68036.13,67611.09
STM003436,2026-08-02 17:54:00,MYR,payout,psp_fee,PAY001708,PSP001708,-10.2,67611.09,67600.89
STM003437,2026-08-02 18:02:00,MYR,payout,payout_sent,PAY001714,PSP001714,-570.46,67600.89,67030.43
STM003438,2026-08-02 18:03:00,MYR,payout,psp_fee,PAY001714,PSP001714,-13.69,67030.43,67016.74
STM003439,2026-08-02 18:05:00,MYR,payout,payout_sent,PAY001713,PSP001713,-1029.68,67016.74,65987.06
STM003440,2026-08-02 18:06:00,MYR,payout,psp_fee,PAY001713,PSP001713,-24.71,65987.06,65962.35
STM003441,2026-08-02 18:23:00,INR,deposit,deposit_received,PAY001711,PSP001711,25539.26,1537740.26,1563279.52
STM003442,2026-08-02 18:24:00,INR,deposit,psp_fee,PAY001711,PSP001711,-612.94,1563279.52,1562666.58
STM003443,2026-08-02 18:32:00,MYR,deposit,deposit_received,PAY001706,PSP001706,1067.62,65962.35,67029.97
STM003444,2026-08-02 18:33:00,MYR,deposit,psp_fee,PAY001706,PSP001706,-25.62,67029.97,67004.35
STM003445,2026-08-02 18:47:00,MYR,deposit,deposit_received,PAY001712,PSP001712,619.2,67004.35,67623.55
STM003446,2026-08-02 18:48:00,MYR,deposit,psp_fee,PAY001712,PSP001712,-14.86,67623.55,67608.69
STM003447,2026-08-02 20:50:00,MYR,deposit,deposit_received,PAY001718,PSP001718,191.73,67608.69,67800.42
STM003448,2026-08-02 20:51:00,MYR,deposit,psp_fee,PAY001718,PSP001718,-4.6,67800.42,67795.82
STM003449,2026-08-02 20:53:00,MYR,deposit,deposit_received,PAY001715,PSP001715,988.44,67795.82,68784.26
STM003450,2026-08-02 20:54:00,MYR,deposit,psp_fee,PAY001715,PSP001715,-23.72,68784.26,68760.54
STM003451,2026-08-02 21:05:00,MYR,deposit,deposit_received,PAY001716,PSP001716,877.31,68760.54,69637.85
STM003452,2026-08-02 21:06:00,MYR,deposit,psp_fee,PAY001716,PSP001716,-21.06,69637.85,69616.79
STM003453,2026-08-02 22:58:00,INR,deposit,deposit_received,PAY001717,PSP001717,17137.51,1562666.58,1579804.09
STM003454,2026-08-02 22:59:00,INR,deposit,psp_fee,PAY001717,PSP001717,-411.3,1579804.09,1579392.79
STM003455,2026-08-03 07:00:00,INR,settlement,settlement,SET20260803_INR,,-1342244.58,1579392.79,237148.21
STM003456,2026-08-03 07:00:00,MYR,settlement,settlement,SET20260803_MYR,,-52253.38,69616.79,17363.41
STM003457,2026-08-03 10:14:00,INR,payout,payout_sent,PAY001720,PSP001720,-1637.61,237148.21,235510.6
STM003458,2026-08-03 10:15:00,INR,payout,psp_fee,PAY001720,PSP001720,-39.3,235510.6,235471.3
STM003459,2026-08-03 10:20:00,MYR,deposit,deposit_received,PAY001721,PSP001721,1342.13,17363.41,18705.54
STM003460,2026-08-03 10:21:00,MYR,deposit,psp_fee,PAY001721,PSP001721,-32.21,18705.54,18673.33
STM003461,2026-08-03 11:03:00,MYR,deposit,deposit_received,PAY001719,PSP001719,1870.72,18673.33,20544.05
STM003462,2026-08-03 11:04:00,MYR,deposit,psp_fee,PAY001719,PSP001719,-44.9,20544.05,20499.15
STM003463,2026-08-03 12:02:00,INR,deposit,deposit_received,PAY001726,PSP001726,34607.09,235471.3,270078.39
STM003464,2026-08-03 12:03:00,INR,deposit,psp_fee,PAY001726,PSP001726,-830.57,270078.39,269247.82
STM003465,2026-08-03 12:28:00,INR,deposit,deposit_received,PAY001723,PSP001723,39582.36,269247.82,308830.18
STM003466,2026-08-03 12:29:00,INR,deposit,psp_fee,PAY001723,PSP001723,-949.98,308830.18,307880.2
STM003467,2026-08-03 12:40:00,MYR,payout,payout_sent,PAY001725,PSP001725,-810.42,20499.15,19688.73
STM003468,2026-08-03 12:41:00,MYR,payout,psp_fee,PAY001725,PSP001725,-19.45,19688.73,19669.28
STM003469,2026-08-03 13:08:00,INR,payout,payout_sent,PAY001722,PSP001722,-3289.44,307880.2,304590.76
STM003470,2026-08-03 13:09:00,INR,payout,psp_fee,PAY001722,PSP001722,-78.95,304590.76,304511.81
STM003471,2026-08-03 13:20:00,MYR,deposit,deposit_received,PAY001724,PSP001724,1242.41,19669.28,20911.69
STM003472,2026-08-03 13:21:00,MYR,deposit,psp_fee,PAY001724,PSP001724,-29.82,20911.69,20881.87
STM003473,2026-08-03 13:54:00,MYR,deposit,deposit_received,PAY001728,PSP001728,853.4,20881.87,21735.27
STM003474,2026-08-03 13:55:00,MYR,deposit,psp_fee,PAY001728,PSP001728,-20.48,21735.27,21714.79
STM003475,2026-08-03 13:57:00,MYR,deposit,deposit_received,PAY001727,PSP001727,1626.23,21714.79,23341.02
STM003476,2026-08-03 13:58:00,MYR,deposit,psp_fee,PAY001727,PSP001727,-39.03,23341.02,23301.99
STM003477,2026-08-03 14:36:00,MYR,deposit,deposit_received,PAY001729,PSP001729,504.14,23301.99,23806.13
STM003478,2026-08-03 14:37:00,MYR,deposit,psp_fee,PAY001729,PSP001729,-12.1,23806.13,23794.03
STM003479,2026-08-03 15:37:00,INR,deposit,deposit_received,PAY001730,PSP001730,29590.31,304511.81,334102.12
STM003480,2026-08-03 15:38:00,INR,deposit,psp_fee,PAY001730,PSP001730,-710.17,334102.12,333391.95
STM003481,2026-08-03 16:08:00,INR,deposit,deposit_received,PAY001731,PSP001731,7891.68,333391.95,341283.63
STM003482,2026-08-03 16:09:00,INR,deposit,psp_fee,PAY001731,PSP001731,-189.4,341283.63,341094.23
STM003483,2026-08-03 19:00:00,MYR,deposit,deposit_received,PAY001732,PSP001732,501.33,23794.03,24295.36
STM003484,2026-08-03 19:01:00,MYR,deposit,psp_fee,PAY001732,PSP001732,-12.03,24295.36,24283.33
STM003485,2026-08-03 20:34:00,MYR,deposit,deposit_received,PAY001733,PSP001733,1466.88,24283.33,25750.21
STM003486,2026-08-03 20:35:00,MYR,deposit,psp_fee,PAY001733,PSP001733,-35.21,25750.21,25715.0
STM003487,2026-08-03 20:36:00,MYR,deposit,deposit_received,PAY001735,PSP001735,1687.01,25715.0,27402.01
STM003488,2026-08-03 20:37:00,MYR,deposit,psp_fee,PAY001735,PSP001735,-40.49,27402.01,27361.52
STM003489,2026-08-03 20:58:00,INR,deposit,deposit_received,PAY001734,PSP001734,18528.36,341094.23,359622.59
STM003490,2026-08-03 20:59:00,INR,deposit,psp_fee,PAY001734,PSP001734,-444.68,359622.59,359177.91
STM003491,2026-08-03 21:37:00,MYR,deposit,deposit_received,PAY001738,PSP001738,1740.22,27361.52,29101.74
STM003492,2026-08-03 21:38:00,INR,deposit,deposit_received,PAY001736,PSP001736,33087.31,359177.91,392265.22
STM003493,2026-08-03 21:38:00,MYR,deposit,psp_fee,PAY001738,PSP001738,-41.77,29101.74,29059.97
STM003494,2026-08-03 21:39:00,INR,deposit,psp_fee,PAY001736,PSP001736,-794.1,392265.22,391471.12
STM003495,2026-08-03 21:49:00,MYR,deposit,deposit_received,PAY001737,PSP001737,1498.2,29059.97,30558.17
STM003496,2026-08-03 21:50:00,MYR,deposit,psp_fee,PAY001737,PSP001737,-35.96,30558.17,30522.21
STM003497,2026-08-04 10:06:00,INR,deposit,deposit_received,PAY001739,PSP001739,5114.21,391471.12,396585.33
STM003498,2026-08-04 10:07:00,INR,deposit,psp_fee,PAY001739,PSP001739,-122.74,396585.33,396462.59
STM003499,2026-08-04 11:21:00,INR,deposit,deposit_received,PAY001741,PSP001741,2403.23,396462.59,398865.82
STM003500,2026-08-04 11:22:00,INR,deposit,psp_fee,PAY001741,PSP001741,-57.68,398865.82,398808.14
STM003501,2026-08-04 11:59:00,MYR,deposit,deposit_received,PAY001742,PSP001742,694.24,30522.21,31216.45
STM003502,2026-08-04 12:00:00,MYR,deposit,psp_fee,PAY001742,PSP001742,-16.66,31216.45,31199.79
STM003503,2026-08-04 12:44:00,MYR,deposit,deposit_received,PAY001744,PSP001744,886.83,31199.79,32086.62
STM003504,2026-08-04 12:45:00,MYR,deposit,psp_fee,PAY001744,PSP001744,-21.28,32086.62,32065.34
STM003505,2026-08-04 13:23:00,INR,deposit,deposit_received,PAY001740,PSP001740,25882.83,398808.14,424690.97
STM003506,2026-08-04 13:24:00,INR,deposit,psp_fee,PAY001740,PSP001740,-621.19,424690.97,424069.78
STM003507,2026-08-04 14:08:00,MYR,deposit,deposit_received,PAY001745,PSP001745,117.69,32065.34,32183.03
STM003508,2026-08-04 14:09:00,MYR,deposit,psp_fee,PAY001745,PSP001745,-2.82,32183.03,32180.21
STM003509,2026-08-04 14:26:00,INR,deposit,deposit_received,PAY001743,PSP001743,34177.61,424069.78,458247.39
STM003510,2026-08-04 14:27:00,INR,deposit,psp_fee,PAY001743,PSP001743,-820.26,458247.39,457427.13
STM003511,2026-08-04 15:01:00,MYR,deposit,deposit_received,PAY001746,PSP001746,964.8,32180.21,33145.01
STM003512,2026-08-04 15:02:00,MYR,deposit,psp_fee,PAY001746,PSP001746,-23.16,33145.01,33121.85
STM003513,2026-08-04 15:59:00,INR,deposit,deposit_received,PAY001748,PSP001748,44629.9,457427.13,502057.03
STM003514,2026-08-04 16:00:00,INR,deposit,psp_fee,PAY001748,PSP001748,-1071.12,502057.03,500985.91
STM003515,2026-08-04 16:02:00,MYR,deposit,deposit_received,PAY001747,PSP001747,484.96,33121.85,33606.81
STM003516,2026-08-04 16:03:00,MYR,deposit,psp_fee,PAY001747,PSP001747,-11.64,33606.81,33595.17
STM003517,2026-08-04 17:07:00,INR,payout,payout_sent,PAY001749,PSP001749,-7067.41,500985.91,493918.5
STM003518,2026-08-04 17:07:00,INR,payout,payout_sent,PAY001750,PSP001750,-6679.08,493918.5,487239.42
STM003519,2026-08-04 17:08:00,INR,payout,psp_fee,PAY001749,PSP001749,-169.62,487239.42,487069.8
STM003520,2026-08-04 17:08:00,INR,payout,psp_fee,PAY001750,PSP001750,-160.3,487069.8,486909.5
STM003521,2026-08-04 19:39:00,INR,payout,payout_sent,PAY001754,PSP001754,-14586.47,486909.5,472323.03
STM003522,2026-08-04 19:40:00,INR,payout,psp_fee,PAY001754,PSP001754,-350.08,472323.03,471972.95
STM003523,2026-08-04 19:49:00,INR,deposit,deposit_received,PAY001751,PSP001751,26995.25,471972.95,498968.2
STM003524,2026-08-04 19:50:00,INR,deposit,psp_fee,PAY001751,PSP001751,-647.89,498968.2,498320.31
STM003525,2026-08-04 19:54:00,MYR,deposit,deposit_received,PAY001756,PSP001756,1864.23,33595.17,35459.4
STM003526,2026-08-04 19:55:00,MYR,deposit,psp_fee,PAY001756,PSP001756,-44.74,35459.4,35414.66
STM003527,2026-08-04 20:05:00,MYR,deposit,deposit_received,PAY001753,PSP001753,1082.16,35414.66,36496.82
STM003528,2026-08-04 20:06:00,MYR,deposit,psp_fee,PAY001753,PSP001753,-25.97,36496.82,36470.85
STM003529,2026-08-04 20:19:00,INR,deposit,deposit_received,PAY001752,PSP001752,38560.59,498320.31,536880.9
STM003530,2026-08-04 20:20:00,INR,deposit,psp_fee,PAY001752,PSP001752,-925.45,536880.9,535955.45
STM003531,2026-08-04 20:33:00,INR,deposit,deposit_received,PAY001759,PSP001759,43724.45,535955.45,579679.9
STM003532,2026-08-04 20:34:00,INR,deposit,psp_fee,PAY001759,PSP001759,-1049.39,579679.9,578630.51
STM003533,2026-08-04 21:17:00,INR,deposit,deposit_received,PAY001755,PSP001755,4444.01,578630.51,583074.52
STM003534,2026-08-04 21:18:00,INR,deposit,psp_fee,PAY001755,PSP001755,-106.66,583074.52,582967.86
STM003535,2026-08-04 21:18:00,INR,deposit,deposit_received,PAY001760,PSP001760,48274.61,582967.86,631242.47
STM003536,2026-08-04 21:19:00,INR,deposit,psp_fee,PAY001760,PSP001760,-1158.59,631242.47,630083.88
STM003537,2026-08-04 21:27:00,MYR,deposit,deposit_received,PAY001757,PSP001757,348.87,36470.85,36819.72
STM003538,2026-08-04 21:28:00,MYR,deposit,psp_fee,PAY001757,PSP001757,-8.37,36819.72,36811.35
STM003539,2026-08-04 22:06:00,INR,payout,payout_sent,PAY001758,PSP001758,-8412.3,630083.88,621671.58
STM003540,2026-08-04 22:07:00,INR,payout,psp_fee,PAY001758,PSP001758,-201.9,621671.58,621469.68
STM003541,2026-08-05 10:51:00,INR,deposit,deposit_received,PAY001764,PSP001764,49610.09,621469.68,671079.77
STM003542,2026-08-05 10:52:00,INR,deposit,psp_fee,PAY001764,PSP001764,-1190.64,671079.77,669889.13
STM003543,2026-08-05 11:06:00,INR,payout,payout_sent,PAY001762,PSP001762,-20045.99,669889.13,649843.14
STM003544,2026-08-05 11:07:00,INR,payout,psp_fee,PAY001762,PSP001762,-481.1,649843.14,649362.04
STM003545,2026-08-05 11:39:00,MYR,deposit,deposit_received,PAY001761,PSP001761,1539.02,36811.35,38350.37
STM003546,2026-08-05 11:40:00,MYR,deposit,psp_fee,PAY001761,PSP001761,-36.94,38350.37,38313.43
STM003547,2026-08-05 12:12:00,INR,deposit,deposit_received,PAY001763,PSP001763,40426.79,649362.04,689788.83
STM003548,2026-08-05 12:13:00,INR,deposit,psp_fee,PAY001763,PSP001763,-970.24,689788.83,688818.59
STM003549,2026-08-05 12:57:00,INR,deposit,deposit_received,PAY001766,PSP001766,39736.93,688818.59,728555.52
STM003550,2026-08-05 12:58:00,INR,deposit,psp_fee,PAY001766,PSP001766,-953.69,728555.52,727601.83
STM003551,2026-08-05 13:06:00,MYR,payout,payout_sent,PAY001769,PSP001769,-295.77,38313.43,38017.66
STM003552,2026-08-05 13:07:00,MYR,payout,psp_fee,PAY001769,PSP001769,-7.1,38017.66,38010.56
STM003553,2026-08-05 13:14:00,MYR,deposit,deposit_received,PAY001765,PSP001765,412.52,38010.56,38423.08
STM003554,2026-08-05 13:15:00,MYR,deposit,psp_fee,PAY001765,PSP001765,-9.9,38423.08,38413.18
STM003555,2026-08-05 13:37:00,MYR,deposit,deposit_received,PAY001767,PSP001767,1253.52,38413.18,39666.7
STM003556,2026-08-05 13:38:00,MYR,deposit,psp_fee,PAY001767,PSP001767,-30.08,39666.7,39636.62
STM003557,2026-08-05 14:14:00,INR,payout,payout_sent,PAY001768,PSP001768,-21286.82,727601.83,706315.01
STM003558,2026-08-05 14:15:00,INR,payout,psp_fee,PAY001768,PSP001768,-510.88,706315.01,705804.13
STM003559,2026-08-05 14:43:00,MYR,deposit,deposit_received,PAY001771,PSP001771,1506.97,39636.62,41143.59
STM003560,2026-08-05 14:44:00,MYR,deposit,psp_fee,PAY001771,PSP001771,-36.17,41143.59,41107.42
STM003561,2026-08-05 16:54:00,MYR,deposit,deposit_received,PAY001770,PSP001770,730.18,41107.42,41837.6
STM003562,2026-08-05 16:55:00,MYR,deposit,psp_fee,PAY001770,PSP001770,-17.52,41837.6,41820.08
STM003563,2026-08-05 17:19:00,MYR,deposit,deposit_received,PAY001772,PSP001772,1201.46,41820.08,43021.54
STM003564,2026-08-05 17:20:00,MYR,deposit,psp_fee,PAY001772,PSP001772,-28.84,43021.54,42992.7
STM003565,2026-08-05 17:30:00,INR,payout,payout_sent,PAY001773,PSP001773,-12934.21,705804.13,692869.92
STM003566,2026-08-05 17:31:00,INR,payout,psp_fee,PAY001773,PSP001773,-310.42,692869.92,692559.5
STM003567,2026-08-05 18:02:00,INR,deposit,deposit_received,PAY001775,PSP001775,15025.84,692559.5,707585.34
STM003568,2026-08-05 18:03:00,INR,deposit,psp_fee,PAY001775,PSP001775,-360.62,707585.34,707224.72
STM003569,2026-08-05 18:50:00,INR,deposit,deposit_received,PAY001778,PSP001778,20640.11,707224.72,727864.83
STM003570,2026-08-05 18:51:00,INR,deposit,psp_fee,PAY001778,PSP001778,-495.36,727864.83,727369.47
STM003571,2026-08-05 19:15:00,MYR,deposit,deposit_received,PAY001776,PSP001776,1400.94,42992.7,44393.64
STM003572,2026-08-05 19:16:00,MYR,deposit,psp_fee,PAY001776,PSP001776,-33.62,44393.64,44360.02
STM003573,2026-08-05 19:20:00,MYR,deposit,deposit_received,PAY001774,PSP001774,1578.71,44360.02,45938.73
STM003574,2026-08-05 19:21:00,MYR,deposit,psp_fee,PAY001774,PSP001774,-37.89,45938.73,45900.84
STM003575,2026-08-05 20:39:00,MYR,deposit,deposit_received,PAY001777,PSP001777,1963.18,45900.84,47864.02
STM003576,2026-08-05 20:40:00,MYR,deposit,psp_fee,PAY001777,PSP001777,-47.12,47864.02,47816.9
STM003577,2026-08-05 21:18:00,INR,deposit,deposit_received,PAY001781,PSP001781,29320.3,727369.47,756689.77
STM003578,2026-08-05 21:19:00,INR,deposit,psp_fee,PAY001781,PSP001781,-703.69,756689.77,755986.08
STM003579,2026-08-05 21:46:00,INR,deposit,deposit_received,PAY001780,PSP001780,48744.63,755986.08,804730.71
STM003580,2026-08-05 21:47:00,INR,deposit,psp_fee,PAY001780,PSP001780,-1169.87,804730.71,803560.84
STM003581,2026-08-05 22:16:00,MYR,deposit,deposit_received,PAY001779,PSP001779,1742.92,47816.9,49559.82
STM003582,2026-08-05 22:17:00,MYR,deposit,psp_fee,PAY001779,PSP001779,-41.83,49559.82,49517.99
STM003583,2026-08-06 08:28:00,INR,deposit,deposit_received,PAY001782,PSP001782,37864.61,803560.84,841425.45
STM003584,2026-08-06 08:29:00,INR,deposit,psp_fee,PAY001782,PSP001782,-908.75,841425.45,840516.7
STM003585,2026-08-06 11:16:00,MYR,deposit,deposit_received,PAY001783,PSP001783,227.86,49517.99,49745.85
STM003586,2026-08-06 11:16:00,INR,deposit,deposit_received,PAY001784,PSP001784,5101.89,840516.7,845618.59
STM003587,2026-08-06 11:17:00,MYR,deposit,psp_fee,PAY001783,PSP001783,-5.47,49745.85,49740.38
STM003588,2026-08-06 11:17:00,INR,deposit,psp_fee,PAY001784,PSP001784,-122.45,845618.59,845496.14
STM003589,2026-08-06 11:35:00,MYR,deposit,deposit_received,PAY001788,PSP001788,1410.37,49740.38,51150.75
STM003590,2026-08-06 11:36:00,MYR,deposit,psp_fee,PAY001788,PSP001788,-33.85,51150.75,51116.9
STM003591,2026-08-06 12:03:00,INR,deposit,deposit_received,PAY001787,PSP001787,44803.71,845496.14,890299.85
STM003592,2026-08-06 12:04:00,INR,deposit,psp_fee,PAY001787,PSP001787,-1075.29,890299.85,889224.56
STM003593,2026-08-06 12:30:00,INR,deposit,deposit_received,PAY001786,PSP001786,23726.54,889224.56,912951.1
STM003594,2026-08-06 12:31:00,INR,deposit,psp_fee,PAY001786,PSP001786,-569.44,912951.1,912381.66
STM003595,2026-08-06 12:46:00,INR,deposit,deposit_received,PAY001785,PSP001785,47474.7,912381.66,959856.36
STM003596,2026-08-06 12:47:00,INR,deposit,psp_fee,PAY001785,PSP001785,-1139.39,959856.36,958716.97
STM003597,2026-08-06 15:14:00,INR,payout,payout_sent,PAY001789,PSP001789,-4977.31,958716.97,953739.66
STM003598,2026-08-06 15:15:00,INR,payout,psp_fee,PAY001789,PSP001789,-119.46,953739.66,953620.2
STM003599,2026-08-06 15:17:00,INR,deposit,deposit_received,PAY001790,PSP001790,34229.85,953620.2,987850.05
STM003600,2026-08-06 15:18:00,INR,deposit,psp_fee,PAY001790,PSP001790,-821.52,987850.05,987028.53
STM003601,2026-08-06 16:30:00,INR,deposit,deposit_received,PAY001791,PSP001791,3438.9,987028.53,990467.43
STM003602,2026-08-06 16:31:00,INR,deposit,psp_fee,PAY001791,PSP001791,-82.53,990467.43,990384.9
STM003603,2026-08-06 16:41:00,MYR,deposit,deposit_received,PAY001792,PSP001792,606.63,51116.9,51723.53
STM003604,2026-08-06 16:42:00,MYR,deposit,psp_fee,PAY001792,PSP001792,-14.56,51723.53,51708.97
STM003605,2026-08-06 17:11:00,INR,deposit,deposit_received,PAY001795,PSP001795,37465.89,990384.9,1027850.79
STM003606,2026-08-06 17:12:00,INR,deposit,psp_fee,PAY001795,PSP001795,-899.18,1027850.79,1026951.61
STM003607,2026-08-06 18:09:00,INR,deposit,deposit_received,PAY001797,PSP001797,49908.18,1026951.61,1076859.79
STM003608,2026-08-06 18:10:00,INR,deposit,psp_fee,PAY001797,PSP001797,-1197.8,1076859.79,1075661.99
STM003609,2026-08-06 18:30:00,INR,deposit,deposit_received,PAY001794,PSP001794,32592.71,1075661.99,1108254.7
STM003610,2026-08-06 18:31:00,INR,deposit,psp_fee,PAY001794,PSP001794,-782.23,1108254.7,1107472.47
STM003611,2026-08-06 18:47:00,MYR,deposit,deposit_received,PAY001793,PSP001793,560.64,51708.97,52269.61
STM003612,2026-08-06 18:48:00,MYR,deposit,psp_fee,PAY001793,PSP001793,-13.46,52269.61,52256.15
STM003613,2026-08-06 19:17:00,INR,deposit,deposit_received,PAY001799,PSP001799,41583.55,1107472.47,1149056.02
STM003614,2026-08-06 19:18:00,INR,deposit,psp_fee,PAY001799,PSP001799,-998.01,1149056.02,1148058.01
STM003615,2026-08-06 19:20:00,INR,payout,payout_sent,PAY001798,PSP001798,-24428.4,1148058.01,1123629.61
STM003616,2026-08-06 19:21:00,INR,payout,psp_fee,PAY001798,PSP001798,-586.28,1123629.61,1123043.33
STM003617,2026-08-06 19:48:00,INR,deposit,deposit_received,PAY001796,PSP001796,6438.87,1123043.33,1129482.2
STM003618,2026-08-06 19:49:00,INR,deposit,psp_fee,PAY001796,PSP001796,-154.53,1129482.2,1129327.67
STM003619,2026-08-06 20:55:00,MYR,deposit,deposit_received,PAY001802,PSP001802,1719.78,52256.15,53975.93
STM003620,2026-08-06 20:56:00,MYR,deposit,psp_fee,PAY001802,PSP001802,-41.27,53975.93,53934.66
STM003621,2026-08-06 21:48:00,INR,deposit,deposit_received,PAY001801,PSP001801,48873.88,1129327.67,1178201.55
STM003622,2026-08-06 21:49:00,INR,deposit,psp_fee,PAY001801,PSP001801,-1172.97,1178201.55,1177028.58
STM003623,2026-08-06 22:22:00,INR,deposit,deposit_received,PAY001800,PSP001800,7646.99,1177028.58,1184675.57
STM003624,2026-08-06 22:23:00,INR,deposit,psp_fee,PAY001800,PSP001800,-183.53,1184675.57,1184492.04
STM003625,2026-08-07 08:51:00,INR,deposit,deposit_received,PAY001804,PSP001804,23447.33,1184492.04,1207939.37
STM003626,2026-08-07 08:52:00,INR,deposit,psp_fee,PAY001804,PSP001804,-562.74,1207939.37,1207376.63
STM003627,2026-08-07 09:38:00,MYR,deposit,deposit_received,PAY001803,PSP001803,995.13,53934.66,54929.79
STM003628,2026-08-07 09:39:00,MYR,deposit,psp_fee,PAY001803,PSP001803,-23.88,54929.79,54905.91
STM003629,2026-08-07 09:51:00,MYR,deposit,deposit_received,PAY001806,PSP001806,378.81,54905.91,55284.72
STM003630,2026-08-07 09:52:00,MYR,deposit,psp_fee,PAY001806,PSP001806,-9.09,55284.72,55275.63
STM003631,2026-08-07 10:41:00,INR,deposit,deposit_received,PAY001805,PSP001805,14809.11,1207376.63,1222185.74
STM003632,2026-08-07 10:42:00,INR,deposit,psp_fee,PAY001805,PSP001805,-355.42,1222185.74,1221830.32
STM003633,2026-08-07 11:09:00,INR,deposit,deposit_received,PAY001809,PSP001809,45287.92,1221830.32,1267118.24
STM003634,2026-08-07 11:10:00,INR,deposit,psp_fee,PAY001809,PSP001809,-1086.91,1267118.24,1266031.33
STM003635,2026-08-07 11:49:00,INR,deposit,deposit_received,PAY001807,PSP001807,15508.19,1266031.33,1281539.52
STM003636,2026-08-07 11:50:00,INR,deposit,psp_fee,PAY001807,PSP001807,-372.2,1281539.52,1281167.32
STM003637,2026-08-07 12:34:00,INR,deposit,deposit_received,PAY001808,PSP001808,42053.66,1281167.32,1323220.98
STM003638,2026-08-07 12:35:00,INR,deposit,psp_fee,PAY001808,PSP001808,-1009.29,1323220.98,1322211.69
STM003639,2026-08-07 12:35:00,INR,payout,payout_sent,PAY001811,PSP001811,-13585.04,1322211.69,1308626.65
STM003640,2026-08-07 12:36:00,INR,payout,psp_fee,PAY001811,PSP001811,-326.04,1308626.65,1308300.61
STM003641,2026-08-07 12:55:00,MYR,deposit,deposit_received,PAY001812,PSP001812,154.05,55275.63,55429.68
STM003642,2026-08-07 12:56:00,MYR,deposit,psp_fee,PAY001812,PSP001812,-3.7,55429.68,55425.98
STM003643,2026-08-07 14:10:00,INR,deposit,deposit_received,PAY001810,PSP001810,11334.21,1308300.61,1319634.82
STM003644,2026-08-07 14:11:00,INR,deposit,psp_fee,PAY001810,PSP001810,-272.02,1319634.82,1319362.8
STM003645,2026-08-07 15:02:00,INR,payout,payout_sent,PAY001814,PSP001814,-926.16,1319362.8,1318436.64
STM003646,2026-08-07 15:03:00,INR,payout,psp_fee,PAY001814,PSP001814,-22.23,1318436.64,1318414.41
STM003647,2026-08-07 15:44:00,MYR,deposit,deposit_received,PAY001815,PSP001815,977.61,55425.98,56403.59
STM003648,2026-08-07 15:45:00,MYR,deposit,psp_fee,PAY001815,PSP001815,-23.46,56403.59,56380.13
STM003649,2026-08-07 17:19:00,MYR,deposit,deposit_received,PAY001813,PSP001813,1522.74,56380.13,57902.87
STM003650,2026-08-07 17:20:00,MYR,deposit,psp_fee,PAY001813,PSP001813,-36.55,57902.87,57866.32
STM003651,2026-08-07 17:33:00,INR,deposit,deposit_received,PAY001817,PSP001817,28419.09,1318414.41,1346833.5
STM003652,2026-08-07 17:34:00,INR,deposit,psp_fee,PAY001817,PSP001817,-682.06,1346833.5,1346151.44
STM003653,2026-08-07 17:38:00,MYR,deposit,deposit_received,PAY001816,PSP001816,524.8,57866.32,58391.12
STM003654,2026-08-07 17:39:00,MYR,deposit,psp_fee,PAY001816,PSP001816,-12.6,58391.12,58378.52
STM003655,2026-08-07 18:17:00,INR,deposit,deposit_received,PAY001820,PSP001820,28475.37,1346151.44,1374626.81
STM003656,2026-08-07 18:18:00,INR,deposit,psp_fee,PAY001820,PSP001820,-683.41,1374626.81,1373943.4
STM003657,2026-08-07 18:30:00,MYR,deposit,deposit_received,PAY001819,PSP001819,686.86,58378.52,59065.38
STM003658,2026-08-07 18:31:00,MYR,deposit,psp_fee,PAY001819,PSP001819,-16.48,59065.38,59048.9
STM003659,2026-08-07 18:42:00,MYR,deposit,deposit_received,PAY001818,PSP001818,669.69,59048.9,59718.59
STM003660,2026-08-07 18:43:00,MYR,deposit,psp_fee,PAY001818,PSP001818,-16.07,59718.59,59702.52
STM003661,2026-08-07 18:51:00,INR,payout,payout_sent,PAY001823,PSP001823,-1736.45,1373943.4,1372206.95
STM003662,2026-08-07 18:52:00,INR,payout,psp_fee,PAY001823,PSP001823,-41.67,1372206.95,1372165.28
STM003663,2026-08-07 19:16:00,INR,deposit,deposit_received,PAY001822,PSP001822,22343.42,1372165.28,1394508.7
STM003664,2026-08-07 19:17:00,INR,deposit,psp_fee,PAY001822,PSP001822,-536.24,1394508.7,1393972.46
STM003665,2026-08-07 20:13:00,INR,deposit,deposit_received,PAY001825,PSP001825,30782.81,1393972.46,1424755.27
STM003666,2026-08-07 20:14:00,INR,deposit,psp_fee,PAY001825,PSP001825,-738.79,1424755.27,1424016.48
STM003667,2026-08-07 20:24:00,MYR,deposit,deposit_received,PAY001827,PSP001827,359.06,59702.52,60061.58
STM003668,2026-08-07 20:25:00,MYR,deposit,psp_fee,PAY001827,PSP001827,-8.62,60061.58,60052.96
STM003669,2026-08-07 20:48:00,MYR,deposit,deposit_received,PAY001821,PSP001821,950.15,60052.96,61003.11
STM003670,2026-08-07 20:49:00,MYR,deposit,psp_fee,PAY001821,PSP001821,-22.8,61003.11,60980.31
STM003671,2026-08-07 21:02:00,MYR,deposit,deposit_received,PAY001826,PSP001826,1500.44,60980.31,62480.75
STM003672,2026-08-07 21:03:00,MYR,deposit,psp_fee,PAY001826,PSP001826,-36.01,62480.75,62444.74
STM003673,2026-08-07 21:17:00,MYR,deposit,deposit_received,PAY001824,PSP001824,1296.75,62444.74,63741.49
STM003674,2026-08-07 21:18:00,MYR,deposit,psp_fee,PAY001824,PSP001824,-31.12,63741.49,63710.37
STM003675,2026-08-07 21:59:00,MYR,deposit,deposit_received,PAY001828,PSP001828,1597.57,63710.37,65307.94
STM003676,2026-08-07 22:00:00,MYR,deposit,psp_fee,PAY001828,PSP001828,-38.34,65307.94,65269.6
STM003677,2026-08-07 22:12:00,INR,deposit,deposit_received,PAY001829,PSP001829,46278.15,1424016.48,1470294.63
STM003678,2026-08-07 22:13:00,INR,deposit,psp_fee,PAY001829,PSP001829,-1110.68,1470294.63,1469183.95
STM003679,2026-08-08 11:09:00,MYR,deposit,deposit_received,PAY001832,PSP001832,491.41,65269.6,65761.01
STM003680,2026-08-08 11:10:00,MYR,deposit,psp_fee,PAY001832,PSP001832,-11.79,65761.01,65749.22
STM003681,2026-08-08 12:26:00,MYR,deposit,deposit_received,PAY001830,PSP001830,1514.05,65749.22,67263.27
STM003682,2026-08-08 12:27:00,MYR,deposit,psp_fee,PAY001830,PSP001830,-36.34,67263.27,67226.93
STM003683,2026-08-08 12:43:00,INR,deposit,deposit_received,PAY001834,PSP001834,31122.99,1469183.95,1500306.94
STM003684,2026-08-08 12:44:00,INR,deposit,psp_fee,PAY001834,PSP001834,-746.95,1500306.94,1499559.99
STM003685,2026-08-08 13:01:00,INR,payout,payout_sent,PAY001831,PSP001831,-24898.21,1499559.99,1474661.78
STM003686,2026-08-08 13:02:00,INR,payout,psp_fee,PAY001831,PSP001831,-597.56,1474661.78,1474064.22
STM003687,2026-08-08 13:13:00,INR,deposit,deposit_received,PAY001836,PSP001836,23949.64,1474064.22,1498013.86
STM003688,2026-08-08 13:14:00,INR,deposit,psp_fee,PAY001836,PSP001836,-574.79,1498013.86,1497439.07
STM003689,2026-08-08 13:47:00,INR,payout,payout_sent,PAY001833,PSP001833,-5697.29,1497439.07,1491741.78
STM003690,2026-08-08 13:48:00,INR,payout,psp_fee,PAY001833,PSP001833,-136.73,1491741.78,1491605.05
STM003691,2026-08-08 14:55:00,INR,payout,payout_sent,PAY001835,PSP001835,-21348.12,1491605.05,1470256.93
STM003692,2026-08-08 14:56:00,INR,payout,psp_fee,PAY001835,PSP001835,-512.35,1470256.93,1469744.58
STM003693,2026-08-08 15:03:00,MYR,deposit,deposit_received,PAY001842,PSP001842,1854.64,67226.93,69081.57
STM003694,2026-08-08 15:04:00,MYR,deposit,psp_fee,PAY001842,PSP001842,-44.51,69081.57,69037.06
STM003695,2026-08-08 15:15:00,MYR,deposit,deposit_received,PAY001837,PSP001837,1378.35,69037.06,70415.41
STM003696,2026-08-08 15:16:00,MYR,deposit,psp_fee,PAY001837,PSP001837,-33.08,70415.41,70382.33
STM003697,2026-08-08 15:33:00,MYR,deposit,deposit_received,PAY001843,PSP001843,945.79,70382.33,71328.12
STM003698,2026-08-08 15:34:00,MYR,deposit,psp_fee,PAY001843,PSP001843,-22.7,71328.12,71305.42
STM003699,2026-08-08 15:39:00,INR,payout,payout_sent,PAY001838,PSP001838,-2649.01,1469744.58,1467095.57
STM003700,2026-08-08 15:40:00,INR,payout,psp_fee,PAY001838,PSP001838,-63.58,1467095.57,1467031.99
STM003701,2026-08-08 16:23:00,INR,deposit,deposit_received,PAY001841,PSP001841,9020.68,1467031.99,1476052.67
STM003702,2026-08-08 16:24:00,INR,deposit,psp_fee,PAY001841,PSP001841,-216.5,1476052.67,1475836.17
STM003703,2026-08-08 16:35:00,MYR,deposit,deposit_received,PAY001839,PSP001839,554.3,71305.42,71859.72
STM003704,2026-08-08 16:36:00,MYR,deposit,psp_fee,PAY001839,PSP001839,-13.3,71859.72,71846.42
STM003705,2026-08-08 17:00:00,MYR,deposit,deposit_received,PAY001840,PSP001840,1662.69,71846.42,73509.11
STM003706,2026-08-08 17:01:00,MYR,deposit,psp_fee,PAY001840,PSP001840,-39.9,73509.11,73469.21
STM003707,2026-08-08 17:12:00,INR,deposit,deposit_received,PAY001844,PSP001844,45091.13,1475836.17,1520927.3
STM003708,2026-08-08 17:13:00,INR,deposit,psp_fee,PAY001844,PSP001844,-1082.19,1520927.3,1519845.11
STM003709,2026-08-08 18:42:00,INR,deposit,deposit_received,PAY001846,PSP001846,27181.76,1519845.11,1547026.87
STM003710,2026-08-08 18:43:00,INR,deposit,psp_fee,PAY001846,PSP001846,-652.36,1547026.87,1546374.51
STM003711,2026-08-08 18:57:00,INR,deposit,deposit_received,PAY001845,PSP001845,45511.98,1546374.51,1591886.49
STM003712,2026-08-08 18:58:00,INR,deposit,psp_fee,PAY001845,PSP001845,-1092.29,1591886.49,1590794.2
STM003713,2026-08-08 21:21:00,INR,deposit,deposit_received,PAY001847,PSP001847,25666.59,1590794.2,1616460.79
STM003714,2026-08-08 21:22:00,INR,deposit,psp_fee,PAY001847,PSP001847,-616.0,1616460.79,1615844.79
STM003715,2026-08-08 21:23:00,INR,deposit,deposit_received,PAY001849,PSP001849,27670.92,1615844.79,1643515.71
STM003716,2026-08-08 21:24:00,INR,deposit,psp_fee,PAY001849,PSP001849,-664.1,1643515.71,1642851.61
STM003717,2026-08-08 21:37:00,MYR,deposit,deposit_received,PAY001850,PSP001850,305.23,73469.21,73774.44
STM003718,2026-08-08 21:38:00,MYR,deposit,psp_fee,PAY001850,PSP001850,-7.33,73774.44,73767.11
STM003719,2026-08-08 22:41:00,INR,deposit,deposit_received,PAY001848,PSP001848,4636.61,1642851.61,1647488.22
STM003720,2026-08-08 22:42:00,INR,deposit,psp_fee,PAY001848,PSP001848,-111.28,1647488.22,1647376.94
STM003721,2026-08-09 10:20:00,INR,payout,payout_sent,PAY001854,PSP001854,-2891.91,1647376.94,1644485.03
STM003722,2026-08-09 10:21:00,INR,payout,psp_fee,PAY001854,PSP001854,-69.41,1644485.03,1644415.62
STM003723,2026-08-09 10:33:00,INR,deposit,deposit_received,PAY001855,PSP001855,24298.6,1644415.62,1668714.22
STM003724,2026-08-09 10:34:00,INR,deposit,psp_fee,PAY001855,PSP001855,-583.17,1668714.22,1668131.05
STM003725,2026-08-09 10:53:00,INR,deposit,deposit_received,PAY001851,PSP001851,4036.04,1668131.05,1672167.09
STM003726,2026-08-09 10:54:00,INR,deposit,psp_fee,PAY001851,PSP001851,-96.86,1672167.09,1672070.23
STM003727,2026-08-09 11:06:00,INR,deposit,deposit_received,PAY001852,PSP001852,23314.51,1672070.23,1695384.74
STM003728,2026-08-09 11:07:00,INR,deposit,psp_fee,PAY001852,PSP001852,-559.55,1695384.74,1694825.19
STM003729,2026-08-09 11:30:00,MYR,deposit,deposit_received,PAY001859,PSP001859,1823.2,73767.11,75590.31
STM003730,2026-08-09 11:31:00,MYR,deposit,psp_fee,PAY001859,PSP001859,-43.76,75590.31,75546.55
STM003731,2026-08-09 11:35:00,INR,deposit,deposit_received,PAY001860,PSP001860,25320.06,1694825.19,1720145.25
STM003732,2026-08-09 11:36:00,INR,deposit,psp_fee,PAY001860,PSP001860,-607.68,1720145.25,1719537.57
STM003733,2026-08-09 11:44:00,MYR,deposit,deposit_received,PAY001853,PSP001853,1566.69,75546.55,77113.24
STM003734,2026-08-09 11:45:00,MYR,deposit,psp_fee,PAY001853,PSP001853,-37.6,77113.24,77075.64
STM003735,2026-08-09 11:51:00,MYR,deposit,deposit_received,PAY001857,PSP001857,1301.85,77075.64,78377.49
STM003736,2026-08-09 11:52:00,MYR,deposit,psp_fee,PAY001857,PSP001857,-31.24,78377.49,78346.25
STM003737,2026-08-09 12:03:00,MYR,deposit,deposit_received,PAY001856,PSP001856,1446.87,78346.25,79793.12
STM003738,2026-08-09 12:04:00,MYR,deposit,psp_fee,PAY001856,PSP001856,-34.72,79793.12,79758.4
STM003739,2026-08-09 12:21:00,MYR,deposit,deposit_received,PAY001861,PSP001861,886.34,79758.4,80644.74
STM003740,2026-08-09 12:22:00,MYR,deposit,psp_fee,PAY001861,PSP001861,-21.27,80644.74,80623.47
STM003741,2026-08-09 12:58:00,MYR,deposit,deposit_received,PAY001863,PSP001863,571.91,80623.47,81195.38
STM003742,2026-08-09 12:59:00,MYR,deposit,psp_fee,PAY001863,PSP001863,-13.73,81195.38,81181.65
STM003743,2026-08-09 13:16:00,INR,deposit,deposit_received,PAY001858,PSP001858,30217.24,1719537.57,1749754.81
STM003744,2026-08-09 13:17:00,INR,deposit,psp_fee,PAY001858,PSP001858,-725.21,1749754.81,1749029.6
STM003745,2026-08-09 13:53:00,INR,deposit,deposit_received,PAY001862,PSP001862,44346.74,1749029.6,1793376.34
STM003746,2026-08-09 13:54:00,INR,deposit,psp_fee,PAY001862,PSP001862,-1064.32,1793376.34,1792312.02
STM003747,2026-08-09 14:19:00,MYR,deposit,deposit_received,PAY001864,PSP001864,843.56,81181.65,82025.21
STM003748,2026-08-09 14:20:00,MYR,deposit,psp_fee,PAY001864,PSP001864,-20.25,82025.21,82004.96
STM003749,2026-08-09 14:36:00,INR,deposit,deposit_received,PAY001869,PSP001869,13756.63,1792312.02,1806068.65
STM003750,2026-08-09 14:37:00,INR,deposit,psp_fee,PAY001869,PSP001869,-330.16,1806068.65,1805738.49
STM003751,2026-08-09 14:49:00,INR,deposit,deposit_received,PAY001865,PSP001865,33235.53,1805738.49,1838974.02
STM003752,2026-08-09 14:50:00,INR,deposit,psp_fee,PAY001865,PSP001865,-797.65,1838974.02,1838176.37
STM003753,2026-08-09 15:09:00,INR,deposit,deposit_received,PAY001870,PSP001870,41827.46,1838176.37,1880003.83
STM003754,2026-08-09 15:10:00,INR,deposit,psp_fee,PAY001870,PSP001870,-1003.86,1880003.83,1878999.97
STM003755,2026-08-09 15:20:00,INR,payout,payout_sent,PAY001867,PSP001867,-10793.23,1878999.97,1868206.74
STM003756,2026-08-09 15:21:00,INR,payout,psp_fee,PAY001867,PSP001867,-259.04,1868206.74,1867947.7
STM003757,2026-08-09 15:45:00,INR,deposit,deposit_received,PAY001866,PSP001866,36615.18,1867947.7,1904562.88
STM003758,2026-08-09 15:46:00,INR,deposit,psp_fee,PAY001866,PSP001866,-878.76,1904562.88,1903684.12
STM003759,2026-08-09 17:01:00,MYR,deposit,deposit_received,PAY001868,PSP001868,1551.56,82004.96,83556.52
STM003760,2026-08-09 17:02:00,MYR,deposit,psp_fee,PAY001868,PSP001868,-37.24,83556.52,83519.28
STM003761,2026-08-09 17:17:00,MYR,deposit,deposit_received,PAY001872,PSP001872,1045.86,83519.28,84565.14
STM003762,2026-08-09 17:18:00,MYR,deposit,psp_fee,PAY001872,PSP001872,-25.1,84565.14,84540.04
STM003763,2026-08-09 17:18:00,INR,deposit,deposit_received,PAY001873,PSP001873,20285.58,1903684.12,1923969.7
STM003764,2026-08-09 17:19:00,INR,deposit,psp_fee,PAY001873,PSP001873,-486.85,1923969.7,1923482.85
STM003765,2026-08-09 18:15:00,INR,deposit,deposit_received,PAY001871,PSP001871,48126.53,1923482.85,1971609.38
STM003766,2026-08-09 18:16:00,INR,deposit,psp_fee,PAY001871,PSP001871,-1155.04,1971609.38,1970454.34
STM003767,2026-08-09 18:34:00,INR,deposit,deposit_received,PAY001874,PSP001874,31144.2,1970454.34,2001598.54
STM003768,2026-08-09 18:35:00,INR,deposit,psp_fee,PAY001874,PSP001874,-747.46,2001598.54,2000851.08
STM003769,2026-08-09 18:44:00,INR,payout,payout_sent,PAY001875,PSP001875,-10811.54,2000851.08,1990039.54
STM003770,2026-08-09 18:44:00,INR,deposit,deposit_received,PAY001877,PSP001877,4567.33,1990039.54,1994606.87
STM003771,2026-08-09 18:45:00,INR,payout,psp_fee,PAY001875,PSP001875,-259.48,1994606.87,1994347.39
STM003772,2026-08-09 18:45:00,INR,deposit,psp_fee,PAY001877,PSP001877,-109.62,1994347.39,1994237.77
STM003773,2026-08-09 20:00:00,MYR,deposit,deposit_received,PAY001880,PSP001880,608.85,84540.04,85148.89
STM003774,2026-08-09 20:01:00,MYR,deposit,psp_fee,PAY001880,PSP001880,-14.61,85148.89,85134.28
STM003775,2026-08-09 20:12:00,MYR,deposit,deposit_received,PAY001882,PSP001882,1025.28,85134.28,86159.56
STM003776,2026-08-09 20:13:00,MYR,deposit,psp_fee,PAY001882,PSP001882,-24.61,86159.56,86134.95
STM003777,2026-08-09 20:21:00,MYR,deposit,deposit_received,PAY001878,PSP001878,338.64,86134.95,86473.59
STM003778,2026-08-09 20:22:00,MYR,deposit,psp_fee,PAY001878,PSP001878,-8.13,86473.59,86465.46
STM003779,2026-08-09 20:37:00,MYR,deposit,deposit_received,PAY001879,PSP001879,397.58,86465.46,86863.04
STM003780,2026-08-09 20:38:00,MYR,deposit,psp_fee,PAY001879,PSP001879,-9.54,86863.04,86853.5
STM003781,2026-08-09 20:41:00,INR,deposit,deposit_received,PAY001876,PSP001876,18728.7,1994237.77,2012966.47
STM003782,2026-08-09 20:42:00,INR,deposit,psp_fee,PAY001876,PSP001876,-449.49,2012966.47,2012516.98
STM003783,2026-08-09 20:48:00,INR,deposit,deposit_received,PAY001884,PSP001884,16911.79,2012516.98,2029428.77
STM003784,2026-08-09 20:49:00,INR,deposit,psp_fee,PAY001884,PSP001884,-405.88,2029428.77,2029022.89
STM003785,2026-08-09 21:13:00,INR,deposit,deposit_received,PAY001881,PSP001881,20853.99,2029022.89,2049876.88
STM003786,2026-08-09 21:14:00,INR,deposit,psp_fee,PAY001881,PSP001881,-500.5,2049876.88,2049376.38
STM003787,2026-08-09 21:15:00,INR,deposit,deposit_received,PAY001886,PSP001886,12321.45,2049376.38,2061697.83
STM003788,2026-08-09 21:16:00,INR,deposit,psp_fee,PAY001886,PSP001886,-295.71,2061697.83,2061402.12
STM003789,2026-08-09 22:14:00,MYR,deposit,deposit_received,PAY001887,PSP001887,537.7,86853.5,87391.2
STM003790,2026-08-09 22:15:00,INR,deposit,deposit_received,PAY001883,PSP001883,12451.45,2061402.12,2073853.57
STM003791,2026-08-09 22:15:00,MYR,deposit,psp_fee,PAY001887,PSP001887,-12.9,87391.2,87378.3
STM003792,2026-08-09 22:16:00,INR,deposit,psp_fee,PAY001883,PSP001883,-298.83,2073853.57,2073554.74
STM003793,2026-08-09 23:10:00,INR,deposit,deposit_received,PAY001885,PSP001885,2358.28,2073554.74,2075913.02
STM003794,2026-08-09 23:11:00,INR,deposit,psp_fee,PAY001885,PSP001885,-56.6,2075913.02,2075856.42
STM003795,2026-08-10 07:00:00,INR,settlement,settlement,SET20260810_INR,,-1804682.36,2075856.42,271174.06
STM003796,2026-08-10 07:00:00,MYR,settlement,settlement,SET20260810_MYR,,-86019.01,87378.3,1359.29
STM003797,2026-08-10 08:42:00,INR,deposit,deposit_received,PAY001888,PSP001888,40431.9,271174.06,311605.96
STM003798,2026-08-10 08:43:00,INR,deposit,psp_fee,PAY001888,PSP001888,-970.37,311605.96,310635.59
STM003799,2026-08-10 09:06:00,INR,deposit,deposit_received,PAY001889,PSP001889,26547.47,310635.59,337183.06
STM003800,2026-08-10 09:07:00,INR,deposit,psp_fee,PAY001889,PSP001889,-637.14,337183.06,336545.92
STM003801,2026-08-10 10:15:00,INR,deposit,deposit_received,PAY001890,PSP001890,12434.27,336545.92,348980.19
STM003802,2026-08-10 10:16:00,INR,deposit,psp_fee,PAY001890,PSP001890,-298.42,348980.19,348681.77
STM003803,2026-08-10 10:41:00,INR,deposit,deposit_received,PAY001892,PSP001892,36306.36,348681.77,384988.13
STM003804,2026-08-10 10:42:00,INR,deposit,psp_fee,PAY001892,PSP001892,-871.35,384988.13,384116.78
STM003805,2026-08-10 11:07:00,MYR,deposit,deposit_received,PAY001894,PSP001894,1786.89,1359.29,3146.18
STM003806,2026-08-10 11:08:00,MYR,deposit,psp_fee,PAY001894,PSP001894,-42.89,3146.18,3103.29
STM003807,2026-08-10 11:26:00,MYR,deposit,deposit_received,PAY001893,PSP001893,1983.1,3103.29,5086.39
STM003808,2026-08-10 11:27:00,MYR,deposit,psp_fee,PAY001893,PSP001893,-47.59,5086.39,5038.8
STM003809,2026-08-10 11:37:00,INR,deposit,deposit_received,PAY001891,PSP001891,20547.23,384116.78,404664.01
STM003810,2026-08-10 11:38:00,INR,deposit,psp_fee,PAY001891,PSP001891,-493.13,404664.01,404170.88
STM003811,2026-08-10 12:17:00,INR,payout,payout_sent,PAY001895,PSP001895,-25193.07,404170.88,378977.81
STM003812,2026-08-10 12:18:00,INR,payout,psp_fee,PAY001895,PSP001895,-604.63,378977.81,378373.18
STM003813,2026-08-10 12:42:00,INR,deposit,deposit_received,PAY001896,PSP001896,6044.72,378373.18,384417.9
STM003814,2026-08-10 12:43:00,INR,deposit,psp_fee,PAY001896,PSP001896,-145.07,384417.9,384272.83
STM003815,2026-08-10 14:06:00,INR,deposit,deposit_received,PAY001902,PSP001902,24128.67,384272.83,408401.5
STM003816,2026-08-10 14:07:00,INR,deposit,psp_fee,PAY001902,PSP001902,-579.09,408401.5,407822.41
STM003817,2026-08-10 14:40:00,INR,deposit,deposit_received,PAY001903,PSP001903,10137.94,407822.41,417960.35
STM003818,2026-08-10 14:41:00,INR,deposit,psp_fee,PAY001903,PSP001903,-243.31,417960.35,417717.04
STM003819,2026-08-10 15:01:00,INR,deposit,deposit_received,PAY001897,PSP001897,17025.67,417717.04,434742.71
STM003820,2026-08-10 15:02:00,INR,deposit,psp_fee,PAY001897,PSP001897,-408.62,434742.71,434334.09
STM003821,2026-08-10 15:08:00,MYR,deposit,deposit_received,PAY001898,PSP001898,1651.39,5038.8,6690.19
STM003822,2026-08-10 15:09:00,MYR,deposit,psp_fee,PAY001898,PSP001898,-39.63,6690.19,6650.56
STM003823,2026-08-10 15:25:00,MYR,deposit,deposit_received,PAY001899,PSP001899,801.77,6650.56,7452.33
STM003824,2026-08-10 15:26:00,MYR,deposit,psp_fee,PAY001899,PSP001899,-19.24,7452.33,7433.09
STM003825,2026-08-10 15:36:00,INR,deposit,deposit_received,PAY001904,PSP001904,14113.47,434334.09,448447.56
STM003826,2026-08-10 15:37:00,INR,deposit,psp_fee,PAY001904,PSP001904,-338.72,448447.56,448108.84
STM003827,2026-08-10 15:59:00,INR,deposit,deposit_received,PAY001905,PSP001905,34923.15,448108.84,483031.99
STM003828,2026-08-10 16:00:00,INR,deposit,psp_fee,PAY001905,PSP001905,-838.16,483031.99,482193.83
STM003829,2026-08-10 16:08:00,INR,deposit,deposit_received,PAY001901,PSP001901,14698.39,482193.83,496892.22
STM003830,2026-08-10 16:09:00,INR,deposit,psp_fee,PAY001901,PSP001901,-352.76,496892.22,496539.46
STM003831,2026-08-10 16:14:00,MYR,deposit,deposit_received,PAY001900,PSP001900,180.22,7433.09,7613.31
STM003832,2026-08-10 16:15:00,MYR,deposit,psp_fee,PAY001900,PSP001900,-4.33,7613.31,7608.98
STM003833,2026-08-10 16:27:00,MYR,deposit,deposit_received,PAY001907,PSP001907,874.48,7608.98,8483.46
STM003834,2026-08-10 16:28:00,MYR,deposit,psp_fee,PAY001907,PSP001907,-20.99,8483.46,8462.47
STM003835,2026-08-10 17:47:00,INR,deposit,deposit_received,PAY001908,PSP001908,21612.54,496539.46,518152.0
STM003836,2026-08-10 17:48:00,INR,deposit,psp_fee,PAY001908,PSP001908,-518.7,518152.0,517633.3
STM003837,2026-08-10 18:25:00,MYR,deposit,deposit_received,PAY001906,PSP001906,1664.28,8462.47,10126.75
STM003838,2026-08-10 18:26:00,MYR,deposit,psp_fee,PAY001906,PSP001906,-39.94,10126.75,10086.81
STM003839,2026-08-10 18:49:00,MYR,deposit,deposit_received,PAY001910,PSP001910,1641.8,10086.81,11728.61
STM003840,2026-08-10 18:50:00,MYR,deposit,psp_fee,PAY001910,PSP001910,-39.4,11728.61,11689.21
STM003841,2026-08-10 19:03:00,INR,deposit,deposit_received,PAY001909,PSP001909,26252.7,517633.3,543886.0
STM003842,2026-08-10 19:04:00,INR,deposit,psp_fee,PAY001909,PSP001909,-630.06,543886.0,543255.94
STM003843,2026-08-10 19:40:00,INR,payout,payout_sent,PAY001911,PSP001911,-8681.4,543255.94,534574.54
STM003844,2026-08-10 19:41:00,INR,payout,psp_fee,PAY001911,PSP001911,-208.35,534574.54,534366.19
STM003845,2026-08-10 20:16:00,MYR,deposit,deposit_received,PAY001913,PSP001913,889.39,11689.21,12578.6
STM003846,2026-08-10 20:17:00,MYR,deposit,psp_fee,PAY001913,PSP001913,-21.35,12578.6,12557.25
STM003847,2026-08-10 20:47:00,INR,deposit,deposit_received,PAY001912,PSP001912,44925.93,534366.19,579292.12
STM003848,2026-08-10 20:48:00,INR,deposit,psp_fee,PAY001912,PSP001912,-1078.22,579292.12,578213.9
STM003849,2026-08-10 21:14:00,MYR,deposit,deposit_received,PAY001914,PSP001914,1298.98,12557.25,13856.23
STM003850,2026-08-10 21:15:00,MYR,deposit,psp_fee,PAY001914,PSP001914,-31.18,13856.23,13825.05
STM003851,2026-08-11 08:27:00,INR,payout,payout_sent,PAY001915,PSP001915,-8003.85,578213.9,570210.05
STM003852,2026-08-11 08:28:00,INR,payout,psp_fee,PAY001915,PSP001915,-192.09,570210.05,570017.96
STM003853,2026-08-11 10:44:00,INR,deposit,deposit_received,PAY001916,PSP001916,745.47,570017.96,570763.43
STM003854,2026-08-11 10:45:00,INR,deposit,psp_fee,PAY001916,PSP001916,-17.89,570763.43,570745.54
STM003855,2026-08-11 10:56:00,INR,deposit,deposit_received,PAY001918,PSP001918,12070.5,570745.54,582816.04
STM003856,2026-08-11 10:57:00,INR,deposit,psp_fee,PAY001918,PSP001918,-289.69,582816.04,582526.35
STM003857,2026-08-11 11:42:00,INR,deposit,deposit_received,PAY001919,PSP001919,22850.93,582526.35,605377.28
STM003858,2026-08-11 11:43:00,INR,deposit,psp_fee,PAY001919,PSP001919,-548.42,605377.28,604828.86
STM003859,2026-08-11 12:00:00,INR,deposit,deposit_received,PAY001917,PSP001917,24105.9,604828.86,628934.76
STM003860,2026-08-11 12:01:00,INR,deposit,psp_fee,PAY001917,PSP001917,-578.54,628934.76,628356.22
STM003861,2026-08-11 13:49:00,INR,payout,payout_sent,PAY001920,PSP001920,-15129.37,628356.22,613226.85
STM003862,2026-08-11 13:50:00,INR,payout,psp_fee,PAY001920,PSP001920,-363.1,613226.85,612863.75
STM003863,2026-08-11 15:32:00,MYR,payout,payout_sent,PAY001921,PSP001921,-1230.47,13825.05,12594.58
STM003864,2026-08-11 15:33:00,MYR,payout,psp_fee,PAY001921,PSP001921,-29.53,12594.58,12565.05
STM003865,2026-08-11 16:36:00,INR,deposit,deposit_received,PAY001922,PSP001922,31376.89,612863.75,644240.64
STM003866,2026-08-11 16:37:00,INR,deposit,psp_fee,PAY001922,PSP001922,-753.05,644240.64,643487.59
STM003867,2026-08-11 17:12:00,MYR,deposit,deposit_received,PAY001924,PSP001924,612.23,12565.05,13177.28
STM003868,2026-08-11 17:13:00,MYR,deposit,psp_fee,PAY001924,PSP001924,-14.69,13177.28,13162.59
STM003869,2026-08-11 17:16:00,MYR,deposit,deposit_received,PAY001923,PSP001923,1665.66,13162.59,14828.25
STM003870,2026-08-11 17:17:00,MYR,deposit,psp_fee,PAY001923,PSP001923,-39.98,14828.25,14788.27
STM003871,2026-08-11 19:27:00,MYR,deposit,deposit_received,PAY001925,PSP001925,518.96,14788.27,15307.23
STM003872,2026-08-11 19:28:00,MYR,deposit,psp_fee,PAY001925,PSP001925,-12.46,15307.23,15294.77
STM003873,2026-08-12 09:42:00,INR,deposit,deposit_received,PAY001927,PSP001927,5863.57,643487.59,649351.16
STM003874,2026-08-12 09:43:00,INR,deposit,psp_fee,PAY001927,PSP001927,-140.73,649351.16,649210.43
STM003875,2026-08-12 10:13:00,MYR,deposit,deposit_received,PAY001930,PSP001930,1534.67,15294.77,16829.44
STM003876,2026-08-12 10:14:00,MYR,deposit,psp_fee,PAY001930,PSP001930,-36.83,16829.44,16792.61
STM003877,2026-08-12 10:53:00,INR,deposit,deposit_received,PAY001926,PSP001926,44423.25,649210.43,693633.68
STM003878,2026-08-12 10:54:00,INR,deposit,psp_fee,PAY001926,PSP001926,-1066.16,693633.68,692567.52
STM003879,2026-08-12 11:32:00,MYR,deposit,deposit_received,PAY001929,PSP001929,1980.34,16792.61,18772.95
STM003880,2026-08-12 11:33:00,MYR,deposit,psp_fee,PAY001929,PSP001929,-47.53,18772.95,18725.42
STM003881,2026-08-12 11:36:00,INR,deposit,deposit_received,PAY001928,PSP001928,20508.5,692567.52,713076.02
STM003882,2026-08-12 11:37:00,INR,deposit,psp_fee,PAY001928,PSP001928,-492.2,713076.02,712583.82
STM003883,2026-08-12 11:48:00,MYR,deposit,deposit_received,PAY001931,PSP001931,639.72,18725.42,19365.14
STM003884,2026-08-12 11:49:00,MYR,deposit,psp_fee,PAY001931,PSP001931,-15.35,19365.14,19349.79
STM003885,2026-08-12 13:42:00,INR,deposit,deposit_received,PAY001932,PSP001932,32684.38,712583.82,745268.2
STM003886,2026-08-12 13:43:00,INR,deposit,psp_fee,PAY001932,PSP001932,-784.43,745268.2,744483.77
STM003887,2026-08-12 14:12:00,INR,payout,payout_sent,PAY001933,PSP001933,-21156.41,744483.77,723327.36
STM003888,2026-08-12 14:13:00,INR,payout,psp_fee,PAY001933,PSP001933,-507.75,723327.36,722819.61
STM003889,2026-08-12 14:17:00,INR,deposit,deposit_received,PAY001935,PSP001935,27452.77,722819.61,750272.38
STM003890,2026-08-12 14:18:00,INR,deposit,psp_fee,PAY001935,PSP001935,-658.87,750272.38,749613.51
STM003891,2026-08-12 14:59:00,INR,deposit,deposit_received,PAY001934,PSP001934,30695.35,749613.51,780308.86
STM003892,2026-08-12 15:00:00,INR,deposit,psp_fee,PAY001934,PSP001934,-736.69,780308.86,779572.17
STM003893,2026-08-12 16:12:00,MYR,payout,payout_sent,PAY001936,PSP001936,-529.69,19349.79,18820.1
STM003894,2026-08-12 16:13:00,MYR,payout,psp_fee,PAY001936,PSP001936,-12.71,18820.1,18807.39
STM003895,2026-08-12 16:59:00,MYR,deposit,deposit_received,PAY001937,PSP001937,59.42,18807.39,18866.81
STM003896,2026-08-12 17:00:00,MYR,deposit,psp_fee,PAY001937,PSP001937,-1.43,18866.81,18865.38
STM003897,2026-08-12 17:43:00,MYR,deposit,deposit_received,PAY001939,PSP001939,526.3,18865.38,19391.68
STM003898,2026-08-12 17:44:00,MYR,deposit,psp_fee,PAY001939,PSP001939,-12.63,19391.68,19379.05
STM003899,2026-08-12 17:59:00,MYR,deposit,deposit_received,PAY001941,PSP001941,1713.63,19379.05,21092.68
STM003900,2026-08-12 18:00:00,MYR,deposit,psp_fee,PAY001941,PSP001941,-41.13,21092.68,21051.55
STM003901,2026-08-12 18:33:00,MYR,payout,payout_sent,PAY001940,PSP001940,-349.89,21051.55,20701.66
STM003902,2026-08-12 18:34:00,MYR,payout,psp_fee,PAY001940,PSP001940,-8.4,20701.66,20693.26
STM003903,2026-08-12 18:51:00,MYR,deposit,deposit_received,PAY001938,PSP001938,1539.99,20693.26,22233.25
STM003904,2026-08-12 18:52:00,MYR,deposit,psp_fee,PAY001938,PSP001938,-36.96,22233.25,22196.29
STM003905,2026-08-12 19:29:00,INR,deposit,deposit_received,PAY001942,PSP001942,21995.28,779572.17,801567.45
STM003906,2026-08-12 19:30:00,INR,deposit,psp_fee,PAY001942,PSP001942,-527.89,801567.45,801039.56
STM003907,2026-08-12 20:10:00,INR,deposit,deposit_received,PAY001945,PSP001945,19071.98,801039.56,820111.54
STM003908,2026-08-12 20:11:00,INR,deposit,psp_fee,PAY001945,PSP001945,-457.73,820111.54,819653.81
STM003909,2026-08-12 21:05:00,INR,deposit,deposit_received,PAY001944,PSP001944,40808.53,819653.81,860462.34
STM003910,2026-08-12 21:06:00,INR,deposit,psp_fee,PAY001944,PSP001944,-979.4,860462.34,859482.94
STM003911,2026-08-12 21:09:00,MYR,deposit,deposit_received,PAY001943,PSP001943,260.06,22196.29,22456.35
STM003912,2026-08-12 21:10:00,MYR,deposit,psp_fee,PAY001943,PSP001943,-6.24,22456.35,22450.11
STM003913,2026-08-12 21:22:00,MYR,deposit,deposit_received,PAY001946,PSP001946,1719.94,22450.11,24170.05
STM003914,2026-08-12 21:23:00,MYR,deposit,psp_fee,PAY001946,PSP001946,-41.28,24170.05,24128.77
STM003915,2026-08-12 22:28:00,MYR,payout,payout_sent,PAY001947,PSP001947,-1141.5,24128.77,22987.27
STM003916,2026-08-12 22:29:00,MYR,payout,psp_fee,PAY001947,PSP001947,-27.4,22987.27,22959.87
STM003917,2026-08-13 10:01:00,MYR,deposit,deposit_received,PAY001948,PSP001948,129.09,22959.87,23088.96
STM003918,2026-08-13 10:02:00,MYR,deposit,psp_fee,PAY001948,PSP001948,-3.1,23088.96,23085.86
STM003919,2026-08-13 11:08:00,MYR,payout,payout_sent,PAY001949,PSP001949,-601.2,23085.86,22484.66
STM003920,2026-08-13 11:09:00,MYR,payout,psp_fee,PAY001949,PSP001949,-14.43,22484.66,22470.23
STM003921,2026-08-13 12:09:00,MYR,deposit,deposit_received,PAY001950,PSP001950,1774.31,22470.23,24244.54
STM003922,2026-08-13 12:10:00,MYR,deposit,psp_fee,PAY001950,PSP001950,-42.58,24244.54,24201.96
STM003923,2026-08-13 13:14:00,INR,deposit,deposit_received,PAY001958,PSP001958,30344.9,859482.94,889827.84
STM003924,2026-08-13 13:15:00,INR,deposit,psp_fee,PAY001958,PSP001958,-728.28,889827.84,889099.56
STM003925,2026-08-13 13:16:00,INR,deposit,deposit_received,PAY001952,PSP001952,36386.91,889099.56,925486.47
STM003926,2026-08-13 13:16:00,INR,deposit,deposit_received,PAY001955,PSP001955,11989.6,925486.47,937476.07
STM003927,2026-08-13 13:17:00,INR,deposit,psp_fee,PAY001952,PSP001952,-873.29,937476.07,936602.78
STM003928,2026-08-13 13:17:00,INR,deposit,psp_fee,PAY001955,PSP001955,-287.75,936602.78,936315.03
STM003929,2026-08-13 13:29:00,MYR,deposit,deposit_received,PAY001951,PSP001951,708.76,24201.96,24910.72
STM003930,2026-08-13 13:30:00,MYR,deposit,psp_fee,PAY001951,PSP001951,-17.01,24910.72,24893.71
STM003931,2026-08-13 13:30:00,MYR,deposit,deposit_received,PAY001954,PSP001954,1359.03,24893.71,26252.74
STM003932,2026-08-13 13:31:00,MYR,deposit,psp_fee,PAY001954,PSP001954,-32.62,26252.74,26220.12
STM003933,2026-08-13 13:56:00,MYR,deposit,deposit_received,PAY001957,PSP001957,944.58,26220.12,27164.7
STM003934,2026-08-13 13:57:00,MYR,deposit,psp_fee,PAY001957,PSP001957,-22.67,27164.7,27142.03
STM003935,2026-08-13 14:10:00,MYR,deposit,deposit_received,PAY001953,PSP001953,1143.88,27142.03,28285.91
STM003936,2026-08-13 14:11:00,MYR,deposit,psp_fee,PAY001953,PSP001953,-27.45,28285.91,28258.46
STM003937,2026-08-13 14:20:00,INR,deposit,deposit_received,PAY002001,PSP002001,25000.0,936315.03,961315.03
STM003938,2026-08-13 14:21:00,INR,deposit,psp_fee,PAY002001,PSP002001,-600.0,961315.03,960715.03
STM003939,2026-08-13 14:39:00,MYR,deposit,deposit_received,PAY001956,PSP001956,429.16,28258.46,28687.62
STM003940,2026-08-13 14:40:00,MYR,deposit,psp_fee,PAY001956,PSP001956,-10.3,28687.62,28677.32
STM003941,2026-08-13 14:49:00,MYR,deposit,deposit_received,PAY001963,PSP001963,609.21,28677.32,29286.53
STM003942,2026-08-13 14:50:00,MYR,deposit,psp_fee,PAY001963,PSP001963,-14.62,29286.53,29271.91
STM003943,2026-08-13 14:57:00,MYR,deposit,deposit_received,PAY001960,PSP001960,1105.84,29271.91,30377.75
STM003944,2026-08-13 14:58:00,MYR,deposit,psp_fee,PAY001960,PSP001960,-26.54,30377.75,30351.21
STM003945,2026-08-13 15:07:00,MYR,payout,payout_sent,PAY001962,PSP001962,-962.39,30351.21,29388.82
STM003946,2026-08-13 15:08:00,MYR,payout,psp_fee,PAY001962,PSP001962,-23.1,29388.82,29365.72
STM003947,2026-08-13 15:38:00,INR,deposit,deposit_received,PAY001959,PSP001959,12279.66,960715.03,972994.69
STM003948,2026-08-13 15:39:00,INR,deposit,psp_fee,PAY001959,PSP001959,-294.71,972994.69,972699.98
STM003949,2026-08-13 15:53:00,INR,deposit,deposit_received,PAY001964,PSP001964,49748.98,972699.98,1022448.96
STM003950,2026-08-13 15:54:00,INR,deposit,psp_fee,PAY001964,PSP001964,-1193.98,1022448.96,1021254.98
STM003951,2026-08-13 16:14:00,INR,deposit,deposit_received,PAY001966,PSP001966,33530.18,1021254.98,1054785.16
STM003952,2026-08-13 16:15:00,INR,deposit,psp_fee,PAY001966,PSP001966,-804.72,1054785.16,1053980.44
STM003953,2026-08-13 16:54:00,INR,deposit,deposit_received,PAY001961,PSP001961,4179.63,1053980.44,1058160.07
STM003954,2026-08-13 16:55:00,INR,deposit,psp_fee,PAY001961,PSP001961,-100.31,1058160.07,1058059.76
STM003955,2026-08-13 17:14:00,INR,deposit,deposit_received,PAY001965,PSP001965,20218.8,1058059.76,1078278.56
STM003956,2026-08-13 17:15:00,INR,deposit,psp_fee,PAY001965,PSP001965,-485.25,1078278.56,1077793.31
STM003957,2026-08-13 17:26:00,MYR,deposit,deposit_received,PAY001970,PSP001970,1737.17,29365.72,31102.89
STM003958,2026-08-13 17:27:00,MYR,deposit,psp_fee,PAY001970,PSP001970,-41.69,31102.89,31061.2
STM003959,2026-08-13 17:36:00,INR,deposit,deposit_received,PAY001968,PSP001968,13424.37,1077793.31,1091217.68
STM003960,2026-08-13 17:37:00,INR,deposit,psp_fee,PAY001968,PSP001968,-322.18,1091217.68,1090895.5
STM003961,2026-08-13 17:46:00,INR,deposit,deposit_received,PAY001967,PSP001967,32133.59,1090895.5,1123029.09
STM003962,2026-08-13 17:47:00,INR,deposit,psp_fee,PAY001967,PSP001967,-771.21,1123029.09,1122257.88
STM003963,2026-08-13 18:49:00,MYR,deposit,deposit_received,PAY001969,PSP001969,1575.26,31061.2,32636.46
STM003964,2026-08-13 18:50:00,MYR,deposit,psp_fee,PAY001969,PSP001969,-37.81,32636.46,32598.65
STM003965,2026-08-13 20:05:00,MYR,deposit,deposit_received,PAY001975,PSP001975,1724.4,32598.65,34323.05
STM003966,2026-08-13 20:06:00,MYR,deposit,psp_fee,PAY001975,PSP001975,-41.39,34323.05,34281.66
STM003967,2026-08-13 20:49:00,INR,deposit,deposit_received,PAY001973,PSP001973,36099.55,1122257.88,1158357.43
STM003968,2026-08-13 20:50:00,INR,deposit,psp_fee,PAY001973,PSP001973,-866.39,1158357.43,1157491.04
STM003969,2026-08-13 20:51:00,MYR,deposit,deposit_received,PAY001972,PSP001972,1157.68,34281.66,35439.34
STM003970,2026-08-13 20:51:00,INR,payout,payout_sent,PAY001976,PSP001976,-2917.24,1157491.04,1154573.8
STM003971,2026-08-13 20:52:00,MYR,deposit,psp_fee,PAY001972,PSP001972,-27.78,35439.34,35411.56
STM003972,2026-08-13 20:52:00,INR,payout,psp_fee,PAY001976,PSP001976,-70.01,1154573.8,1154503.79
STM003973,2026-08-13 20:59:00,INR,deposit,deposit_received,PAY001971,PSP001971,9272.22,1154503.79,1163776.01
STM003974,2026-08-13 21:00:00,INR,deposit,psp_fee,PAY001971,PSP001971,-222.53,1163776.01,1163553.48
STM003975,2026-08-13 21:05:00,INR,deposit,deposit_received,PAY001977,PSP001977,33857.21,1163553.48,1197410.69
STM003976,2026-08-13 21:06:00,INR,deposit,psp_fee,PAY001977,PSP001977,-812.57,1197410.69,1196598.12
STM003977,2026-08-13 21:37:00,INR,deposit,deposit_received,PAY001974,PSP001974,20431.64,1196598.12,1217029.76
STM003978,2026-08-13 21:38:00,INR,deposit,psp_fee,PAY001974,PSP001974,-490.36,1217029.76,1216539.4
STM003979,2026-08-14 08:44:00,INR,deposit,deposit_received,PAY001979,PSP001979,28686.87,1216539.4,1245226.27
STM003980,2026-08-14 08:45:00,INR,deposit,psp_fee,PAY001979,PSP001979,-688.48,1245226.27,1244537.79
STM003981,2026-08-14 09:59:00,MYR,deposit,deposit_received,PAY001978,PSP001978,1091.98,35411.56,36503.54
STM003982,2026-08-14 10:00:00,MYR,deposit,psp_fee,PAY001978,PSP001978,-26.21,36503.54,36477.33
STM003983,2026-08-14 10:06:00,INR,payout,payout_sent,PAY001983,PSP001983,-22672.8,1244537.79,1221864.99
STM003984,2026-08-14 10:07:00,INR,payout,psp_fee,PAY001983,PSP001983,-544.15,1221864.99,1221320.84
STM003985,2026-08-14 11:24:00,INR,deposit,deposit_received,PAY001980,PSP001980,7367.83,1221320.84,1228688.67
STM003986,2026-08-14 11:25:00,INR,deposit,psp_fee,PAY001980,PSP001980,-176.83,1228688.67,1228511.84
STM003987,2026-08-14 11:39:00,MYR,payout,payout_sent,PAY001981,PSP001981,-751.97,36477.33,35725.36
STM003988,2026-08-14 11:40:00,MYR,payout,psp_fee,PAY001981,PSP001981,-18.05,35725.36,35707.31
STM003989,2026-08-14 11:46:00,MYR,payout,payout_sent,PAY001982,PSP001982,-409.78,35707.31,35297.53
STM003990,2026-08-14 11:47:00,MYR,payout,psp_fee,PAY001982,PSP001982,-9.83,35297.53,35287.7
STM003991,2026-08-14 13:19:00,MYR,deposit,deposit_received,PAY001984,PSP001984,1334.76,35287.7,36622.46
STM003992,2026-08-14 13:19:00,MYR,payout,payout_sent,PAY001986,PSP001986,-747.2,36622.46,35875.26
STM003993,2026-08-14 13:20:00,MYR,deposit,psp_fee,PAY001984,PSP001984,-32.03,35875.26,35843.23
STM003994,2026-08-14 13:20:00,MYR,payout,psp_fee,PAY001986,PSP001986,-17.93,35843.23,35825.3
STM003995,2026-08-14 14:00:00,MYR,deposit,deposit_received,PAY001985,PSP001985,1307.29,35825.3,37132.59
STM003996,2026-08-14 14:01:00,MYR,deposit,psp_fee,PAY001985,PSP001985,-31.37,37132.59,37101.22
STM003997,2026-08-14 15:24:00,INR,deposit,deposit_received,PAY001988,PSP001988,5037.45,1228511.84,1233549.29
STM003998,2026-08-14 15:25:00,INR,deposit,psp_fee,PAY001988,PSP001988,-120.9,1233549.29,1233428.39
STM003999,2026-08-14 16:09:00,INR,deposit,deposit_received,PAY001987,PSP001987,31490.26,1233428.39,1264918.65
STM004000,2026-08-14 16:10:00,INR,deposit,psp_fee,PAY001987,PSP001987,-755.77,1264918.65,1264162.88
STM004001,2026-08-14 17:54:00,INR,deposit,deposit_received,PAY001990,PSP001990,14107.55,1264162.88,1278270.43
STM004002,2026-08-14 17:55:00,INR,deposit,psp_fee,PAY001990,PSP001990,-338.58,1278270.43,1277931.85
STM004003,2026-08-14 18:41:00,MYR,deposit,deposit_received,PAY001989,PSP001989,416.1,37101.22,37517.32
STM004004,2026-08-14 18:42:00,MYR,deposit,psp_fee,PAY001989,PSP001989,-9.99,37517.32,37507.33
STM004005,2026-08-14 20:11:00,INR,payout,payout_sent,PAY001991,PSP001991,-12940.43,1277931.85,1264991.42
STM004006,2026-08-14 20:12:00,INR,payout,psp_fee,PAY001991,PSP001991,-310.57,1264991.42,1264680.85
STM004007,2026-08-14 20:15:00,MYR,deposit,deposit_received,PAY001992,PSP001992,1833.18,37507.33,39340.51
STM004008,2026-08-14 20:16:00,MYR,deposit,psp_fee,PAY001992,PSP001992,-44.0,39340.51,39296.51
STM004009,2026-08-14 20:36:00,INR,deposit,deposit_received,PAY001995,PSP001995,34275.77,1264680.85,1298956.62
STM004010,2026-08-14 20:37:00,INR,deposit,psp_fee,PAY001995,PSP001995,-822.62,1298956.62,1298134.0
STM004011,2026-08-14 21:03:00,INR,payout,payout_sent,PAY001993,PSP001993,-8671.77,1298134.0,1289462.23
STM004012,2026-08-14 21:04:00,INR,payout,psp_fee,PAY001993,PSP001993,-208.12,1289462.23,1289254.11
STM004013,2026-08-14 21:13:00,INR,deposit,deposit_received,PAY001996,PSP001996,33346.72,1289254.11,1322600.83
STM004014,2026-08-14 21:14:00,INR,deposit,psp_fee,PAY001996,PSP001996,-800.32,1322600.83,1321800.51
STM004015,2026-08-14 21:20:00,MYR,deposit,deposit_received,PAY001994,PSP001994,1587.34,39296.51,40883.85
STM004016,2026-08-14 21:21:00,MYR,deposit,psp_fee,PAY001994,PSP001994,-38.1,40883.85,40845.75
STM004017,2026-08-14 22:09:00,MYR,deposit,deposit_received,PAY001997,PSP001997,1380.66,40845.75,42226.41
STM004018,2026-08-14 22:10:00,MYR,deposit,psp_fee,PAY001997,PSP001997,-33.14,42226.41,42193.27
STM004019,2026-08-14 22:20:00,INR,payout,payout_sent,PAY001998,PSP001998,-7675.84,1321800.51,1314124.67
STM004020,2026-08-14 22:21:00,INR,payout,psp_fee,PAY001998,PSP001998,-184.22,1314124.67,1313940.45
STM004021,2026-08-14 22:34:00,MYR,payout,payout_sent,PAY001999,PSP001999,-363.03,42193.27,41830.24
STM004022,2026-08-14 22:35:00,MYR,payout,psp_fee,PAY001999,PSP001999,-8.71,41830.24,41821.53
STM004023,2026-08-17 07:00:00,INR,settlement,settlement,SET20260817_INR,,-1150458.25,1313940.45,163482.2
STM004024,2026-08-17 07:00:00,MYR,settlement,settlement,SET20260817_MYR,,-33112.88,41821.53,8708.65
STM004025,2026-08-17 09:15:00,MYR,deposit,deposit_received,PAY002000,PSP002000,306.5,8708.65,9015.15
STM004026,2026-08-17 09:16:00,MYR,deposit,psp_fee,PAY002000,PSP002000,-7.36,9015.15,9007.79
