psp_record_id,provider_transaction_id,transaction_type,psp_status_updated_at,currency,local_amount,fee_local,status
PSP000001,PAY000001,deposit,2026-05-18 09:38:00,INR,27693.6,664.65,success
PSP000002,PAY000002,deposit,2026-05-18 11:23:00,MYR,170.35,4.09,success
PSP000003,PAY000003,deposit,2026-05-18 11:48:00,MYR,286.25,6.87,success
PSP000004,PAY000004,deposit,2026-05-18 13:15:00,INR,4762.92,114.31,success
PSP000005,PAY000005,deposit,2026-05-18 12:51:00,MYR,684.69,16.43,success
PSP000006,PAY000006,deposit,2026-05-18 13:43:00,INR,28605.57,686.53,success
PSP000007,PAY000007,deposit,2026-05-18 16:12:00,MYR,1378.42,33.08,success
PSP000008,PAY000008,deposit,2026-05-18 16:54:00,INR,43124.27,1034.98,success
PSP000009,PAY000009,payout,2026-05-18 17:51:00,MYR,1040.83,24.98,success
PSP000010,PAY000010,deposit,2026-05-18 19:29:00,MYR,252.39,6.06,success
PSP000011,PAY000011,deposit,2026-05-18 18:10:00,INR,30419.79,730.07,success
PSP000012,PAY000012,deposit,2026-05-18 20:47:00,INR,16630.55,399.13,success
PSP000013,PAY000013,deposit,2026-05-18 20:19:00,MYR,1193.36,28.64,success
PSP000014,PAY000014,deposit,2026-05-18 20:45:00,INR,19498.91,467.97,success
PSP000015,PAY000015,deposit,2026-05-18 21:08:00,MYR,1147.41,27.54,success
PSP000016,PAY000016,deposit,2026-05-18 22:32:00,INR,37098.67,890.37,success
PSP000017,PAY000017,deposit,2026-05-18 21:11:00,MYR,670.99,16.1,success
PSP000018,PAY000018,deposit,2026-05-18 21:15:00,MYR,167.13,4.01,success
PSP000019,PAY000019,deposit,2026-05-18 21:34:00,MYR,208.35,5.0,success
PSP000020,PAY000020,deposit,2026-05-19 10:46:00,INR,22922.23,550.13,success
PSP000021,PAY000021,deposit,2026-05-19 12:47:00,MYR,620.48,14.89,success
PSP000022,PAY000022,deposit,2026-05-19 13:00:00,MYR,1980.87,47.54,success
PSP000023,PAY000023,deposit,2026-05-19 13:27:00,MYR,152.95,3.67,success
PSP000024,PAY000024,deposit,2026-05-19 12:22:00,INR,5930.07,142.32,success
PSP000025,PAY000025,deposit,2026-05-19 13:41:00,INR,31448.11,754.75,success
PSP000026,PAY000026,payout,2026-05-19 14:19:00,MYR,882.69,21.18,success
PSP000027,PAY000027,deposit,2026-05-19 13:10:00,INR,42078.15,1009.88,success
PSP000028,PAY000028,payout,2026-05-19 13:22:00,INR,16677.01,400.25,success
PSP000029,PAY000029,deposit,2026-05-19 18:20:00,MYR,196.79,4.72,success
PSP000030,PAY000030,payout,2026-05-19 20:16:00,MYR,834.41,20.03,success
PSP000031,PAY000031,deposit,2026-05-19 19:51:00,MYR,787.89,18.91,success
PSP000032,PAY000032,deposit,2026-05-19 20:04:00,MYR,1011.37,24.27,success
PSP000033,PAY000033,deposit,2026-05-19 19:29:00,MYR,1165.41,27.97,success
PSP000034,PAY000034,deposit,2026-05-20 08:40:00,MYR,1173.13,28.16,success
PSP000035,PAY000035,deposit,2026-05-20 11:15:00,MYR,1061.01,25.46,success
PSP000036,PAY000036,deposit,2026-05-20 11:07:00,INR,34361.66,824.68,success
PSP000037,PAY000037,deposit,2026-05-20 10:10:00,MYR,1084.02,26.02,success
PSP000038,PAY000038,deposit,2026-05-20 12:15:00,MYR,1160.71,27.86,success
PSP000039,PAY000039,deposit,2026-05-20 11:27:00,MYR,599.74,14.39,success
PSP000040,PAY000040,deposit,2026-05-20 14:19:00,MYR,543.07,13.03,success
PSP000041,PAY000041,deposit,2026-05-20 16:05:00,INR,40540.34,972.97,success
PSP000042,PAY000042,deposit,2026-05-20 15:06:00,MYR,1026.02,24.62,success
PSP000043,PAY000043,deposit,2026-05-20 16:16:00,INR,42963.99,1031.14,success
PSP000044,PAY000044,deposit,2026-05-20 18:25:00,INR,33128.2,795.08,success
PSP000045,PAY000045,deposit,2026-05-20 19:12:00,INR,24503.47,588.08,success
PSP000046,PAY000046,deposit,2026-05-20 19:41:00,INR,48383.61,1161.21,success
PSP000047,PAY000047,deposit,2026-05-20 20:29:00,INR,38633.21,927.2,success
PSP000048,PAY000048,deposit,2026-05-20 21:19:00,MYR,445.39,10.69,success
PSP000049,PAY000049,deposit,2026-05-21 11:05:00,MYR,133.47,3.2,success
PSP000050,PAY000050,deposit,2026-05-21 12:21:00,MYR,490.31,11.77,success
PSP000051,PAY000051,payout,2026-05-21 13:06:00,MYR,714.8,17.16,success
PSP000052,PAY000052,payout,2026-05-21 12:48:00,MYR,527.93,12.67,success
PSP000053,PAY000053,deposit,2026-05-21 15:33:00,INR,32052.5,769.26,success
PSP000054,PAY000054,payout,2026-05-21 15:01:00,MYR,1058.2,25.4,success
PSP000055,PAY000055,payout,2026-05-21 16:38:00,MYR,890.76,21.38,success
PSP000056,PAY000056,deposit,2026-05-21 14:48:00,INR,16006.86,384.16,success
PSP000057,PAY000057,deposit,2026-05-21 17:25:00,INR,20856.81,500.56,success
PSP000058,PAY000058,deposit,2026-05-21 17:05:00,MYR,526.24,12.63,success
PSP000059,PAY000059,deposit,2026-05-21 21:19:00,INR,47549.2,1141.18,success
PSP000060,PAY000060,deposit,2026-05-21 23:20:00,INR,19109.94,458.64,success
PSP000061,PAY000061,payout,2026-05-21 22:43:00,INR,7085.71,170.06,success
PSP000062,PAY000062,payout,2026-05-22 12:44:00,INR,19694.09,472.66,success
PSP000063,PAY000063,deposit,2026-05-22 10:46:00,MYR,576.26,13.83,success
PSP000064,PAY000064,deposit,2026-05-22 11:50:00,MYR,538.73,12.93,success
PSP000065,PAY000065,payout,2026-05-22 11:56:00,MYR,814.16,19.54,success
PSP000066,PAY000066,deposit,2026-05-22 12:29:00,MYR,1544.35,37.06,success
PSP000067,PAY000067,deposit,2026-05-22 12:24:00,INR,5612.71,134.71,success
PSP000068,PAY000068,deposit,2026-05-22 13:21:00,MYR,1796.13,43.11,success
PSP000069,PAY000069,deposit,2026-05-22 14:34:00,INR,13688.61,328.53,success
PSP000070,PAY000070,payout,2026-05-22 17:06:00,MYR,938.93,22.53,success
PSP000071,PAY000071,deposit,2026-05-22 15:08:00,MYR,1094.05,26.26,success
PSP000072,PAY000072,deposit,2026-05-22 17:00:00,MYR,1872.03,44.93,success
PSP000073,PAY000073,deposit,2026-05-22 17:10:00,MYR,749.75,17.99,success
PSP000074,PAY000074,deposit,2026-05-22 16:56:00,MYR,1306.15,31.35,success
PSP000075,PAY000075,deposit,2026-05-22 18:00:00,INR,15294.08,367.06,success
PSP000076,PAY000076,deposit,2026-05-22 19:08:00,INR,24581.93,589.97,success
PSP000077,PAY000077,deposit,2026-05-22 19:12:00,INR,1755.55,42.13,success
PSP000078,PAY000078,deposit,2026-05-22 19:03:00,MYR,1297.51,31.14,success
PSP000079,PAY000079,deposit,2026-05-22 18:00:00,MYR,102.97,2.47,success
PSP000080,PAY000080,deposit,2026-05-22 20:40:00,INR,40451.63,970.84,success
PSP000081,PAY000081,deposit,2026-05-22 21:09:00,MYR,323.44,7.76,success
PSP000082,PAY000082,payout,2026-05-22 19:33:00,INR,12792.14,307.01,success
PSP000083,PAY000083,payout,2026-05-22 22:58:00,INR,1195.24,28.69,success
PSP000084,PAY000084,deposit,2026-05-22 21:11:00,MYR,928.68,22.29,success
PSP000085,PAY000085,payout,2026-05-22 23:18:00,INR,3644.72,87.47,success
PSP000086,PAY000086,payout,2026-05-23 11:00:00,INR,11242.77,269.83,success
PSP000087,PAY000087,deposit,2026-05-23 10:17:00,MYR,1105.39,26.53,success
PSP000088,PAY000088,deposit,2026-05-23 09:29:00,INR,17107.43,410.58,success
PSP000089,PAY000089,deposit,2026-05-23 12:06:00,INR,34966.64,839.2,success
PSP000090,PAY000090,deposit,2026-05-23 11:06:00,MYR,110.18,2.64,success
PSP000091,PAY000091,deposit,2026-05-23 11:37:00,MYR,1762.87,42.31,success
PSP000092,PAY000092,deposit,2026-05-23 13:49:00,INR,35483.69,851.61,success
PSP000093,PAY000093,deposit,2026-05-23 12:30:00,MYR,1393.95,33.45,success
PSP000094,PAY000094,payout,2026-05-23 12:59:00,MYR,347.57,8.34,success
PSP000095,PAY000095,deposit,2026-05-23 12:50:00,INR,30796.47,739.12,success
PSP000096,PAY000096,deposit,2026-05-23 13:51:00,MYR,1128.69,27.09,success
PSP000097,PAY000097,deposit,2026-05-23 16:20:00,INR,25623.27,614.96,success
PSP000098,PAY000098,deposit,2026-05-23 15:11:00,INR,6077.62,145.86,success
PSP000099,PAY000099,deposit,2026-05-23 16:40:00,MYR,1350.18,32.4,success
PSP000100,PAY000100,payout,2026-05-23 19:13:00,MYR,362.64,8.7,success
PSP000101,PAY000101,deposit,2026-05-23 20:23:00,MYR,1851.98,44.45,success
PSP000102,PAY000102,deposit,2026-05-23 21:04:00,INR,4007.55,96.18,success
PSP000103,PAY000103,deposit,2026-05-23 23:08:00,MYR,855.56,20.53,success
PSP000104,PAY000104,deposit,2026-05-23 21:16:00,MYR,672.48,16.14,success
PSP000105,PAY000105,deposit,2026-05-24 09:12:00,MYR,1785.99,42.86,success
PSP000106,PAY000106,payout,2026-05-24 12:55:00,MYR,226.83,5.44,success
PSP000107,PAY000107,deposit,2026-05-24 11:18:00,INR,23158.14,555.8,success
PSP000108,PAY000108,deposit,2026-05-24 11:31:00,MYR,691.71,16.6,success
PSP000109,PAY000109,deposit,2026-05-24 13:41:00,INR,42656.74,1023.76,success
PSP000110,PAY000110,deposit,2026-05-24 14:26:00,INR,44377.24,1065.05,success
PSP000111,PAY000111,deposit,2026-05-24 12:21:00,INR,42822.7,1027.74,success
PSP000112,PAY000112,deposit,2026-05-24 14:34:00,MYR,1195.41,28.69,success
PSP000113,PAY000113,deposit,2026-05-24 15:37:00,INR,12767.66,306.42,success
PSP000114,PAY000114,payout,2026-05-24 14:25:00,INR,23182.18,556.37,success
PSP000115,PAY000115,deposit,2026-05-24 16:38:00,INR,36807.08,883.37,success
PSP000116,PAY000116,deposit,2026-05-24 17:29:00,MYR,1625.14,39.0,success
PSP000117,PAY000117,deposit,2026-05-24 19:19:00,MYR,1513.57,36.33,success
PSP000118,PAY000118,payout,2026-05-24 18:03:00,INR,4123.68,98.97,success
PSP000119,PAY000119,deposit,2026-05-24 20:44:00,MYR,1415.51,33.97,success
PSP000120,PAY000120,deposit,2026-05-24 20:09:00,INR,38705.83,928.94,success
PSP000121,PAY000121,deposit,2026-05-24 19:20:00,MYR,1724.95,41.4,success
PSP000122,PAY000122,deposit,2026-05-24 20:44:00,MYR,869.03,0.0,failed
PSP000123,PAY000123,deposit,2026-05-24 21:03:00,INR,31212.53,749.1,success
PSP000124,PAY000124,deposit,2026-05-25 09:01:00,INR,44454.91,1066.92,success
PSP000125,PAY000125,deposit,2026-05-25 10:22:00,MYR,750.18,18.0,success
PSP000126,PAY000126,deposit,2026-05-25 11:12:00,INR,7351.09,176.43,success
PSP000127,PAY000127,deposit,2026-05-25 11:04:00,INR,43621.0,1046.9,success
PSP000128,PAY000128,deposit,2026-05-25 12:21:00,INR,25426.52,610.24,success
PSP000129,PAY000129,deposit,2026-05-25 12:45:00,INR,22894.33,549.46,success
PSP000130,PAY000130,deposit,2026-05-25 13:09:00,INR,34076.26,817.83,success
PSP000131,PAY000131,payout,2026-05-25 12:13:00,MYR,1059.52,25.43,success
PSP000132,PAY000132,deposit,2026-05-25 13:30:00,MYR,1798.95,43.17,success
PSP000133,PAY000133,deposit,2026-05-25 14:54:00,INR,35005.56,840.13,success
PSP000134,PAY000134,deposit,2026-05-25 17:51:00,INR,15011.89,360.29,success
PSP000135,PAY000135,deposit,2026-05-25 17:58:00,INR,22471.07,539.31,success
PSP000136,PAY000136,deposit,2026-05-25 17:30:00,MYR,1747.43,41.94,success
PSP000137,PAY000137,deposit,2026-05-25 18:25:00,MYR,1321.85,31.72,success
PSP000138,PAY000138,deposit,2026-05-25 18:40:00,MYR,289.95,6.96,success
PSP000139,PAY000139,deposit,2026-05-25 17:39:00,MYR,1942.33,46.62,success
PSP000140,PAY000140,deposit,2026-05-25 18:26:00,MYR,1248.7,29.97,success
PSP000141,PAY000141,deposit,2026-05-25 20:55:00,MYR,1683.48,40.4,success
PSP000142,PAY000142,payout,2026-05-25 19:33:00,INR,1852.57,44.46,success
PSP000143,PAY000143,deposit,2026-05-25 20:44:00,INR,9632.58,231.18,success
PSP000144,PAY000144,deposit,2026-05-25 21:07:00,INR,7823.24,187.76,success
PSP000145,PAY000145,deposit,2026-05-25 21:38:00,INR,46061.48,1105.48,success
PSP000146,PAY000146,payout,2026-05-25 20:49:00,MYR,1015.92,24.38,success
PSP000147,PAY000147,deposit,2026-05-25 21:33:00,MYR,963.6,23.13,success
PSP000148,PAY000148,deposit,2026-05-25 20:47:00,INR,17264.88,414.36,success
PSP000149,PAY000149,deposit,2026-05-25 20:55:00,MYR,1365.68,32.78,success
PSP000150,PAY000150,payout,2026-05-26 08:47:00,INR,11741.04,281.78,success
PSP000151,PAY000151,deposit,2026-05-26 09:54:00,INR,29379.86,705.12,success
PSP000152,PAY000152,deposit,2026-05-26 11:23:00,MYR,1090.67,26.18,success
PSP000153,PAY000153,deposit,2026-05-26 11:01:00,INR,10125.28,243.01,success
PSP000154,PAY000154,deposit,2026-05-26 11:32:00,INR,20179.12,484.3,success
PSP000155,PAY000155,deposit,2026-05-26 11:31:00,MYR,709.49,17.03,success
PSP000156,PAY000156,deposit,2026-05-26 12:50:00,INR,37205.62,892.93,success
PSP000157,PAY000157,deposit,2026-05-26 13:15:00,MYR,1465.35,35.17,success
PSP000158,PAY000158,deposit,2026-05-26 14:01:00,INR,23993.35,575.84,success
PSP000159,PAY000159,deposit,2026-05-26 13:38:00,INR,4878.19,117.08,success
PSP000160,PAY000160,deposit,2026-05-26 14:44:00,MYR,940.38,22.57,success
PSP000161,PAY000161,deposit,2026-05-26 14:29:00,INR,14828.43,355.88,success
PSP000162,PAY000162,payout,2026-05-26 14:44:00,MYR,672.48,16.14,success
PSP000163,PAY000163,deposit,2026-05-26 15:32:00,INR,13502.51,324.06,success
PSP000164,PAY000164,deposit,2026-05-26 14:55:00,MYR,851.8,20.44,success
PSP000165,PAY000165,deposit,2026-05-26 13:37:00,INR,24905.99,597.74,success
PSP000166,PAY000166,deposit,2026-05-26 15:53:00,MYR,889.05,21.34,success
PSP000167,PAY000167,deposit,2026-05-26 17:34:00,MYR,765.21,18.37,success
PSP000168,PAY000168,deposit,2026-05-26 17:38:00,MYR,317.89,7.63,success
PSP000169,PAY000169,deposit,2026-05-26 17:47:00,INR,13997.18,335.93,success
PSP000170,PAY000170,deposit,2026-05-26 16:27:00,MYR,1073.34,25.76,success
PSP000171,PAY000171,deposit,2026-05-26 18:47:00,INR,38352.12,920.45,success
PSP000172,PAY000172,deposit,2026-05-26 19:34:00,INR,41427.69,994.26,success
PSP000173,PAY000173,deposit,2026-05-26 19:07:00,MYR,218.79,5.25,success
PSP000174,PAY000174,deposit,2026-05-26 18:43:00,INR,14430.18,346.32,success
PSP000175,PAY000175,deposit,2026-05-26 17:50:00,MYR,231.76,5.56,success
PSP000176,PAY000176,payout,2026-05-26 20:53:00,INR,14769.72,354.47,success
PSP000177,PAY000177,deposit,2026-05-27 08:42:00,INR,6270.0,150.48,success
PSP000178,PAY000178,deposit,2026-05-27 08:51:00,INR,34707.01,832.97,success
PSP000179,PAY000179,payout,2026-05-27 10:26:00,MYR,1010.82,24.26,success
PSP000180,PAY000180,deposit,2026-05-27 09:40:00,MYR,468.04,11.23,success
PSP000181,PAY000181,deposit,2026-05-27 09:35:00,INR,6945.8,166.7,success
PSP000182,PAY000182,deposit,2026-05-27 10:52:00,INR,37988.03,911.71,success
PSP000183,PAY000183,deposit,2026-05-27 13:56:00,INR,29862.22,716.69,success
PSP000184,PAY000184,deposit,2026-05-27 12:33:00,MYR,1345.15,32.28,success
PSP000185,PAY000185,deposit,2026-05-27 14:06:00,INR,29586.35,710.07,success
PSP000186,PAY000186,deposit,2026-05-27 14:32:00,MYR,1696.35,40.71,success
PSP000187,PAY000187,payout,2026-05-27 16:19:00,MYR,1030.39,24.73,success
PSP000188,PAY000188,payout,2026-05-27 16:19:00,INR,19562.88,469.51,success
PSP000189,PAY000189,deposit,2026-05-27 17:51:00,INR,45132.18,1083.17,success
PSP000190,PAY000190,payout,2026-05-27 18:24:00,INR,15366.74,368.8,success
PSP000191,PAY000191,deposit,2026-05-27 18:32:00,INR,9452.0,226.85,success
PSP000192,PAY000192,deposit,2026-05-27 18:32:00,MYR,832.93,19.99,success
PSP000193,PAY000193,deposit,2026-05-27 19:00:00,MYR,1006.76,24.16,success
PSP000194,PAY000194,payout,2026-05-27 20:14:00,MYR,147.64,3.54,success
PSP000195,PAY000195,deposit,2026-05-27 20:57:00,MYR,1383.48,33.2,success
PSP000196,PAY000196,deposit,2026-05-27 19:42:00,MYR,401.91,9.65,success
PSP000197,PAY000197,deposit,2026-05-27 22:40:00,MYR,383.22,9.2,success
PSP000198,PAY000198,deposit,2026-05-27 21:11:00,INR,33098.14,794.36,success
PSP000199,PAY000199,deposit,2026-05-28 10:04:00,INR,37200.89,892.82,success
PSP000200,PAY000200,deposit,2026-05-28 11:35:00,MYR,424.52,10.19,success
PSP000201,PAY000201,deposit,2026-05-28 12:22:00,INR,14286.66,342.88,success
PSP000202,PAY000202,deposit,2026-05-28 12:48:00,MYR,731.51,17.56,success
PSP000203,PAY000203,deposit,2026-05-28 13:11:00,MYR,579.41,13.91,success
PSP000204,PAY000204,deposit,2026-05-28 12:14:00,INR,11925.68,286.22,success
PSP000205,PAY000205,deposit,2026-05-28 12:20:00,INR,25157.68,603.78,success
PSP000206,PAY000206,payout,2026-05-28 16:26:00,MYR,238.16,5.72,success
PSP000207,PAY000207,deposit,2026-05-28 16:36:00,INR,38494.82,923.88,success
PSP000208,PAY000208,deposit,2026-05-28 17:03:00,MYR,1024.45,24.59,success
PSP000209,PAY000209,deposit,2026-05-28 15:32:00,INR,49540.22,1188.97,success
PSP000210,PAY000210,deposit,2026-05-28 16:05:00,MYR,901.84,21.64,success
PSP000211,PAY000211,deposit,2026-05-28 17:10:00,INR,44292.66,1063.02,success
PSP000212,PAY000212,deposit,2026-05-28 17:01:00,MYR,990.29,23.77,success
PSP000213,PAY000213,deposit,2026-05-28 18:51:00,MYR,1157.25,27.77,success
PSP000214,PAY000214,deposit,2026-05-28 19:23:00,INR,13537.85,324.91,success
PSP000215,PAY000215,deposit,2026-05-28 17:13:00,MYR,661.35,15.87,success
PSP000216,PAY000216,deposit,2026-05-28 19:40:00,INR,17769.4,426.47,success
PSP000217,PAY000217,deposit,2026-05-28 19:14:00,MYR,709.93,17.04,success
PSP000218,PAY000218,deposit,2026-05-28 20:58:00,MYR,517.8,12.43,success
PSP000219,PAY000219,deposit,2026-05-28 19:28:00,INR,43512.53,1044.3,success
PSP000220,PAY000220,deposit,2026-05-28 22:42:00,INR,2350.19,56.4,success
PSP000221,PAY000221,payout,2026-05-28 22:02:00,MYR,383.0,9.19,success
PSP000222,PAY000222,deposit,2026-05-29 09:33:00,INR,28732.5,689.58,success
PSP000223,PAY000223,deposit,2026-05-29 09:11:00,INR,34697.77,832.75,success
PSP000224,PAY000224,deposit,2026-05-29 10:40:00,MYR,358.26,8.6,success
PSP000225,PAY000225,deposit,2026-05-29 12:15:00,MYR,1685.55,40.45,success
PSP000226,PAY000226,deposit,2026-05-29 12:14:00,MYR,1992.57,47.82,success
PSP000227,PAY000227,deposit,2026-05-29 13:03:00,INR,36026.49,864.64,success
PSP000228,PAY000228,deposit,2026-05-29 12:45:00,MYR,1608.34,38.6,success
PSP000229,PAY000229,deposit,2026-05-29 12:32:00,INR,32751.07,786.03,success
PSP000230,PAY000230,payout,2026-05-29 13:19:00,MYR,440.27,10.57,success
PSP000231,PAY000231,deposit,2026-05-29 14:49:00,MYR,1352.97,32.47,success
PSP000232,PAY000232,payout,2026-05-29 15:20:00,INR,21966.59,527.2,success
PSP000233,PAY000233,deposit,2026-05-29 15:40:00,INR,13762.83,330.31,success
PSP000234,PAY000234,deposit,2026-05-29 14:52:00,MYR,1058.87,25.41,success
PSP000235,PAY000235,deposit,2026-05-29 15:28:00,INR,42284.04,1014.82,success
PSP000236,PAY000236,payout,2026-05-29 15:10:00,INR,7379.78,177.11,success
PSP000237,PAY000237,deposit,2026-05-29 14:41:00,INR,20590.36,494.17,success
PSP000238,PAY000238,deposit,2026-05-29 16:52:00,INR,23475.91,563.42,success
PSP000239,PAY000239,deposit,2026-05-29 15:46:00,MYR,427.92,10.27,success
PSP000240,PAY000240,deposit,2026-05-29 15:22:00,INR,33104.2,794.5,success
PSP000241,PAY000241,deposit,2026-05-29 15:01:00,INR,39220.57,941.29,success
PSP000242,PAY000242,deposit,2026-05-29 16:32:00,INR,43425.0,1042.2,success
PSP000243,PAY000243,payout,2026-05-29 16:12:00,MYR,546.55,13.12,success
PSP000244,PAY000244,deposit,2026-05-29 18:13:00,INR,46680.3,1120.33,success
PSP000245,PAY000245,deposit,2026-05-29 17:17:00,MYR,499.01,11.98,success
PSP000246,PAY000246,deposit,2026-05-29 18:30:00,MYR,1482.36,35.58,success
PSP000247,PAY000247,payout,2026-05-29 20:21:00,MYR,265.11,6.36,success
PSP000248,PAY000248,deposit,2026-05-29 21:09:00,MYR,996.01,23.9,success
PSP000249,PAY000249,deposit,2026-05-29 20:50:00,INR,24005.28,576.13,success
PSP000250,PAY000250,deposit,2026-05-29 20:48:00,INR,41157.59,987.78,success
PSP000251,PAY000251,deposit,2026-05-29 23:39:00,INR,34688.78,832.53,success
PSP000252,PAY000252,deposit,2026-05-30 09:55:00,MYR,1288.73,30.93,success
PSP000253,PAY000253,deposit,2026-05-30 10:09:00,INR,42953.53,1030.88,success
PSP000254,PAY000254,payout,2026-05-30 09:34:00,MYR,425.97,10.22,success
PSP000255,PAY000255,deposit,2026-05-30 12:22:00,INR,45836.59,1100.08,success
PSP000256,PAY000256,deposit,2026-05-30 12:18:00,MYR,1736.9,41.69,success
PSP000257,PAY000257,deposit,2026-05-30 11:18:00,MYR,1443.25,34.64,success
PSP000258,PAY000258,deposit,2026-05-30 12:47:00,INR,3785.18,90.84,success
PSP000259,PAY000259,deposit,2026-05-30 13:57:00,MYR,1531.09,36.75,success
PSP000260,PAY000260,deposit,2026-05-30 12:38:00,INR,652.25,15.65,success
PSP000261,PAY000261,deposit,2026-05-30 12:54:00,MYR,248.33,5.96,success
PSP000262,PAY000262,payout,2026-05-30 13:40:00,INR,20368.98,488.86,success
PSP000263,PAY000263,deposit,2026-05-30 15:41:00,MYR,543.54,13.04,success
PSP000264,PAY000264,deposit,2026-05-30 14:52:00,MYR,196.27,4.71,success
PSP000265,PAY000265,deposit,2026-05-30 13:41:00,MYR,472.24,11.33,success
PSP000266,PAY000266,deposit,2026-05-30 15:30:00,INR,10314.18,247.54,success
PSP000267,PAY000267,deposit,2026-05-30 17:48:00,MYR,324.02,7.78,success
PSP000268,PAY000268,deposit,2026-05-30 18:43:00,INR,22040.36,528.97,success
PSP000269,PAY000269,deposit,2026-05-30 17:55:00,MYR,405.37,9.73,success
PSP000270,PAY000270,deposit,2026-05-30 19:21:00,MYR,1716.99,41.21,success
PSP000271,PAY000271,deposit,2026-05-30 18:47:00,MYR,854.11,20.5,success
PSP000272,PAY000272,deposit,2026-05-30 19:41:00,INR,12156.54,291.76,success
PSP000273,PAY000273,payout,2026-05-30 20:38:00,INR,900.1,21.6,success
PSP000274,PAY000274,deposit,2026-05-30 20:53:00,MYR,1383.1,33.19,success
PSP000275,PAY000275,payout,2026-05-30 21:41:00,MYR,136.5,3.28,success
PSP000276,PAY000276,deposit,2026-05-30 20:52:00,INR,23811.15,571.47,success
PSP000277,PAY000277,deposit,2026-05-30 21:40:00,INR,31173.06,748.15,success
PSP000278,PAY000278,deposit,2026-05-31 09:08:00,MYR,111.02,2.66,success
PSP000279,PAY000279,deposit,2026-05-31 09:10:00,INR,43955.89,1054.94,success
PSP000280,PAY000280,deposit,2026-05-31 09:31:00,MYR,309.34,7.42,success
PSP000281,PAY000281,deposit,2026-05-31 10:16:00,INR,43648.14,1047.56,success
PSP000282,PAY000282,deposit,2026-05-31 10:32:00,MYR,1808.5,43.4,success
PSP000283,PAY000283,deposit,2026-05-31 11:36:00,MYR,1788.56,42.93,success
PSP000284,PAY000284,deposit,2026-05-31 13:21:00,MYR,1124.68,26.99,success
PSP000285,PAY000285,deposit,2026-05-31 11:32:00,MYR,137.5,3.3,success
PSP000286,PAY000286,payout,2026-05-31 13:45:00,MYR,595.36,14.29,success
PSP000287,PAY000287,deposit,2026-05-31 14:28:00,MYR,985.84,23.66,success
PSP000288,PAY000288,deposit,2026-05-31 14:32:00,INR,10584.82,254.04,success
PSP000289,PAY000289,payout,2026-05-31 16:12:00,INR,14612.38,350.7,success
PSP000290,PAY000290,deposit,2026-05-31 17:03:00,INR,26537.76,636.91,success
PSP000291,PAY000291,payout,2026-05-31 18:02:00,MYR,1017.57,24.42,success
PSP000292,PAY000292,deposit,2026-05-31 17:45:00,MYR,806.51,19.36,success
PSP000293,PAY000293,deposit,2026-05-31 18:48:00,INR,1929.29,46.3,success
PSP000294,PAY000294,deposit,2026-05-31 17:49:00,MYR,1200.58,28.81,success
PSP000295,PAY000295,payout,2026-05-31 20:16:00,INR,8783.18,210.8,success
PSP000296,PAY000296,payout,2026-05-31 19:12:00,INR,8747.44,209.94,success
PSP000297,PAY000297,deposit,2026-05-31 21:50:00,INR,5081.28,121.95,success
PSP000298,PAY000298,deposit,2026-06-01 09:45:00,INR,4914.82,117.96,success
PSP000299,PAY000299,deposit,2026-06-01 11:43:00,MYR,1304.92,31.32,success
PSP000300,PAY000300,deposit,2026-06-01 10:18:00,INR,36926.52,886.24,success
PSP000301,PAY000301,deposit,2026-06-01 12:10:00,INR,41686.62,1000.48,success
PSP000302,PAY000302,deposit,2026-06-01 13:11:00,MYR,968.59,23.25,success
PSP000303,PAY000303,deposit,2026-06-01 13:26:00,MYR,1627.66,39.06,success
PSP000304,PAY000304,deposit,2026-06-01 13:03:00,MYR,109.66,2.63,success
PSP000305,PAY000305,deposit,2026-06-01 13:59:00,INR,46568.05,1117.63,success
PSP000306,PAY000306,deposit,2026-06-01 13:54:00,INR,4419.56,106.07,success
PSP000307,PAY000307,deposit,2026-06-01 14:22:00,INR,42156.13,1011.75,success
PSP000308,PAY000308,deposit,2026-06-01 12:44:00,MYR,180.77,4.34,success
PSP000309,PAY000309,deposit,2026-06-01 15:36:00,INR,5176.98,124.25,success
PSP000310,PAY000310,deposit,2026-06-01 15:23:00,MYR,191.09,4.59,success
PSP000311,PAY000311,deposit,2026-06-01 14:13:00,INR,9387.83,225.31,success
PSP000312,PAY000312,deposit,2026-06-01 15:11:00,MYR,1757.21,42.17,success
PSP000313,PAY000313,deposit,2026-06-01 15:28:00,MYR,1258.91,30.21,success
PSP000314,PAY000314,deposit,2026-06-01 17:07:00,INR,37477.95,899.47,success
PSP000315,PAY000315,payout,2026-06-01 16:12:00,INR,991.02,23.78,success
PSP000316,PAY000316,deposit,2026-06-01 18:36:00,INR,34744.41,833.87,success
PSP000317,PAY000317,payout,2026-06-01 20:04:00,MYR,920.69,22.1,success
PSP000318,PAY000318,deposit,2026-06-01 18:46:00,MYR,57.34,1.38,success
PSP000319,PAY000319,deposit,2026-06-01 21:04:00,INR,43021.1,1032.51,success
PSP000320,PAY000320,deposit,2026-06-01 23:10:00,INR,42183.44,1012.4,success
PSP000321,PAY000321,deposit,2026-06-02 09:53:00,INR,7834.2,188.02,success
PSP000322,PAY000322,deposit,2026-06-02 10:27:00,INR,37069.67,889.67,success
PSP000323,PAY000323,deposit,2026-06-02 09:41:00,MYR,1182.9,28.39,success
PSP000324,PAY000324,deposit,2026-06-02 11:02:00,MYR,232.25,5.57,success
PSP000325,PAY000325,deposit,2026-06-02 09:24:00,MYR,1998.08,47.95,success
PSP000326,PAY000326,deposit,2026-06-02 09:50:00,MYR,486.85,11.68,success
PSP000327,PAY000327,deposit,2026-06-02 10:56:00,INR,27886.16,669.27,success
PSP000328,PAY000328,deposit,2026-06-02 12:56:00,MYR,1004.73,24.11,success
PSP000329,PAY000329,deposit,2026-06-02 11:14:00,MYR,347.83,8.35,success
PSP000330,PAY000330,deposit,2026-06-02 14:50:00,MYR,462.81,11.11,success
PSP000331,PAY000331,deposit,2026-06-02 15:29:00,MYR,1454.3,34.9,success
PSP000332,PAY000332,deposit,2026-06-02 15:30:00,MYR,1255.03,30.12,success
PSP000333,PAY000333,deposit,2026-06-02 15:48:00,INR,9077.91,217.87,success
PSP000334,PAY000334,payout,2026-06-02 17:58:00,MYR,1241.42,29.79,success
PSP000335,PAY000335,deposit,2026-06-02 17:36:00,INR,49963.43,1199.12,success
PSP000336,PAY000336,deposit,2026-06-02 18:35:00,MYR,374.19,8.98,success
PSP000337,PAY000337,deposit,2026-06-02 17:18:00,INR,31069.36,745.66,success
PSP000338,PAY000338,deposit,2026-06-02 18:02:00,INR,39351.85,944.44,success
PSP000339,PAY000339,deposit,2026-06-02 18:45:00,MYR,1220.45,29.29,success
PSP000340,PAY000340,payout,2026-06-02 20:28:00,INR,20507.19,492.17,success
PSP000341,PAY000341,deposit,2026-06-02 21:01:00,INR,25611.63,614.68,success
PSP000342,PAY000342,deposit,2026-06-02 21:47:00,INR,8273.11,198.55,success
PSP000343,PAY000343,deposit,2026-06-02 21:21:00,MYR,1473.13,35.36,success
PSP000344,PAY000344,deposit,2026-06-02 21:53:00,MYR,272.28,6.53,success
PSP000345,PAY000345,deposit,2026-06-02 23:03:00,MYR,513.27,12.32,success
PSP000346,PAY000346,deposit,2026-06-03 10:24:00,MYR,554.05,13.3,success
PSP000347,PAY000347,deposit,2026-06-03 10:27:00,INR,21375.25,513.01,success
PSP000348,PAY000348,deposit,2026-06-03 12:14:00,MYR,1799.19,43.18,success
PSP000349,PAY000349,deposit,2026-06-03 10:40:00,MYR,316.8,7.6,success
PSP000350,PAY000350,deposit,2026-06-03 11:42:00,INR,20381.72,489.16,success
PSP000351,PAY000351,deposit,2026-06-03 13:49:00,INR,33178.72,796.29,success
PSP000352,PAY000352,deposit,2026-06-03 13:01:00,INR,48646.73,1167.52,success
PSP000353,PAY000353,deposit,2026-06-03 11:53:00,MYR,1821.18,43.71,success
PSP000354,PAY000354,deposit,2026-06-03 13:51:00,MYR,1409.58,33.83,success
PSP000355,PAY000355,deposit,2026-06-03 16:32:00,INR,35024.81,840.6,success
PSP000356,PAY000356,deposit,2026-06-03 15:15:00,INR,2330.02,55.92,success
PSP000357,PAY000357,deposit,2026-06-03 15:00:00,INR,14554.43,349.31,success
PSP000358,PAY000358,deposit,2026-06-03 17:37:00,MYR,76.14,1.83,success
PSP000359,PAY000359,deposit,2026-06-03 18:12:00,MYR,1461.22,35.07,success
PSP000360,PAY000360,deposit,2026-06-03 19:11:00,INR,31535.98,756.86,success
PSP000361,PAY000361,deposit,2026-06-03 20:27:00,INR,22712.48,545.1,success
PSP000362,PAY000362,payout,2026-06-03 20:44:00,INR,20580.49,493.93,success
PSP000363,PAY000363,deposit,2026-06-03 21:45:00,INR,33512.66,804.3,success
PSP000364,PAY000364,deposit,2026-06-03 19:47:00,INR,37006.86,888.16,success
PSP000365,PAY000365,deposit,2026-06-03 20:10:00,INR,22988.32,551.72,success
PSP000366,PAY000366,deposit,2026-06-03 21:42:00,MYR,211.73,5.08,success
PSP000367,PAY000367,deposit,2026-06-03 23:06:00,INR,4364.6,104.75,success
PSP000368,PAY000368,deposit,2026-06-03 21:47:00,MYR,1564.28,37.54,success
PSP000369,PAY000369,payout,2026-06-04 10:45:00,MYR,919.48,22.07,success
PSP000370,PAY000370,deposit,2026-06-04 11:09:00,MYR,1026.4,24.63,success
PSP000371,PAY000371,deposit,2026-06-04 10:03:00,MYR,1730.65,41.54,success
PSP000372,PAY000372,deposit,2026-06-04 12:07:00,INR,37451.57,898.84,success
PSP000373,PAY000373,deposit,2026-06-04 11:24:00,INR,5961.64,143.08,success
PSP000374,PAY000374,deposit,2026-06-04 11:09:00,MYR,261.95,6.29,success
PSP000375,PAY000375,deposit,2026-06-04 10:53:00,MYR,1588.67,38.13,success
PSP000376,PAY000376,deposit,2026-06-04 11:26:00,MYR,1781.44,42.75,success
PSP000377,PAY000377,deposit,2026-06-04 11:02:00,MYR,716.84,17.2,success
PSP000378,PAY000378,deposit,2026-06-04 13:21:00,MYR,921.18,22.11,success
PSP000379,PAY000379,deposit,2026-06-04 14:06:00,MYR,1531.04,36.74,success
PSP000380,PAY000380,deposit,2026-06-04 13:28:00,MYR,323.5,7.76,success
PSP000381,PAY000381,deposit,2026-06-04 12:36:00,MYR,697.83,16.75,success
PSP000382,PAY000382,deposit,2026-06-04 12:41:00,MYR,1735.93,41.66,success
PSP000383,PAY000383,deposit,2026-06-04 13:12:00,MYR,1298.51,31.16,success
PSP000384,PAY000384,deposit,2026-06-04 15:24:00,INR,9875.1,237.0,success
PSP000385,PAY000385,deposit,2026-06-04 14:21:00,INR,9397.3,225.54,success
PSP000386,PAY000386,deposit,2026-06-04 16:36:00,INR,22489.36,539.74,success
PSP000387,PAY000387,deposit,2026-06-04 14:36:00,MYR,998.2,23.96,success
PSP000388,PAY000388,deposit,2026-06-04 16:19:00,MYR,1723.51,41.36,success
PSP000389,PAY000389,deposit,2026-06-04 16:27:00,MYR,1097.31,26.34,success
PSP000390,PAY000390,deposit,2026-06-04 18:18:00,INR,8134.25,195.22,success
PSP000391,PAY000391,payout,2026-06-04 18:38:00,INR,5276.3,126.63,success
PSP000392,PAY000392,deposit,2026-06-04 20:08:00,MYR,843.26,20.24,success
PSP000393,PAY000393,deposit,2026-06-04 19:49:00,MYR,132.2,3.17,success
PSP000394,PAY000394,deposit,2026-06-04 19:34:00,INR,19559.91,469.44,success
PSP000395,PAY000395,deposit,2026-06-04 21:29:00,INR,20650.28,495.61,success
PSP000396,PAY000396,deposit,2026-06-04 22:00:00,MYR,560.24,13.45,success
PSP000397,PAY000397,deposit,2026-06-04 21:18:00,INR,32751.77,786.04,success
PSP000398,PAY000398,deposit,2026-06-04 21:25:00,MYR,430.81,10.34,success
PSP000399,PAY000399,deposit,2026-06-05 10:43:00,INR,47654.33,1143.7,success
PSP000400,PAY000400,deposit,2026-06-05 11:00:00,INR,48075.16,1153.8,success
PSP000401,PAY000401,deposit,2026-06-05 09:50:00,INR,14028.5,336.68,success
PSP000402,PAY000402,deposit,2026-06-05 11:48:00,MYR,1182.76,28.39,success
PSP000403,PAY000403,deposit,2026-06-05 12:10:00,INR,28372.54,680.94,success
PSP000404,PAY000404,payout,2026-06-05 12:54:00,MYR,966.02,23.18,success
PSP000405,PAY000405,deposit,2026-06-05 13:26:00,MYR,1916.11,45.99,success
PSP000406,PAY000406,deposit,2026-06-05 14:56:00,MYR,567.84,13.63,success
PSP000407,PAY000407,deposit,2026-06-05 13:06:00,MYR,61.27,1.47,success
PSP000408,PAY000408,deposit,2026-06-05 15:40:00,INR,45121.53,1082.92,success
PSP000409,PAY000409,payout,2026-06-05 15:41:00,MYR,1012.98,24.31,success
PSP000410,PAY000410,deposit,2026-06-05 15:30:00,INR,33776.17,810.63,success
PSP000411,PAY000411,deposit,2026-06-05 16:00:00,MYR,791.9,19.01,success
PSP000412,PAY000412,deposit,2026-06-05 18:13:00,MYR,905.82,21.74,success
PSP000413,PAY000413,deposit,2026-06-05 20:20:00,INR,9979.83,239.52,success
PSP000414,PAY000414,deposit,2026-06-05 19:51:00,MYR,491.49,11.8,success
PSP000415,PAY000415,deposit,2026-06-05 20:31:00,INR,853.2,20.48,success
PSP000416,PAY000416,deposit,2026-06-05 18:33:00,INR,25266.12,606.39,success
PSP000417,PAY000417,payout,2026-06-05 21:12:00,INR,17371.26,416.91,success
PSP000418,PAY000418,deposit,2026-06-05 19:36:00,INR,37425.69,898.22,success
PSP000419,PAY000419,deposit,2026-06-05 21:59:00,INR,9996.65,239.92,success
PSP000420,PAY000420,deposit,2026-06-05 21:38:00,MYR,33.85,0.81,success
PSP000421,PAY000421,payout,2026-06-05 21:35:00,INR,11489.72,275.75,success
PSP000422,PAY000422,payout,2026-06-05 22:24:00,INR,13031.41,312.75,success
PSP000423,PAY000423,deposit,2026-06-05 22:21:00,INR,2824.75,67.79,success
PSP000424,PAY000424,deposit,2026-06-05 21:02:00,MYR,413.38,9.92,success
PSP000425,PAY000425,deposit,2026-06-06 10:02:00,INR,48915.73,1173.98,success
PSP000426,PAY000426,deposit,2026-06-06 10:58:00,INR,15884.89,381.24,success
PSP000427,PAY000427,deposit,2026-06-06 11:05:00,INR,40498.92,971.97,success
PSP000428,PAY000428,deposit,2026-06-06 09:37:00,MYR,242.45,5.82,success
PSP000429,PAY000429,deposit,2026-06-06 10:12:00,INR,39808.5,955.4,success
PSP000430,PAY000430,payout,2026-06-06 10:38:00,MYR,780.11,18.72,success
PSP000431,PAY000431,deposit,2026-06-06 10:56:00,INR,39240.99,941.78,success
PSP000432,PAY000432,deposit,2026-06-06 13:40:00,MYR,159.61,3.83,success
PSP000433,PAY000433,deposit,2026-06-06 13:42:00,INR,20383.31,489.2,success
PSP000434,PAY000434,deposit,2026-06-06 13:47:00,MYR,923.22,22.16,success
PSP000435,PAY000435,deposit,2026-06-06 15:02:00,MYR,699.04,16.78,success
PSP000436,PAY000436,deposit,2026-06-06 12:42:00,INR,29596.76,710.32,success
PSP000437,PAY000437,deposit,2026-06-06 14:26:00,INR,29847.88,716.35,success
PSP000438,PAY000438,deposit,2026-06-06 15:57:00,INR,18091.87,434.2,success
PSP000439,PAY000439,deposit,2026-06-06 15:01:00,MYR,1600.14,38.4,success
PSP000440,PAY000440,deposit,2026-06-06 17:27:00,MYR,1920.69,46.1,success
PSP000441,PAY000441,deposit,2026-06-06 18:07:00,INR,30364.81,728.76,success
PSP000442,PAY000442,deposit,2026-06-06 19:20:00,INR,3337.22,80.09,success
PSP000443,PAY000443,deposit,2026-06-06 20:45:00,INR,48837.28,1172.09,success
PSP000444,PAY000444,deposit,2026-06-06 20:35:00,INR,9873.1,236.95,success
PSP000445,PAY000445,payout,2026-06-06 21:56:00,MYR,1126.64,27.04,success
PSP000446,PAY000446,deposit,2026-06-06 20:21:00,MYR,236.55,5.68,success
PSP000447,PAY000447,deposit,2026-06-06 22:16:00,INR,34814.42,835.55,success
PSP000448,PAY000448,deposit,2026-06-07 10:03:00,INR,40459.93,971.04,success
PSP000449,PAY000449,deposit,2026-06-07 09:36:00,MYR,744.75,17.87,success
PSP000450,PAY000450,deposit,2026-06-07 10:11:00,INR,14883.52,357.2,success
PSP000451,PAY000451,deposit,2026-06-07 10:36:00,MYR,422.27,10.13,success
PSP000452,PAY000452,deposit,2026-06-07 12:40:00,INR,17320.97,415.7,success
PSP000453,PAY000453,deposit,2026-06-07 11:06:00,INR,42222.63,1013.34,success
PSP000454,PAY000454,deposit,2026-06-07 13:41:00,INR,17249.97,414.0,success
PSP000455,PAY000455,deposit,2026-06-07 15:06:00,MYR,1331.99,31.97,success
PSP000456,PAY000456,deposit,2026-06-07 13:27:00,MYR,263.43,6.32,success
PSP000457,PAY000457,deposit,2026-06-07 15:04:00,INR,34870.52,836.89,success
PSP000458,PAY000458,deposit,2026-06-07 16:41:00,MYR,1844.4,44.27,success
PSP000459,PAY000459,deposit,2026-06-07 16:09:00,INR,39584.6,950.03,success
PSP000460,PAY000460,payout,2026-06-07 17:37:00,INR,22279.77,534.71,success
PSP000461,PAY000461,deposit,2026-06-07 18:23:00,MYR,1575.79,37.82,success
PSP000462,PAY000462,deposit,2026-06-07 18:22:00,INR,37689.75,904.55,success
PSP000463,PAY000463,deposit,2026-06-07 17:30:00,MYR,382.63,9.18,success
PSP000464,PAY000464,deposit,2026-06-07 18:47:00,MYR,963.3,23.12,success
PSP000465,PAY000465,deposit,2026-06-07 17:43:00,INR,22877.96,549.07,success
PSP000466,PAY000466,deposit,2026-06-07 18:34:00,INR,28782.83,690.79,success
PSP000467,PAY000467,deposit,2026-06-07 19:32:00,INR,15104.88,362.52,success
PSP000468,PAY000468,payout,2026-06-07 19:20:00,INR,13423.17,322.16,success
PSP000469,PAY000469,deposit,2026-06-07 20:06:00,MYR,754.0,18.1,success
PSP000470,PAY000470,deposit,2026-06-07 20:57:00,MYR,900.13,21.6,success
PSP000471,PAY000471,deposit,2026-06-07 21:59:00,INR,15078.63,361.89,success
PSP000472,PAY000472,deposit,2026-06-08 08:25:00,INR,5371.25,128.91,success
PSP000473,PAY000473,deposit,2026-06-08 11:00:00,INR,10233.99,245.62,success
PSP000474,PAY000474,deposit,2026-06-08 12:27:00,MYR,405.57,9.73,success
PSP000475,PAY000475,deposit,2026-06-08 12:27:00,MYR,585.24,14.05,success
PSP000476,PAY000476,deposit,2026-06-08 11:12:00,MYR,1522.88,36.55,success
PSP000477,PAY000477,deposit,2026-06-08 13:57:00,INR,11732.85,281.59,success
PSP000478,PAY000478,deposit,2026-06-08 15:25:00,INR,38002.25,912.05,success
PSP000479,PAY000479,deposit,2026-06-08 16:08:00,INR,21725.25,521.41,success
PSP000480,PAY000480,deposit,2026-06-08 15:11:00,MYR,89.31,2.14,success
PSP000481,PAY000481,deposit,2026-06-08 18:01:00,INR,25240.11,605.76,success
PSP000482,PAY000482,deposit,2026-06-08 18:28:00,MYR,868.67,20.85,success
PSP000483,PAY000483,deposit,2026-06-08 17:21:00,MYR,1148.13,27.56,success
PSP000484,PAY000484,deposit,2026-06-08 20:16:00,INR,28625.45,687.01,success
PSP000485,PAY000485,deposit,2026-06-08 17:59:00,MYR,1898.92,45.57,success
PSP000486,PAY000486,payout,2026-06-08 19:48:00,MYR,459.91,11.04,success
PSP000487,PAY000487,deposit,2026-06-08 18:46:00,MYR,1359.52,32.63,success
PSP000488,PAY000488,deposit,2026-06-08 20:34:00,MYR,166.9,4.01,success
PSP000489,PAY000489,deposit,2026-06-08 19:15:00,INR,3963.98,95.14,success
PSP000490,PAY000490,deposit,2026-06-08 20:01:00,INR,19859.71,476.63,success
PSP000491,PAY000491,deposit,2026-06-08 21:14:00,MYR,796.32,19.11,success
PSP000492,PAY000492,deposit,2026-06-08 23:06:00,INR,8359.67,200.63,success
PSP000493,PAY000493,deposit,2026-06-09 08:31:00,INR,14134.33,339.22,success
PSP000494,PAY000494,deposit,2026-06-09 10:01:00,MYR,1221.55,29.32,success
PSP000495,PAY000495,deposit,2026-06-09 12:30:00,MYR,936.6,22.48,success
PSP000496,PAY000496,payout,2026-06-09 11:34:00,INR,9302.76,223.27,success
PSP000497,PAY000497,payout,2026-06-09 13:16:00,INR,22811.22,547.47,success
PSP000498,PAY000498,deposit,2026-06-09 12:25:00,MYR,1406.09,33.75,success
PSP000499,PAY000499,deposit,2026-06-09 15:10:00,INR,14051.93,337.25,success
PSP000500,PAY000500,deposit,2026-06-09 14:13:00,MYR,1405.15,33.72,success
PSP000501,PAY000501,deposit,2026-06-09 15:19:00,MYR,268.82,6.45,success
PSP000502,PAY000502,deposit,2026-06-09 15:28:00,INR,20799.76,499.19,success
PSP000503,PAY000503,deposit,2026-06-09 17:50:00,INR,1822.54,43.74,success
PSP000504,PAY000504,deposit,2026-06-09 16:53:00,MYR,1715.87,41.18,success
PSP000505,PAY000505,deposit,2026-06-09 17:23:00,INR,16691.96,400.61,success
PSP000506,PAY000506,deposit,2026-06-09 17:34:00,MYR,1324.33,31.78,success
PSP000507,PAY000507,deposit,2026-06-09 15:46:00,MYR,366.06,8.79,success
PSP000508,PAY000508,deposit,2026-06-09 17:42:00,INR,26965.36,647.17,success
PSP000509,PAY000509,payout,2026-06-09 16:42:00,INR,17395.4,417.49,success
PSP000510,PAY000510,deposit,2026-06-09 18:31:00,MYR,1788.59,42.93,success
PSP000511,PAY000511,deposit,2026-06-09 19:40:00,MYR,1292.79,31.03,success
PSP000512,PAY000512,deposit,2026-06-09 20:42:00,INR,22477.34,539.46,success
PSP000513,PAY000513,deposit,2026-06-09 20:11:00,INR,46476.62,1115.44,success
PSP000514,PAY000514,deposit,2026-06-09 18:51:00,INR,21373.3,512.96,success
PSP000515,PAY000515,deposit,2026-06-09 19:57:00,INR,11418.11,274.03,success
PSP000516,PAY000516,deposit,2026-06-09 20:07:00,INR,21076.16,505.83,success
PSP000517,PAY000517,deposit,2026-06-09 22:00:00,MYR,1260.61,30.25,success
PSP000518,PAY000518,payout,2026-06-09 21:19:00,MYR,177.58,4.26,success
PSP000519,PAY000519,deposit,2026-06-09 21:53:00,INR,1093.08,26.23,success
PSP000520,PAY000520,deposit,2026-06-10 10:18:00,INR,32672.28,784.13,success
PSP000521,PAY000521,deposit,2026-06-10 11:25:00,INR,15425.95,370.22,success
PSP000522,PAY000522,deposit,2026-06-10 10:26:00,INR,8987.23,215.69,success
PSP000523,PAY000523,deposit,2026-06-10 11:26:00,MYR,1365.46,32.77,success
PSP000524,PAY000524,deposit,2026-06-10 14:27:00,INR,48912.07,1173.89,success
PSP000525,PAY000525,deposit,2026-06-10 14:32:00,INR,22721.12,545.31,success
PSP000526,PAY000526,deposit,2026-06-10 16:35:00,INR,12013.99,288.34,success
PSP000527,PAY000527,deposit,2026-06-10 16:39:00,INR,37983.66,911.61,success
PSP000528,PAY000528,deposit,2026-06-10 16:16:00,INR,15182.43,364.38,success
PSP000529,PAY000529,deposit,2026-06-10 18:42:00,INR,46208.75,1109.01,success
PSP000530,PAY000530,deposit,2026-06-10 16:40:00,MYR,1297.9,31.15,success
PSP000531,PAY000531,deposit,2026-06-10 17:28:00,MYR,1508.59,36.21,success
PSP000532,PAY000532,deposit,2026-06-10 20:03:00,MYR,1092.44,26.22,success
PSP000533,PAY000533,payout,2026-06-10 18:05:00,INR,13584.71,326.03,success
PSP000534,PAY000534,deposit,2026-06-10 18:18:00,INR,3964.25,95.14,success
PSP000535,PAY000535,deposit,2026-06-10 20:18:00,INR,5042.09,121.01,success
PSP000536,PAY000536,deposit,2026-06-10 20:41:00,INR,21598.87,518.37,success
PSP000537,PAY000537,deposit,2026-06-10 21:22:00,INR,21488.83,515.73,success
PSP000538,PAY000538,payout,2026-06-10 19:53:00,MYR,1269.07,30.46,success
PSP000539,PAY000539,deposit,2026-06-10 20:42:00,MYR,814.54,19.55,success
PSP000540,PAY000540,deposit,2026-06-10 22:13:00,MYR,1527.84,36.67,success
PSP000541,PAY000541,deposit,2026-06-10 22:19:00,MYR,1524.95,36.6,success
PSP000542,PAY000542,deposit,2026-06-11 10:20:00,INR,13235.94,317.66,success
PSP000543,PAY000543,payout,2026-06-11 08:51:00,MYR,811.63,19.48,success
PSP000544,PAY000544,deposit,2026-06-11 10:55:00,INR,8158.86,195.81,success
PSP000545,PAY000545,deposit,2026-06-11 12:30:00,INR,24826.96,595.85,success
PSP000546,PAY000546,deposit,2026-06-11 13:33:00,MYR,1292.87,31.03,success
PSP000547,PAY000547,deposit,2026-06-11 14:46:00,MYR,788.11,18.91,success
PSP000548,PAY000548,deposit,2026-06-11 13:56:00,INR,38677.88,928.27,success
PSP000549,PAY000549,deposit,2026-06-11 15:19:00,MYR,1402.02,33.65,success
PSP000550,PAY000550,deposit,2026-06-11 15:08:00,MYR,971.12,23.31,success
PSP000551,PAY000551,deposit,2026-06-11 15:36:00,INR,13435.87,322.46,success
PSP000552,PAY000552,payout,2026-06-11 15:30:00,INR,24168.28,580.04,success
PSP000553,PAY000553,deposit,2026-06-11 17:31:00,INR,20184.51,484.43,success
PSP000554,PAY000554,deposit,2026-06-11 16:54:00,INR,43862.31,1052.7,success
PSP000555,PAY000555,deposit,2026-06-11 19:03:00,MYR,1016.27,24.39,success
PSP000556,PAY000556,deposit,2026-06-11 17:38:00,MYR,1512.35,36.3,success
PSP000557,PAY000557,payout,2026-06-11 20:53:00,MYR,994.55,23.87,success
PSP000558,PAY000558,deposit,2026-06-11 19:30:00,MYR,1638.29,39.32,success
PSP000559,PAY000559,deposit,2026-06-12 11:07:00,INR,26485.62,635.65,success
PSP000560,PAY000560,deposit,2026-06-12 08:59:00,MYR,397.21,9.53,success
PSP000561,PAY000561,deposit,2026-06-12 09:49:00,MYR,917.8,22.03,success
PSP000562,PAY000562,deposit,2026-06-12 11:13:00,INR,40554.34,973.3,success
PSP000563,PAY000563,deposit,2026-06-12 11:36:00,MYR,1740.67,41.78,success
PSP000564,PAY000564,deposit,2026-06-12 13:11:00,MYR,575.22,13.81,success
PSP000565,PAY000565,payout,2026-06-12 13:00:00,INR,1076.88,25.85,success
PSP000566,PAY000566,deposit,2026-06-12 15:32:00,INR,5293.67,127.05,success
PSP000567,PAY000567,deposit,2026-06-12 16:18:00,INR,49351.39,1184.43,success
PSP000568,PAY000568,deposit,2026-06-12 16:37:00,MYR,1220.61,29.29,success
PSP000569,PAY000569,payout,2026-06-12 18:55:00,MYR,90.03,2.16,success
PSP000570,PAY000570,deposit,2026-06-12 18:25:00,MYR,1749.96,42.0,success
PSP000571,PAY000571,deposit,2026-06-12 19:08:00,MYR,1458.68,35.01,success
PSP000572,PAY000572,deposit,2026-06-12 19:43:00,INR,47577.57,1141.86,success
PSP000573,PAY000573,deposit,2026-06-12 22:51:00,MYR,1044.38,25.07,success
PSP000574,PAY000574,deposit,2026-06-12 21:50:00,INR,1323.2,31.76,success
PSP000575,PAY000575,payout,2026-06-12 21:20:00,INR,17470.26,419.29,success
PSP000576,PAY000576,deposit,2026-06-12 22:24:00,MYR,716.22,17.19,success
PSP000577,PAY000577,deposit,2026-06-13 08:52:00,INR,30555.1,733.32,success
PSP000578,PAY000578,deposit,2026-06-13 14:48:00,INR,15416.74,370.0,success
PSP000579,PAY000579,deposit,2026-06-13 14:56:00,MYR,1911.45,45.87,success
PSP000580,PAY000580,payout,2026-06-13 16:05:00,INR,19245.14,461.88,success
PSP000581,PAY000581,payout,2026-06-13 14:47:00,INR,4754.74,114.11,success
PSP000582,PAY000582,deposit,2026-06-13 16:33:00,MYR,1446.77,34.72,success
PSP000583,PAY000583,deposit,2026-06-13 16:45:00,INR,31860.64,764.66,success
PSP000584,PAY000584,payout,2026-06-13 17:57:00,MYR,1021.82,24.52,success
PSP000585,PAY000585,deposit,2026-06-13 17:52:00,MYR,1318.22,31.64,success
PSP000586,PAY000586,deposit,2026-06-13 17:49:00,MYR,540.42,12.97,success
PSP000587,PAY000587,deposit,2026-06-13 17:37:00,INR,37358.58,896.61,success
PSP000588,PAY000588,deposit,2026-06-13 20:40:00,MYR,1909.52,45.83,success
PSP000589,PAY000589,deposit,2026-06-13 20:15:00,INR,9897.95,237.55,success
PSP000590,PAY000590,deposit,2026-06-13 22:13:00,MYR,1053.91,25.29,success
PSP000591,PAY000591,deposit,2026-06-13 22:01:00,INR,27145.5,651.49,success
PSP000592,PAY000592,deposit,2026-06-13 22:21:00,INR,41942.22,1006.61,success
PSP000593,PAY000593,deposit,2026-06-13 23:34:00,MYR,317.37,7.62,success
PSP000594,PAY000594,deposit,2026-06-14 10:47:00,INR,25367.71,608.83,success
PSP000595,PAY000595,deposit,2026-06-14 13:15:00,MYR,1005.2,24.12,success
PSP000596,PAY000596,deposit,2026-06-14 12:43:00,MYR,1700.7,40.82,success
PSP000597,PAY000597,deposit,2026-06-14 13:37:00,INR,42910.55,1029.85,success
PSP000598,PAY000598,deposit,2026-06-14 15:19:00,INR,19918.14,478.04,success
PSP000599,PAY000599,payout,2026-06-14 17:07:00,MYR,541.82,13.0,success
PSP000600,PAY000600,payout,2026-06-14 18:03:00,MYR,933.92,22.41,success
PSP000601,PAY000601,deposit,2026-06-14 16:24:00,INR,43359.84,1040.64,success
PSP000602,PAY000602,deposit,2026-06-14 20:19:00,MYR,1167.0,28.01,success
PSP000603,PAY000603,deposit,2026-06-14 19:56:00,MYR,443.24,10.64,success
PSP000604,PAY000604,deposit,2026-06-14 20:57:00,INR,5546.42,133.11,success
PSP000605,PAY000605,deposit,2026-06-14 21:08:00,MYR,1854.19,44.5,success
PSP000606,PAY000606,deposit,2026-06-15 10:42:00,MYR,261.17,6.27,success
PSP000607,PAY000607,payout,2026-06-15 10:45:00,MYR,841.64,20.2,success
PSP000608,PAY000608,deposit,2026-06-15 12:40:00,INR,24686.98,592.49,success
PSP000609,PAY000609,deposit,2026-06-15 14:45:00,MYR,1562.13,37.49,success
PSP000610,PAY000610,deposit,2026-06-15 12:37:00,MYR,753.63,18.09,success
PSP000611,PAY000611,deposit,2026-06-15 15:11:00,INR,11634.28,279.22,success
PSP000612,PAY000612,deposit,2026-06-15 13:29:00,MYR,1594.86,38.28,success
PSP000613,PAY000613,deposit,2026-06-15 13:26:00,MYR,617.78,14.83,success
PSP000614,PAY000614,deposit,2026-06-15 13:04:00,MYR,394.23,9.46,success
PSP000615,PAY000615,deposit,2026-06-15 16:05:00,MYR,1091.79,26.2,success
PSP000616,PAY000616,deposit,2026-06-15 16:11:00,INR,9442.88,226.63,success
PSP000617,PAY000617,deposit,2026-06-15 14:54:00,INR,40125.39,963.01,success
PSP000618,PAY000618,deposit,2026-06-15 15:29:00,INR,4847.14,116.33,success
PSP000619,PAY000619,deposit,2026-06-15 16:16:00,INR,25554.34,613.3,success
PSP000620,PAY000620,payout,2026-06-15 16:41:00,INR,6909.51,165.83,success
PSP000621,PAY000621,deposit,2026-06-15 18:53:00,MYR,305.51,7.33,success
PSP000622,PAY000622,deposit,2026-06-15 20:28:00,MYR,1224.16,29.38,success
PSP000623,PAY000623,deposit,2026-06-15 19:27:00,INR,12236.47,293.68,success
PSP000624,PAY000624,deposit,2026-06-15 21:15:00,MYR,1916.12,45.99,success
PSP000625,PAY000625,deposit,2026-06-15 21:28:00,INR,6860.36,164.65,success
PSP000626,PAY000626,deposit,2026-06-15 19:41:00,INR,19398.22,465.56,success
PSP000627,PAY000627,deposit,2026-06-15 19:49:00,MYR,1362.76,32.71,success
PSP000628,PAY000628,deposit,2026-06-15 22:31:00,INR,49770.28,1194.49,success
PSP000629,PAY000629,payout,2026-06-15 21:34:00,MYR,813.51,19.52,success
PSP000630,PAY000630,payout,2026-06-15 22:26:00,INR,10095.44,242.29,success
PSP000631,PAY000631,payout,2026-06-15 22:56:00,INR,3527.57,84.66,success
PSP000632,PAY000632,deposit,2026-06-15 22:06:00,INR,18459.56,443.03,success
PSP000633,PAY000633,deposit,2026-06-16 08:36:00,MYR,569.08,13.66,success
PSP000634,PAY000634,deposit,2026-06-16 09:52:00,INR,39245.31,941.89,success
PSP000635,PAY000635,deposit,2026-06-16 10:52:00,MYR,218.21,5.24,success
PSP000636,PAY000636,deposit,2026-06-16 12:35:00,MYR,1796.24,43.11,success
PSP000637,PAY000637,payout,2026-06-16 13:41:00,MYR,742.51,17.82,success
PSP000638,PAY000638,payout,2026-06-16 17:08:00,INR,18253.03,438.07,success
PSP000639,PAY000639,deposit,2026-06-16 17:29:00,INR,3116.8,74.8,success
PSP000640,PAY000640,deposit,2026-06-16 16:09:00,INR,35485.94,851.66,success
PSP000641,PAY000641,deposit,2026-06-16 17:44:00,MYR,595.03,14.28,success
PSP000642,PAY000642,deposit,2026-06-16 18:02:00,INR,47399.01,1137.58,success
PSP000643,PAY000643,deposit,2026-06-16 17:32:00,MYR,181.09,4.35,success
PSP000644,PAY000644,deposit,2026-06-16 19:36:00,INR,37298.77,895.17,success
PSP000645,PAY000645,deposit,2026-06-16 21:58:00,MYR,1925.47,46.21,success
PSP000646,PAY000646,deposit,2026-06-16 23:18:00,INR,34413.53,825.92,success
PSP000647,PAY000647,deposit,2026-06-16 20:31:00,INR,45588.88,1094.13,success
PSP000648,PAY000648,deposit,2026-06-17 11:09:00,MYR,511.13,12.27,success
PSP000649,PAY000649,deposit,2026-06-17 11:10:00,INR,33888.85,813.33,success
PSP000650,PAY000650,deposit,2026-06-17 11:45:00,INR,42050.74,1009.22,success
PSP000651,PAY000651,deposit,2026-06-17 12:12:00,INR,8938.96,214.54,success
PSP000652,PAY000652,deposit,2026-06-17 13:59:00,INR,14858.2,356.6,success
PSP000653,PAY000653,deposit,2026-06-17 13:36:00,MYR,805.43,19.33,success
PSP000654,PAY000654,payout,2026-06-17 12:40:00,INR,2266.11,54.39,success
PSP000655,PAY000655,deposit,2026-06-17 14:16:00,MYR,241.11,5.79,success
PSP000656,PAY000656,deposit,2026-06-17 15:30:00,INR,5516.22,132.39,success
PSP000657,PAY000657,deposit,2026-06-17 15:55:00,INR,20830.59,499.93,success
PSP000658,PAY000658,deposit,2026-06-17 16:26:00,INR,11691.71,280.6,success
PSP000659,PAY000659,payout,2026-06-17 16:32:00,MYR,725.24,17.41,success
PSP000660,PAY000660,deposit,2026-06-17 16:59:00,MYR,348.81,8.37,success
PSP000661,PAY000661,deposit,2026-06-17 17:44:00,MYR,248.01,5.95,success
PSP000662,PAY000662,deposit,2026-06-17 17:34:00,INR,45099.39,1082.39,success
PSP000663,PAY000663,deposit,2026-06-17 19:30:00,INR,6380.22,153.13,success
PSP000664,PAY000664,payout,2026-06-17 19:13:00,MYR,457.33,10.98,success
PSP000665,PAY000665,deposit,2026-06-17 18:37:00,MYR,1591.64,38.2,success
PSP000666,PAY000666,deposit,2026-06-17 19:48:00,MYR,132.52,3.18,success
PSP000667,PAY000667,deposit,2026-06-17 19:05:00,INR,14470.06,347.28,success
PSP000668,PAY000668,deposit,2026-06-18 08:54:00,MYR,1466.62,35.2,success
PSP000669,PAY000669,payout,2026-06-18 09:24:00,MYR,1309.41,31.43,success
PSP000670,PAY000670,payout,2026-06-18 12:13:00,MYR,934.21,22.42,success
PSP000671,PAY000671,deposit,2026-06-18 11:23:00,INR,11854.52,284.51,success
PSP000672,PAY000672,deposit,2026-06-18 12:46:00,INR,46490.37,1115.77,success
PSP000673,PAY000673,deposit,2026-06-18 13:23:00,INR,19327.46,463.86,success
PSP000674,PAY000674,deposit,2026-06-18 13:59:00,INR,24220.16,581.28,success
PSP000675,PAY000675,payout,2026-06-18 14:15:00,INR,9750.33,234.01,success
PSP000676,PAY000676,payout,2026-06-18 13:30:00,MYR,274.67,6.59,success
PSP000677,PAY000677,deposit,2026-06-18 17:29:00,MYR,581.91,13.97,success
PSP000678,PAY000678,deposit,2026-06-18 16:44:00,MYR,746.26,17.91,success
PSP000679,PAY000679,payout,2026-06-18 16:13:00,INR,19744.82,473.88,success
PSP000680,PAY000680,deposit,2026-06-18 18:46:00,MYR,1493.58,35.85,success
PSP000681,PAY000681,deposit,2026-06-18 19:05:00,MYR,443.77,10.65,success
PSP000682,PAY000682,deposit,2026-06-18 20:32:00,INR,2531.43,60.75,success
PSP000683,PAY000683,deposit,2026-06-18 18:42:00,INR,46312.28,1111.49,success
PSP000684,PAY000684,deposit,2026-06-18 19:38:00,MYR,1979.6,47.51,success
PSP000685,PAY000685,deposit,2026-06-18 20:00:00,INR,21201.52,508.84,success
PSP000686,PAY000686,deposit,2026-06-18 19:39:00,MYR,1270.83,30.5,success
PSP000687,PAY000687,deposit,2026-06-18 21:27:00,MYR,1061.81,25.48,success
PSP000688,PAY000688,deposit,2026-06-18 20:18:00,INR,34986.96,839.69,success
PSP000689,PAY000689,deposit,2026-06-18 21:14:00,INR,39822.32,955.74,success
PSP000690,PAY000690,deposit,2026-06-18 21:15:00,MYR,1744.4,41.87,success
PSP000691,PAY000691,deposit,2026-06-19 10:05:00,MYR,1138.12,27.31,success
PSP000692,PAY000692,deposit,2026-06-19 09:31:00,MYR,345.21,8.29,success
PSP000693,PAY000693,deposit,2026-06-19 13:12:00,INR,23044.33,553.06,success
PSP000694,PAY000694,deposit,2026-06-19 13:26:00,MYR,1425.26,34.21,success
PSP000695,PAY000695,deposit,2026-06-19 11:36:00,INR,12291.73,295.0,success
PSP000696,PAY000696,deposit,2026-06-19 12:43:00,INR,46398.77,1113.57,success
PSP000697,PAY000697,deposit,2026-06-19 13:59:00,INR,49482.05,1187.57,success
PSP000698,PAY000698,deposit,2026-06-19 15:07:00,INR,31817.8,763.63,success
PSP000699,PAY000699,deposit,2026-06-19 14:23:00,INR,13569.89,325.68,success
PSP000700,PAY000700,payout,2026-06-19 15:00:00,MYR,839.78,20.15,success
PSP000701,PAY000701,deposit,2026-06-19 15:07:00,MYR,378.17,9.08,success
PSP000702,PAY000702,deposit,2026-06-19 16:50:00,INR,47309.99,1135.44,success
PSP000703,PAY000703,deposit,2026-06-19 16:41:00,INR,16551.02,397.22,success
PSP000704,PAY000704,deposit,2026-06-19 17:49:00,MYR,1467.73,35.23,success
PSP000705,PAY000705,deposit,2026-06-19 18:06:00,INR,25050.08,601.2,success
PSP000706,PAY000706,payout,2026-06-19 20:19:00,INR,23994.64,575.87,success
PSP000707,PAY000707,deposit,2026-06-19 21:15:00,MYR,1773.95,42.57,success
PSP000708,PAY000708,deposit,2026-06-19 22:07:00,INR,21606.55,518.56,success
PSP000709,PAY000709,deposit,2026-06-19 20:27:00,MYR,300.46,7.21,success
PSP000710,PAY000710,deposit,2026-06-19 21:00:00,INR,5946.76,142.72,success
PSP000711,PAY000711,deposit,2026-06-20 13:08:00,INR,13749.0,329.98,success
PSP000712,PAY000712,deposit,2026-06-20 10:58:00,INR,47902.08,1149.65,success
PSP000713,PAY000713,payout,2026-06-20 12:42:00,MYR,299.93,7.2,success
PSP000714,PAY000714,deposit,2026-06-20 11:59:00,MYR,683.56,16.41,success
PSP000715,PAY000715,deposit,2026-06-20 11:53:00,INR,31560.55,757.45,success
PSP000716,PAY000716,deposit,2026-06-20 13:09:00,INR,5577.02,133.85,success
PSP000717,PAY000717,payout,2026-06-20 15:15:00,INR,6395.93,153.5,success
PSP000718,PAY000718,deposit,2026-06-20 16:55:00,MYR,1845.73,44.3,success
PSP000719,PAY000719,deposit,2026-06-20 15:13:00,INR,11613.86,278.73,success
PSP000720,PAY000720,deposit,2026-06-20 14:50:00,INR,18344.43,440.27,success
PSP000721,PAY000721,deposit,2026-06-20 16:33:00,INR,21717.11,521.21,success
PSP000722,PAY000722,payout,2026-06-20 19:23:00,INR,22694.82,544.68,success
PSP000723,PAY000723,deposit,2026-06-20 20:25:00,MYR,564.05,13.54,success
PSP000724,PAY000724,deposit,2026-06-20 20:59:00,MYR,1584.05,38.02,success
PSP000725,PAY000725,payout,2026-06-21 11:06:00,INR,11763.86,282.33,success
PSP000726,PAY000726,deposit,2026-06-21 10:24:00,INR,47999.47,1151.99,success
PSP000727,PAY000727,deposit,2026-06-21 11:34:00,INR,9502.68,228.06,success
PSP000728,PAY000728,deposit,2026-06-21 12:00:00,MYR,1396.04,33.5,success
PSP000729,PAY000729,deposit,2026-06-21 13:29:00,MYR,784.87,18.84,success
PSP000730,PAY000730,payout,2026-06-21 14:24:00,MYR,531.18,12.75,success
PSP000731,PAY000731,deposit,2026-06-21 13:22:00,MYR,1415.09,33.96,success
PSP000732,PAY000732,deposit,2026-06-21 15:07:00,INR,18438.72,442.53,success
PSP000733,PAY000733,deposit,2026-06-21 13:59:00,INR,18362.5,440.7,success
PSP000734,PAY000734,deposit,2026-06-21 15:45:00,MYR,1944.48,46.67,success
PSP000735,PAY000735,deposit,2026-06-21 14:40:00,INR,37476.27,899.43,success
PSP000736,PAY000736,payout,2026-06-21 16:05:00,INR,17866.55,428.8,success
PSP000737,PAY000737,deposit,2026-06-21 17:21:00,INR,4151.63,99.64,success
PSP000738,PAY000738,payout,2026-06-21 18:04:00,INR,4292.02,103.01,success
PSP000739,PAY000739,deposit,2026-06-21 18:29:00,INR,7911.0,189.86,success
PSP000740,PAY000740,deposit,2026-06-21 19:12:00,INR,23774.13,570.58,success
PSP000741,PAY000741,deposit,2026-06-21 21:15:00,INR,3470.04,83.28,success
PSP000742,PAY000742,payout,2026-06-21 20:19:00,INR,10541.58,253.0,success
PSP000743,PAY000743,deposit,2026-06-21 21:07:00,MYR,1840.73,44.18,success
PSP000744,PAY000744,deposit,2026-06-21 20:07:00,INR,13955.47,334.93,success
PSP000745,PAY000745,deposit,2026-06-21 21:43:00,MYR,1493.98,35.86,success
PSP000746,PAY000746,deposit,2026-06-21 22:33:00,INR,41214.0,989.14,success
PSP000747,PAY000747,payout,2026-06-21 23:19:00,INR,12539.88,300.96,success
PSP000748,PAY000748,deposit,2026-06-21 22:08:00,MYR,137.7,3.3,success
PSP000749,PAY000749,payout,2026-06-21 22:11:00,MYR,175.8,4.22,success
PSP000750,PAY000750,payout,2026-06-21 21:22:00,MYR,249.48,5.99,success
PSP000751,PAY000751,deposit,2026-06-22 09:17:00,INR,9793.32,235.04,success
PSP000752,PAY000752,deposit,2026-06-22 11:04:00,INR,48844.83,1172.28,success
PSP000753,PAY000753,deposit,2026-06-22 10:15:00,MYR,213.63,5.13,success
PSP000754,PAY000754,payout,2026-06-22 10:25:00,MYR,681.94,16.37,success
PSP000755,PAY000755,payout,2026-06-22 09:31:00,MYR,940.05,22.56,success
PSP000756,PAY000756,deposit,2026-06-22 10:24:00,MYR,228.98,5.5,success
PSP000757,PAY000757,payout,2026-06-22 11:23:00,MYR,413.52,9.92,success
PSP000758,PAY000758,deposit,2026-06-22 12:01:00,MYR,1907.05,45.77,success
PSP000759,PAY000759,deposit,2026-06-22 11:55:00,INR,38556.87,925.36,success
PSP000760,PAY000760,deposit,2026-06-22 13:11:00,MYR,697.87,16.75,success
PSP000761,PAY000761,deposit,2026-06-22 14:29:00,MYR,501.05,12.03,success
PSP000762,PAY000762,deposit,2026-06-22 14:11:00,INR,31575.59,757.81,success
PSP000763,PAY000763,deposit,2026-06-22 12:34:00,INR,27583.23,662.0,success
PSP000764,PAY000764,deposit,2026-06-22 14:19:00,INR,46735.77,1121.66,success
PSP000765,PAY000765,deposit,2026-06-22 14:42:00,MYR,205.78,4.94,success
PSP000766,PAY000766,deposit,2026-06-22 16:19:00,MYR,1957.61,46.98,success
PSP000767,PAY000767,deposit,2026-06-22 17:56:00,INR,24668.82,592.05,success
PSP000768,PAY000768,deposit,2026-06-22 18:35:00,MYR,898.43,21.56,success
PSP000769,PAY000769,deposit,2026-06-22 17:48:00,MYR,1026.71,24.64,success
PSP000770,PAY000770,deposit,2026-06-22 19:57:00,INR,37181.61,892.36,success
PSP000771,PAY000771,deposit,2026-06-22 20:01:00,INR,14887.7,357.3,success
PSP000772,PAY000772,deposit,2026-06-22 22:02:00,MYR,794.8,19.08,success
PSP000773,PAY000773,deposit,2026-06-23 11:20:00,INR,32302.98,775.27,success
PSP000774,PAY000774,deposit,2026-06-23 11:10:00,INR,45914.29,1101.94,success
PSP000775,PAY000775,payout,2026-06-23 12:21:00,MYR,125.31,3.01,success
PSP000776,PAY000776,deposit,2026-06-23 13:03:00,MYR,255.22,6.13,success
PSP000777,PAY000777,deposit,2026-06-23 13:41:00,INR,32190.71,772.58,success
PSP000778,PAY000778,deposit,2026-06-23 14:20:00,INR,3588.81,86.13,success
PSP000779,PAY000779,payout,2026-06-23 13:00:00,MYR,112.48,2.7,success
PSP000780,PAY000780,deposit,2026-06-23 13:42:00,MYR,194.67,4.67,success
PSP000781,PAY000781,payout,2026-06-23 15:45:00,MYR,1146.34,27.51,success
PSP000782,PAY000782,deposit,2026-06-23 15:29:00,MYR,212.11,5.09,success
PSP000783,PAY000783,deposit,2026-06-23 16:19:00,MYR,1885.63,45.26,success
PSP000784,PAY000784,deposit,2026-06-23 17:09:00,INR,18057.27,433.37,success
PSP000785,PAY000785,deposit,2026-06-23 18:05:00,INR,4351.53,104.44,success
PSP000786,PAY000786,deposit,2026-06-23 17:42:00,INR,1202.25,28.85,success
PSP000787,PAY000787,deposit,2026-06-23 20:01:00,INR,6123.54,146.96,success
PSP000788,PAY000788,deposit,2026-06-23 19:42:00,MYR,1976.83,47.44,success
PSP000789,PAY000789,deposit,2026-06-23 20:13:00,MYR,221.97,5.33,success
PSP000790,PAY000790,payout,2026-06-23 22:20:00,INR,19872.15,476.93,success
PSP000791,PAY000791,deposit,2026-06-23 22:25:00,INR,48601.35,1166.43,success
PSP000792,PAY000792,deposit,2026-06-23 21:21:00,MYR,624.83,15.0,success
PSP000793,PAY000793,deposit,2026-06-23 22:29:00,INR,20995.66,503.9,success
PSP000794,PAY000794,deposit,2026-06-24 08:50:00,MYR,253.36,6.08,success
PSP000795,PAY000795,deposit,2026-06-24 11:53:00,MYR,1201.94,28.85,success
PSP000796,PAY000796,deposit,2026-06-24 12:23:00,MYR,1279.19,30.7,success
PSP000797,PAY000797,deposit,2026-06-24 10:20:00,INR,4937.08,118.49,success
PSP000798,PAY000798,deposit,2026-06-24 12:27:00,MYR,226.41,5.43,success
PSP000799,PAY000799,deposit,2026-06-24 13:01:00,INR,10987.62,263.7,success
PSP000800,PAY000800,deposit,2026-06-24 13:22:00,MYR,1902.59,45.66,success
PSP000801,PAY000801,deposit,2026-06-24 13:32:00,MYR,44.98,1.08,success
PSP000802,PAY000802,payout,2026-06-24 13:40:00,INR,22425.98,538.22,success
PSP000803,PAY000803,deposit,2026-06-24 14:27:00,MYR,1803.37,43.28,success
PSP000804,PAY000804,deposit,2026-06-24 15:11:00,INR,42118.1,1010.83,success
PSP000805,PAY000805,deposit,2026-06-24 14:00:00,MYR,1985.87,47.66,success
PSP000806,PAY000806,deposit,2026-06-24 15:30:00,MYR,1662.24,39.89,success
PSP000807,PAY000807,deposit,2026-06-24 13:55:00,INR,48879.1,1173.1,success
PSP000808,PAY000808,deposit,2026-06-24 15:35:00,MYR,485.01,11.64,success
PSP000809,PAY000809,deposit,2026-06-24 17:53:00,INR,42230.02,1013.52,success
PSP000810,PAY000810,deposit,2026-06-24 16:43:00,MYR,1898.94,45.57,success
PSP000811,PAY000811,deposit,2026-06-24 18:27:00,INR,31630.26,759.13,success
PSP000812,PAY000812,deposit,2026-06-24 18:28:00,INR,46069.42,1105.67,success
PSP000813,PAY000813,deposit,2026-06-24 21:09:00,MYR,1967.33,47.22,success
PSP000814,PAY000814,deposit,2026-06-25 10:22:00,MYR,614.94,14.76,success
PSP000815,PAY000815,deposit,2026-06-25 11:12:00,INR,38634.38,927.23,success
PSP000816,PAY000816,deposit,2026-06-25 11:16:00,MYR,1266.05,30.39,success
PSP000817,PAY000817,deposit,2026-06-25 10:03:00,INR,5800.29,139.21,success
PSP000818,PAY000818,deposit,2026-06-25 09:49:00,INR,42308.87,1015.41,success
PSP000819,PAY000819,deposit,2026-06-25 13:02:00,INR,20980.38,503.53,success
PSP000820,PAY000820,deposit,2026-06-25 12:48:00,INR,19075.09,457.8,success
PSP000821,PAY000821,deposit,2026-06-25 13:25:00,MYR,618.55,14.85,success
PSP000822,PAY000822,deposit,2026-06-25 15:00:00,INR,49690.11,1192.56,success
PSP000823,PAY000823,deposit,2026-06-25 14:17:00,INR,46365.87,1112.78,success
PSP000824,PAY000824,deposit,2026-06-25 14:47:00,INR,25831.36,619.95,success
PSP000825,PAY000825,deposit,2026-06-25 14:51:00,MYR,88.11,2.11,success
PSP000826,PAY000826,deposit,2026-06-25 16:50:00,INR,13745.73,329.9,success
PSP000827,PAY000827,deposit,2026-06-25 17:47:00,INR,32770.26,786.49,success
PSP000828,PAY000828,deposit,2026-06-25 16:56:00,MYR,1847.03,44.33,success
PSP000829,PAY000829,payout,2026-06-25 16:23:00,INR,24511.83,588.28,success
PSP000830,PAY000830,payout,2026-06-25 19:30:00,MYR,1252.6,30.06,success
PSP000831,PAY000831,deposit,2026-06-25 20:18:00,MYR,1637.31,39.3,success
PSP000832,PAY000832,deposit,2026-06-25 20:23:00,MYR,725.24,17.41,success
PSP000833,PAY000833,deposit,2026-06-25 18:47:00,INR,47925.82,1150.22,success
PSP000834,PAY000834,deposit,2026-06-25 18:45:00,MYR,723.94,17.37,success
PSP000835,PAY000835,deposit,2026-06-25 20:28:00,INR,39649.37,951.58,success
PSP000836,PAY000836,deposit,2026-06-25 20:53:00,INR,18912.23,453.89,success
PSP000837,PAY000837,deposit,2026-06-25 21:51:00,INR,35981.73,863.56,success
PSP000838,PAY000838,payout,2026-06-26 09:53:00,MYR,127.83,3.07,success
PSP000839,PAY000839,payout,2026-06-26 11:23:00,INR,14563.88,349.53,success
PSP000840,PAY000840,deposit,2026-06-26 11:07:00,INR,34265.53,822.37,success
PSP000841,PAY000841,deposit,2026-06-26 11:25:00,MYR,1611.37,38.67,success
PSP000842,PAY000842,deposit,2026-06-26 12:10:00,MYR,921.99,22.13,success
PSP000843,PAY000843,deposit,2026-06-26 13:11:00,MYR,591.52,14.2,success
PSP000844,PAY000844,payout,2026-06-26 13:35:00,INR,4055.4,97.33,success
PSP000845,PAY000845,deposit,2026-06-26 13:22:00,INR,3937.98,94.51,success
PSP000846,PAY000846,deposit,2026-06-26 14:38:00,MYR,654.86,15.72,success
PSP000847,PAY000847,deposit,2026-06-26 15:07:00,INR,24944.02,598.66,success
PSP000848,PAY000848,deposit,2026-06-26 17:50:00,MYR,1001.87,24.04,success
PSP000849,PAY000849,payout,2026-06-26 15:40:00,INR,1561.42,37.47,success
PSP000850,PAY000850,deposit,2026-06-26 17:31:00,INR,43138.74,1035.33,success
PSP000851,PAY000851,deposit,2026-06-26 18:24:00,INR,40899.31,981.58,success
PSP000852,PAY000852,deposit,2026-06-26 17:47:00,INR,5984.78,143.63,success
PSP000853,PAY000853,payout,2026-06-26 18:09:00,MYR,385.4,9.25,success
PSP000854,PAY000854,deposit,2026-06-26 19:39:00,INR,6751.29,162.03,success
PSP000855,PAY000855,deposit,2026-06-26 20:07:00,MYR,1057.87,25.39,success
PSP000856,PAY000856,payout,2026-06-26 21:15:00,MYR,451.84,10.84,success
PSP000857,PAY000857,deposit,2026-06-26 21:19:00,INR,35713.38,857.12,success
PSP000858,PAY000858,deposit,2026-06-26 20:09:00,INR,34900.77,837.62,success
PSP000859,PAY000859,payout,2026-06-26 21:32:00,INR,12277.96,294.67,success
PSP000860,PAY000860,deposit,2026-06-26 22:14:00,MYR,1633.57,39.21,success
PSP000861,PAY000861,deposit,2026-06-26 23:43:00,MYR,1425.77,34.22,success
PSP000862,PAY000862,deposit,2026-06-27 09:56:00,INR,45876.51,1101.04,success
PSP000863,PAY000863,deposit,2026-06-27 10:38:00,INR,3897.65,93.54,success
PSP000864,PAY000864,deposit,2026-06-27 09:31:00,MYR,1307.31,31.38,success
PSP000865,PAY000865,deposit,2026-06-27 11:17:00,INR,1321.1,31.71,success
PSP000866,PAY000866,deposit,2026-06-27 11:36:00,MYR,921.7,22.12,success
PSP000867,PAY000867,payout,2026-06-27 13:36:00,INR,4535.01,108.84,success
PSP000868,PAY000868,deposit,2026-06-27 12:05:00,MYR,758.47,18.2,success
PSP000869,PAY000869,deposit,2026-06-27 12:59:00,MYR,412.05,9.89,success
PSP000870,PAY000870,deposit,2026-06-27 14:50:00,INR,30568.68,733.65,success
PSP000871,PAY000871,deposit,2026-06-27 13:53:00,INR,47969.1,1151.26,success
PSP000872,PAY000872,deposit,2026-06-27 14:23:00,INR,13675.82,328.22,success
PSP000873,PAY000873,payout,2026-06-27 14:39:00,INR,10442.93,250.63,success
PSP000874,PAY000874,deposit,2026-06-27 15:43:00,MYR,1577.88,37.87,success
PSP000875,PAY000875,deposit,2026-06-27 14:55:00,MYR,1475.75,35.42,success
PSP000876,PAY000876,deposit,2026-06-27 18:21:00,MYR,365.36,8.77,success
PSP000877,PAY000877,deposit,2026-06-27 16:05:00,INR,7520.77,180.5,success
PSP000878,PAY000878,deposit,2026-06-27 17:15:00,MYR,379.7,9.11,success
PSP000879,PAY000879,payout,2026-06-27 18:20:00,INR,15386.42,369.27,success
PSP000880,PAY000880,deposit,2026-06-27 16:36:00,INR,23892.13,573.41,success
PSP000881,PAY000881,deposit,2026-06-27 18:55:00,INR,41850.27,1004.41,success
PSP000882,PAY000882,deposit,2026-06-27 18:20:00,INR,5449.63,130.79,success
PSP000883,PAY000883,deposit,2026-06-27 19:33:00,MYR,536.96,12.89,success
PSP000884,PAY000884,payout,2026-06-27 19:38:00,MYR,425.23,10.21,success
PSP000885,PAY000885,payout,2026-06-27 18:28:00,MYR,964.99,23.16,success
PSP000886,PAY000886,deposit,2026-06-27 18:34:00,MYR,733.67,17.61,success
PSP000887,PAY000887,deposit,2026-06-27 20:43:00,MYR,411.87,9.88,success
PSP000888,PAY000888,deposit,2026-06-27 21:55:00,INR,45011.46,1080.28,success
PSP000889,PAY000889,deposit,2026-06-27 21:53:00,INR,44455.75,1066.94,success
PSP000890,PAY000890,deposit,2026-06-27 20:40:00,MYR,639.37,15.34,success
PSP000891,PAY000891,deposit,2026-06-27 22:32:00,MYR,883.92,21.21,success
PSP000892,PAY000892,deposit,2026-06-27 23:39:00,MYR,1012.89,24.31,success
PSP000893,PAY000893,deposit,2026-06-28 10:45:00,MYR,1934.34,46.42,success
PSP000894,PAY000894,deposit,2026-06-28 10:00:00,INR,3698.52,88.76,success
PSP000895,PAY000895,deposit,2026-06-28 10:41:00,MYR,1656.18,39.75,success
PSP000896,PAY000896,deposit,2026-06-28 10:45:00,MYR,723.94,17.37,success
PSP000897,PAY000897,deposit,2026-06-28 13:02:00,MYR,1576.97,37.85,success
PSP000898,PAY000898,payout,2026-06-28 12:14:00,INR,4351.07,104.43,success
PSP000899,PAY000899,deposit,2026-06-28 13:01:00,INR,23922.3,574.14,success
PSP000900,PAY000900,deposit,2026-06-28 12:51:00,MYR,1789.28,42.94,success
PSP000901,PAY000901,deposit,2026-06-28 13:15:00,MYR,1367.48,32.82,success
PSP000902,PAY000902,deposit,2026-06-28 14:07:00,INR,12876.01,309.02,success
PSP000903,PAY000903,deposit,2026-06-28 15:18:00,INR,15218.04,365.23,success
PSP000904,PAY000904,deposit,2026-06-28 15:00:00,INR,5254.09,126.1,success
PSP000905,PAY000905,deposit,2026-06-28 14:40:00,MYR,952.71,22.87,success
PSP000906,PAY000906,deposit,2026-06-28 15:56:00,MYR,84.52,2.03,success
PSP000907,PAY000907,deposit,2026-06-28 15:00:00,MYR,1241.96,29.81,success
PSP000908,PAY000908,deposit,2026-06-28 16:41:00,INR,6800.11,163.2,success
PSP000909,PAY000909,deposit,2026-06-28 17:57:00,MYR,278.09,6.67,success
PSP000910,PAY000910,deposit,2026-06-28 15:47:00,MYR,936.63,22.48,success
PSP000911,PAY000911,deposit,2026-06-28 16:57:00,INR,17007.43,408.18,success
PSP000912,PAY000912,deposit,2026-06-28 17:32:00,MYR,1732.7,41.58,success
PSP000913,PAY000913,deposit,2026-06-28 19:11:00,INR,7635.52,183.25,success
PSP000914,PAY000914,deposit,2026-06-28 18:27:00,INR,15394.16,369.46,success
PSP000915,PAY000915,deposit,2026-06-28 17:20:00,INR,6178.09,148.27,success
PSP000916,PAY000916,deposit,2026-06-28 19:52:00,INR,10612.54,254.7,success
PSP000917,PAY000917,payout,2026-06-28 20:38:00,MYR,425.74,10.22,success
PSP000918,PAY000918,deposit,2026-06-28 21:40:00,INR,13383.44,321.2,success
PSP000919,PAY000919,deposit,2026-06-28 21:54:00,MYR,881.74,21.16,success
PSP000920,PAY000920,deposit,2026-06-28 22:42:00,INR,8953.39,214.88,success
PSP000921,PAY000921,deposit,2026-06-28 23:28:00,MYR,1345.04,32.28,success
PSP000922,PAY000922,deposit,2026-06-29 08:37:00,MYR,790.07,18.96,success
PSP000923,PAY000923,deposit,2026-06-29 11:04:00,MYR,85.1,2.04,success
PSP000924,PAY000924,deposit,2026-06-29 12:53:00,MYR,97.14,2.33,success
PSP000925,PAY000925,deposit,2026-06-29 14:07:00,MYR,1926.71,46.24,success
PSP000926,PAY000926,deposit,2026-06-29 14:36:00,MYR,734.76,17.63,success
PSP000927,PAY000927,deposit,2026-06-29 13:37:00,MYR,799.53,19.19,success
PSP000928,PAY000928,deposit,2026-06-29 13:58:00,INR,17294.91,415.08,success
PSP000929,PAY000929,deposit,2026-06-29 16:15:00,MYR,1834.84,44.04,success
PSP000930,PAY000930,payout,2026-06-29 15:49:00,MYR,774.82,18.6,success
PSP000931,PAY000931,deposit,2026-06-29 17:33:00,MYR,1190.04,28.56,success
PSP000932,PAY000932,deposit,2026-06-29 16:06:00,MYR,1708.5,41.0,success
PSP000933,PAY000933,deposit,2026-06-29 17:35:00,INR,46744.58,1121.87,success
PSP000934,PAY000934,deposit,2026-06-29 18:01:00,INR,5718.87,137.25,success
PSP000935,PAY000935,deposit,2026-06-29 18:14:00,MYR,1847.08,44.33,success
PSP000936,PAY000936,deposit,2026-06-29 19:35:00,MYR,899.81,21.6,success
PSP000937,PAY000937,deposit,2026-06-29 20:05:00,INR,5829.22,139.9,success
PSP000938,PAY000938,deposit,2026-06-29 19:59:00,INR,28045.18,673.08,success
PSP000939,PAY000939,deposit,2026-06-29 20:01:00,MYR,474.23,11.38,success
PSP000940,PAY000940,deposit,2026-06-30 12:26:00,INR,31641.23,759.39,success
PSP000941,PAY000941,deposit,2026-06-30 11:12:00,INR,44717.91,1073.23,success
PSP000942,PAY000942,deposit,2026-06-30 12:47:00,MYR,701.2,16.83,success
PSP000943,PAY000943,payout,2026-06-30 11:57:00,MYR,767.05,18.41,success
PSP000944,PAY000944,payout,2026-06-30 10:17:00,MYR,630.86,15.14,success
PSP000945,PAY000945,deposit,2026-06-30 10:44:00,MYR,1151.23,27.63,success
PSP000946,PAY000946,deposit,2026-06-30 13:58:00,MYR,484.23,11.62,success
PSP000947,PAY000947,deposit,2026-06-30 13:29:00,MYR,1846.88,44.33,success
PSP000948,PAY000948,deposit,2026-06-30 13:04:00,MYR,1937.19,46.49,success
PSP000949,PAY000949,deposit,2026-06-30 16:35:00,INR,15955.85,382.94,success
PSP000950,PAY000950,payout,2026-06-30 14:06:00,INR,16923.36,406.16,success
PSP000951,PAY000951,deposit,2026-06-30 14:56:00,MYR,1779.42,42.71,success
PSP000952,PAY000952,deposit,2026-06-30 17:34:00,INR,46246.63,1109.92,success
PSP000953,PAY000953,deposit,2026-06-30 17:11:00,INR,40380.27,969.13,success
PSP000954,PAY000954,deposit,2026-06-30 17:34:00,INR,47520.44,1140.49,success
PSP000955,PAY000955,deposit,2026-06-30 17:00:00,INR,47356.73,1136.56,success
PSP000956,PAY000956,deposit,2026-06-30 18:41:00,INR,25626.41,615.03,success
PSP000957,PAY000957,deposit,2026-06-30 16:42:00,MYR,72.24,1.73,success
PSP000958,PAY000958,deposit,2026-06-30 16:42:00,INR,34256.09,822.15,success
PSP000959,PAY000959,payout,2026-06-30 20:01:00,MYR,925.15,22.2,success
PSP000960,PAY000960,deposit,2026-06-30 21:12:00,MYR,892.77,21.43,success
PSP000961,PAY000961,deposit,2026-06-30 20:10:00,MYR,889.95,21.36,success
PSP000962,PAY000962,deposit,2026-06-30 22:40:00,INR,11742.73,281.83,success
PSP000963,PAY000963,deposit,2026-06-30 21:27:00,INR,43726.16,1049.43,success
PSP000964,PAY000964,deposit,2026-06-30 21:52:00,INR,22208.52,533.0,success
PSP000965,PAY000965,deposit,2026-07-01 08:44:00,MYR,1996.23,47.91,success
PSP000966,PAY000966,deposit,2026-07-01 08:33:00,MYR,1323.48,31.76,success
PSP000967,PAY000967,payout,2026-07-01 10:12:00,INR,22764.13,546.34,success
PSP000968,PAY000968,payout,2026-07-01 14:18:00,MYR,414.61,9.95,success
PSP000969,PAY000969,deposit,2026-07-01 12:26:00,MYR,1021.79,24.52,success
PSP000970,PAY000970,deposit,2026-07-01 13:11:00,MYR,581.17,13.95,success
PSP000971,PAY000971,deposit,2026-07-01 16:34:00,INR,11911.53,285.88,success
PSP000972,PAY000972,deposit,2026-07-01 15:31:00,INR,2275.45,54.61,success
PSP000973,PAY000973,deposit,2026-07-01 15:12:00,MYR,1907.5,45.78,success
PSP000974,PAY000974,deposit,2026-07-01 15:32:00,INR,15370.44,368.89,success
PSP000975,PAY000975,deposit,2026-07-01 17:16:00,MYR,1005.85,24.14,success
PSP000976,PAY000976,deposit,2026-07-01 18:34:00,MYR,777.27,18.65,success
PSP000977,PAY000977,deposit,2026-07-01 20:47:00,INR,27306.68,655.36,success
PSP000978,PAY000978,deposit,2026-07-01 22:03:00,INR,46173.58,1108.17,success
PSP000979,PAY000979,deposit,2026-07-02 11:15:00,INR,36426.42,874.23,success
PSP000980,PAY000980,deposit,2026-07-02 11:35:00,MYR,1620.57,38.89,success
PSP000981,PAY000981,payout,2026-07-02 12:21:00,MYR,633.82,15.21,success
PSP000982,PAY000982,deposit,2026-07-02 11:13:00,MYR,950.64,22.82,success
PSP000983,PAY000983,deposit,2026-07-02 11:16:00,INR,4734.07,113.62,success
PSP000984,PAY000984,deposit,2026-07-02 11:26:00,MYR,106.05,2.55,success
PSP000985,PAY000985,deposit,2026-07-02 13:11:00,MYR,274.88,6.6,success
PSP000986,PAY000986,deposit,2026-07-02 10:51:00,MYR,904.3,21.7,success
PSP000987,PAY000987,deposit,2026-07-02 14:09:00,INR,24270.29,582.49,success
PSP000988,PAY000988,deposit,2026-07-02 14:38:00,MYR,574.6,13.79,success
PSP000989,PAY000989,deposit,2026-07-02 14:05:00,MYR,384.21,9.22,success
PSP000990,PAY000990,payout,2026-07-02 16:14:00,MYR,230.17,5.52,success
PSP000991,PAY000991,deposit,2026-07-02 17:48:00,INR,9620.65,230.9,success
PSP000992,PAY000992,deposit,2026-07-02 17:24:00,MYR,1120.21,26.89,success
PSP000993,PAY000993,deposit,2026-07-02 18:05:00,MYR,1366.42,32.79,success
PSP000994,PAY000994,deposit,2026-07-02 19:15:00,INR,5903.59,141.69,success
PSP000995,PAY000995,deposit,2026-07-02 19:32:00,INR,10600.07,254.4,success
PSP000996,PAY000996,deposit,2026-07-02 18:08:00,MYR,1755.43,42.13,success
PSP000997,PAY000997,deposit,2026-07-02 19:25:00,MYR,689.92,16.56,success
PSP000998,PAY000998,payout,2026-07-02 18:55:00,MYR,834.15,20.02,success
PSP000999,PAY000999,deposit,2026-07-02 19:00:00,INR,45637.7,1095.3,success
PSP001000,PAY001000,deposit,2026-07-02 21:23:00,INR,35930.51,862.33,success
PSP001001,PAY001001,deposit,2026-07-03 08:38:00,MYR,1666.53,40.0,success
PSP001002,PAY001002,deposit,2026-07-03 09:29:00,INR,47781.38,1146.75,success
PSP001003,PAY001003,payout,2026-07-03 10:51:00,MYR,1119.37,26.86,success
PSP001004,PAY001004,deposit,2026-07-03 11:57:00,INR,26256.63,630.16,success
PSP001005,PAY001005,payout,2026-07-03 12:12:00,INR,23253.35,558.08,success
PSP001006,PAY001006,deposit,2026-07-03 12:12:00,MYR,1503.93,36.09,success
PSP001007,PAY001007,payout,2026-07-03 13:40:00,INR,9732.68,233.58,success
PSP001008,PAY001008,deposit,2026-07-03 15:11:00,INR,30458.32,731.0,success
PSP001009,PAY001009,deposit,2026-07-03 15:21:00,MYR,1853.66,44.49,success
PSP001010,PAY001010,deposit,2026-07-03 15:38:00,MYR,1222.92,29.35,success
PSP001011,PAY001011,payout,2026-07-03 15:12:00,MYR,577.09,13.85,success
PSP001012,PAY001012,deposit,2026-07-03 18:15:00,MYR,1802.75,43.27,success
PSP001013,PAY001013,deposit,2026-07-03 18:40:00,INR,38392.72,921.43,success
PSP001014,PAY001014,deposit,2026-07-03 17:03:00,INR,41776.0,1002.62,success
PSP001015,PAY001015,deposit,2026-07-03 19:37:00,INR,25987.41,623.7,success
PSP001016,PAY001016,deposit,2026-07-03 20:22:00,MYR,281.08,6.75,success
PSP001017,PAY001017,deposit,2026-07-03 21:54:00,MYR,1195.21,28.69,success
PSP001018,PAY001018,deposit,2026-07-03 21:04:00,INR,47520.99,1140.5,success
PSP001019,PAY001019,deposit,2026-07-03 21:44:00,MYR,599.9,14.4,success
PSP001020,PAY001020,deposit,2026-07-03 20:31:00,INR,4647.58,111.54,success
PSP001021,PAY001021,payout,2026-07-03 22:36:00,MYR,525.49,12.61,success
PSP001022,PAY001022,deposit,2026-07-04 10:43:00,MYR,487.56,11.7,success
PSP001023,PAY001023,payout,2026-07-04 10:51:00,INR,15003.18,360.08,success
PSP001024,PAY001024,deposit,2026-07-04 09:53:00,MYR,1908.42,45.8,success
PSP001025,PAY001025,deposit,2026-07-04 13:44:00,INR,28969.32,695.26,success
PSP001026,PAY001026,deposit,2026-07-04 12:33:00,INR,6368.28,152.84,success
PSP001027,PAY001027,deposit,2026-07-04 13:19:00,MYR,598.3,14.36,success
PSP001028,PAY001028,payout,2026-07-04 14:51:00,INR,4291.96,103.01,success
PSP001029,PAY001029,deposit,2026-07-04 16:52:00,INR,48012.91,1152.31,success
PSP001030,PAY001030,deposit,2026-07-04 16:01:00,INR,18792.26,451.01,success
PSP001031,PAY001031,deposit,2026-07-04 16:49:00,MYR,278.57,6.69,success
PSP001032,PAY001032,deposit,2026-07-04 16:51:00,INR,22498.05,539.95,success
PSP001033,PAY001033,payout,2026-07-04 18:27:00,MYR,1301.21,31.23,success
PSP001034,PAY001034,deposit,2026-07-04 17:15:00,MYR,1462.9,35.11,success
PSP001035,PAY001035,payout,2026-07-04 16:58:00,MYR,895.4,21.49,success
PSP001036,PAY001036,deposit,2026-07-04 18:53:00,MYR,883.75,21.21,success
PSP001037,PAY001037,deposit,2026-07-04 19:36:00,INR,47484.54,1139.63,success
PSP001038,PAY001038,deposit,2026-07-04 18:32:00,INR,43669.68,1048.07,success
PSP001039,PAY001039,payout,2026-07-04 19:49:00,INR,12660.29,303.85,success
PSP001040,PAY001040,deposit,2026-07-04 19:36:00,MYR,1280.5,30.73,success
PSP001041,PAY001041,deposit,2026-07-04 22:23:00,INR,24789.21,594.94,success
PSP001042,PAY001042,deposit,2026-07-04 23:19:00,INR,30862.22,740.69,success
PSP001043,PAY001043,payout,2026-07-05 10:19:00,INR,13904.59,333.71,success
PSP001044,PAY001044,payout,2026-07-05 11:45:00,MYR,893.27,21.44,success
PSP001045,PAY001045,deposit,2026-07-05 10:17:00,MYR,977.49,23.46,success
PSP001046,PAY001046,deposit,2026-07-05 11:52:00,INR,21269.9,510.48,success
PSP001047,PAY001047,deposit,2026-07-05 11:29:00,INR,9221.62,221.32,success
PSP001048,PAY001048,deposit,2026-07-05 12:16:00,INR,35388.53,849.32,success
PSP001049,PAY001049,deposit,2026-07-05 11:59:00,MYR,87.06,2.09,success
PSP001050,PAY001050,deposit,2026-07-05 12:19:00,INR,3509.76,84.23,success
PSP001051,PAY001051,deposit,2026-07-05 12:20:00,MYR,867.64,20.82,success
PSP001052,PAY001052,deposit,2026-07-05 11:31:00,INR,17322.16,415.73,success
PSP001053,PAY001053,payout,2026-07-05 13:38:00,MYR,1155.34,27.73,success
PSP001054,PAY001054,deposit,2026-07-05 15:34:00,INR,6896.16,165.51,success
PSP001055,PAY001055,payout,2026-07-05 14:59:00,INR,20071.02,481.7,success
PSP001056,PAY001056,deposit,2026-07-05 13:51:00,MYR,155.03,3.72,success
PSP001057,PAY001057,deposit,2026-07-05 15:59:00,INR,49268.26,1182.44,success
PSP001058,PAY001058,deposit,2026-07-05 15:06:00,INR,45577.36,1093.86,success
PSP001059,PAY001059,payout,2026-07-05 14:19:00,INR,23976.72,575.44,success
PSP001060,PAY001060,payout,2026-07-05 16:38:00,INR,3373.55,80.97,success
PSP001061,PAY001061,deposit,2026-07-05 16:07:00,MYR,623.89,14.97,success
PSP001062,PAY001062,deposit,2026-07-05 17:15:00,INR,40743.29,977.84,success
PSP001063,PAY001063,payout,2026-07-05 16:19:00,MYR,1136.78,27.28,success
PSP001064,PAY001064,payout,2026-07-05 17:07:00,MYR,810.36,19.45,success
PSP001065,PAY001065,deposit,2026-07-05 18:23:00,MYR,1576.0,37.82,success
PSP001066,PAY001066,deposit,2026-07-05 17:55:00,INR,10532.0,252.77,success
PSP001067,PAY001067,payout,2026-07-05 18:34:00,MYR,161.9,3.89,success
PSP001068,PAY001068,deposit,2026-07-05 19:12:00,MYR,1027.99,24.67,success
PSP001069,PAY001069,deposit,2026-07-05 18:25:00,MYR,1532.52,36.78,success
PSP001070,PAY001070,deposit,2026-07-05 19:17:00,INR,20168.76,484.05,success
PSP001071,PAY001071,deposit,2026-07-05 19:46:00,MYR,1296.35,31.11,success
PSP001072,PAY001072,deposit,2026-07-05 20:37:00,INR,10780.25,258.73,success
PSP001073,PAY001073,deposit,2026-07-05 20:40:00,INR,31016.18,744.39,success
PSP001074,PAY001074,deposit,2026-07-05 20:02:00,INR,12975.18,311.4,success
PSP001075,PAY001075,deposit,2026-07-05 21:19:00,MYR,663.24,15.92,success
PSP001076,PAY001076,deposit,2026-07-05 21:48:00,MYR,1390.08,33.36,success
PSP001077,PAY001077,deposit,2026-07-05 20:51:00,MYR,1920.17,46.08,success
PSP001078,PAY001078,deposit,2026-07-05 20:15:00,MYR,1122.97,26.95,success
PSP001079,PAY001079,payout,2026-07-05 20:43:00,INR,10086.98,242.09,success
PSP001080,PAY001080,deposit,2026-07-05 21:19:00,INR,43552.58,1045.26,success
PSP001081,PAY001081,deposit,2026-07-05 23:17:00,MYR,989.77,23.75,success
PSP001082,PAY001082,payout,2026-07-06 09:22:00,MYR,597.23,14.33,success
PSP001083,PAY001083,payout,2026-07-06 09:05:00,MYR,761.89,18.29,success
PSP001084,PAY001084,deposit,2026-07-06 10:15:00,MYR,1611.54,38.68,success
PSP001085,PAY001085,deposit,2026-07-06 10:25:00,MYR,1874.32,44.98,success
PSP001086,PAY001086,deposit,2026-07-06 12:11:00,MYR,383.07,9.19,success
PSP001087,PAY001087,deposit,2026-07-06 11:07:00,INR,10363.75,248.73,success
PSP001088,PAY001088,deposit,2026-07-06 13:30:00,MYR,1261.2,30.27,success
PSP001089,PAY001089,deposit,2026-07-06 13:01:00,INR,44225.49,1061.41,success
PSP001090,PAY001090,payout,2026-07-06 13:27:00,INR,7850.56,188.41,success
PSP001091,PAY001091,deposit,2026-07-06 14:39:00,MYR,1870.59,44.89,success
PSP001092,PAY001092,deposit,2026-07-06 14:11:00,INR,5597.33,134.34,success
PSP001093,PAY001093,deposit,2026-07-06 15:34:00,INR,6771.85,162.52,success
PSP001094,PAY001094,deposit,2026-07-06 16:05:00,MYR,1934.32,46.42,success
PSP001095,PAY001095,deposit,2026-07-06 14:27:00,MYR,1573.23,37.76,success
PSP001096,PAY001096,deposit,2026-07-06 15:38:00,INR,43793.4,1051.04,success
PSP001097,PAY001097,deposit,2026-07-06 16:43:00,INR,21557.58,517.38,success
PSP001098,PAY001098,payout,2026-07-06 17:15:00,MYR,350.46,8.41,success
PSP001099,PAY001099,deposit,2026-07-06 18:25:00,MYR,644.17,15.46,success
PSP001100,PAY001100,deposit,2026-07-06 19:19:00,INR,47790.33,1146.97,success
PSP001101,PAY001101,deposit,2026-07-06 19:12:00,MYR,1134.16,27.22,success
PSP001102,PAY001102,deposit,2026-07-06 20:17:00,MYR,1802.53,43.26,success
PSP001103,PAY001103,deposit,2026-07-06 21:03:00,INR,42840.93,1028.18,success
PSP001104,PAY001104,deposit,2026-07-06 19:24:00,MYR,1756.3,42.15,success
PSP001105,PAY001105,deposit,2026-07-06 21:27:00,MYR,415.8,9.98,success
PSP001106,PAY001106,deposit,2026-07-07 10:26:00,INR,16758.35,402.2,success
PSP001107,PAY001107,deposit,2026-07-07 09:19:00,MYR,1225.35,29.41,success
PSP001108,PAY001108,deposit,2026-07-07 10:28:00,MYR,116.52,2.8,success
PSP001109,PAY001109,deposit,2026-07-07 11:28:00,INR,43227.67,1037.46,success
PSP001110,PAY001110,deposit,2026-07-07 12:24:00,MYR,1507.37,36.18,success
PSP001111,PAY001111,deposit,2026-07-07 10:21:00,INR,30839.56,740.15,success
PSP001112,PAY001112,deposit,2026-07-07 10:43:00,INR,4599.82,110.4,success
PSP001113,PAY001113,deposit,2026-07-07 13:59:00,MYR,649.05,15.58,success
PSP001114,PAY001114,deposit,2026-07-07 15:49:00,INR,16966.92,407.21,success
PSP001115,PAY001115,deposit,2026-07-07 15:31:00,MYR,1814.28,43.54,success
PSP001116,PAY001116,deposit,2026-07-07 16:02:00,MYR,850.27,20.41,success
PSP001117,PAY001117,deposit,2026-07-07 14:31:00,INR,7801.94,187.25,success
PSP001118,PAY001118,deposit,2026-07-07 15:46:00,INR,30622.19,734.93,success
PSP001119,PAY001119,payout,2026-07-07 16:18:00,INR,8440.74,202.58,success
PSP001120,PAY001120,payout,2026-07-07 14:20:00,INR,21234.35,509.62,success
PSP001121,PAY001121,deposit,2026-07-07 15:04:00,MYR,389.53,9.35,success
PSP001122,PAY001122,deposit,2026-07-07 15:08:00,MYR,1540.44,36.97,success
PSP001123,PAY001123,deposit,2026-07-07 18:30:00,MYR,636.33,15.27,success
PSP001124,PAY001124,deposit,2026-07-07 18:00:00,INR,15869.11,380.86,success
PSP001125,PAY001125,deposit,2026-07-07 18:38:00,MYR,1143.13,27.44,success
PSP001126,PAY001126,deposit,2026-07-07 18:26:00,INR,9267.05,222.41,success
PSP001127,PAY001127,deposit,2026-07-07 19:25:00,MYR,729.65,17.51,success
PSP001128,PAY001128,deposit,2026-07-07 20:21:00,MYR,102.36,2.46,success
PSP001129,PAY001129,deposit,2026-07-07 20:15:00,INR,49690.9,1192.58,success
PSP001130,PAY001130,deposit,2026-07-07 20:02:00,MYR,1116.67,26.8,success
PSP001131,PAY001131,payout,2026-07-07 19:42:00,INR,7201.32,172.83,success
PSP001132,PAY001132,deposit,2026-07-07 21:26:00,INR,29547.63,709.14,success
PSP001133,PAY001133,deposit,2026-07-07 21:02:00,MYR,665.07,15.96,success
PSP001134,PAY001134,deposit,2026-07-07 22:42:00,MYR,342.74,8.23,success
PSP001135,PAY001135,deposit,2026-07-08 09:50:00,MYR,398.61,9.57,success
PSP001136,PAY001136,deposit,2026-07-08 11:37:00,INR,37726.24,905.43,success
PSP001137,PAY001137,deposit,2026-07-08 14:34:00,MYR,1469.98,35.28,success
PSP001138,PAY001138,deposit,2026-07-08 15:50:00,INR,30246.63,725.92,success
PSP001139,PAY001139,deposit,2026-07-08 15:57:00,MYR,1533.45,36.8,success
PSP001140,PAY001140,deposit,2026-07-08 15:49:00,MYR,1909.34,45.82,success
PSP001141,PAY001141,deposit,2026-07-08 17:06:00,INR,46156.5,1107.76,success
PSP001142,PAY001142,payout,2026-07-08 15:08:00,INR,19329.95,463.92,success
PSP001143,PAY001143,deposit,2026-07-08 17:00:00,MYR,1941.54,46.6,success
PSP001144,PAY001144,deposit,2026-07-08 18:34:00,INR,20101.7,482.44,success
PSP001145,PAY001145,deposit,2026-07-08 17:25:00,INR,15413.48,369.92,success
PSP001146,PAY001146,deposit,2026-07-08 18:48:00,INR,4963.26,119.12,success
PSP001147,PAY001147,deposit,2026-07-08 20:37:00,MYR,709.08,17.02,success
PSP001148,PAY001148,deposit,2026-07-08 21:31:00,MYR,1346.82,32.32,success
PSP001149,PAY001149,payout,2026-07-08 21:28:00,INR,10367.51,248.82,success
PSP001150,PAY001150,deposit,2026-07-08 23:18:00,INR,44952.05,1078.85,success
PSP001151,PAY001151,deposit,2026-07-09 10:24:00,MYR,171.16,4.11,success
PSP001152,PAY001152,deposit,2026-07-09 09:54:00,INR,38508.27,924.2,success
PSP001153,PAY001153,deposit,2026-07-09 10:03:00,MYR,1232.82,29.59,success
PSP001154,PAY001154,deposit,2026-07-09 09:32:00,INR,25247.51,605.94,success
PSP001155,PAY001155,deposit,2026-07-09 10:13:00,MYR,786.61,18.88,success
PSP001156,PAY001156,deposit,2026-07-09 14:17:00,INR,33926.01,814.22,success
PSP001157,PAY001157,deposit,2026-07-09 13:56:00,MYR,383.65,9.21,success
PSP001158,PAY001158,deposit,2026-07-09 12:54:00,INR,17641.2,423.39,success
PSP001159,PAY001159,deposit,2026-07-09 13:43:00,MYR,346.94,8.33,success
PSP001160,PAY001160,deposit,2026-07-09 16:29:00,MYR,987.69,23.7,success
PSP001161,PAY001161,deposit,2026-07-09 16:32:00,MYR,867.21,20.81,success
PSP001162,PAY001162,deposit,2026-07-09 17:10:00,MYR,1432.69,34.38,success
PSP001163,PAY001163,deposit,2026-07-09 16:45:00,INR,26819.73,643.67,success
PSP001164,PAY001164,deposit,2026-07-09 18:49:00,INR,47435.96,1138.46,success
PSP001165,PAY001165,payout,2026-07-09 18:52:00,INR,11480.01,275.52,success
PSP001166,PAY001166,deposit,2026-07-09 17:21:00,INR,23282.41,558.78,success
PSP001167,PAY001167,deposit,2026-07-09 17:54:00,MYR,1359.74,32.63,success
PSP001168,PAY001168,payout,2026-07-09 20:30:00,MYR,573.21,13.76,success
PSP001169,PAY001169,deposit,2026-07-09 19:17:00,MYR,733.77,17.61,success
PSP001170,PAY001170,deposit,2026-07-09 19:50:00,MYR,1083.92,26.01,success
PSP001171,PAY001171,deposit,2026-07-10 10:32:00,INR,44689.48,1072.55,success
PSP001172,PAY001172,deposit,2026-07-10 09:41:00,INR,28668.88,688.05,success
PSP001173,PAY001173,deposit,2026-07-10 12:58:00,MYR,1230.43,29.53,success
PSP001174,PAY001174,deposit,2026-07-10 14:57:00,INR,17219.75,413.27,success
PSP001175,PAY001175,deposit,2026-07-10 13:40:00,MYR,392.34,9.42,success
PSP001176,PAY001176,payout,2026-07-10 14:44:00,INR,24450.44,586.81,success
PSP001177,PAY001177,deposit,2026-07-10 15:02:00,MYR,1092.14,26.21,success
PSP001178,PAY001178,deposit,2026-07-10 15:58:00,INR,11152.86,267.67,success
PSP001179,PAY001179,deposit,2026-07-10 15:00:00,INR,30428.82,730.29,success
PSP001180,PAY001180,payout,2026-07-10 16:15:00,MYR,306.33,7.35,success
PSP001181,PAY001181,deposit,2026-07-10 17:31:00,INR,30154.43,723.71,success
PSP001182,PAY001182,payout,2026-07-10 16:30:00,INR,18140.03,435.36,success
PSP001183,PAY001183,deposit,2026-07-10 19:20:00,MYR,1188.19,28.52,success
PSP001184,PAY001184,deposit,2026-07-10 17:38:00,MYR,1861.85,44.68,success
PSP001185,PAY001185,deposit,2026-07-10 19:53:00,MYR,329.0,7.9,success
PSP001186,PAY001186,deposit,2026-07-10 21:41:00,INR,20445.44,490.69,success
PSP001187,PAY001187,deposit,2026-07-10 20:47:00,INR,49254.89,1182.12,success
PSP001188,PAY001188,payout,2026-07-10 22:47:00,MYR,616.19,14.79,success
PSP001189,PAY001189,deposit,2026-07-11 11:39:00,INR,31401.12,753.63,success
PSP001190,PAY001190,deposit,2026-07-11 10:44:00,MYR,1510.24,36.25,success
PSP001191,PAY001191,deposit,2026-07-11 10:21:00,MYR,1844.72,44.27,success
PSP001192,PAY001192,deposit,2026-07-11 10:20:00,INR,10959.61,263.03,success
PSP001193,PAY001193,deposit,2026-07-11 13:13:00,MYR,1540.74,36.98,success
PSP001194,PAY001194,deposit,2026-07-11 14:09:00,MYR,853.81,20.49,success
PSP001195,PAY001195,deposit,2026-07-11 14:51:00,MYR,1338.54,32.12,success
PSP001196,PAY001196,deposit,2026-07-11 14:21:00,MYR,802.58,19.26,success
PSP001197,PAY001197,deposit,2026-07-11 13:29:00,MYR,339.23,8.14,success
PSP001198,PAY001198,deposit,2026-07-11 16:36:00,MYR,1532.98,36.79,success
PSP001199,PAY001199,deposit,2026-07-11 17:24:00,INR,48725.25,1169.41,success
PSP001200,PAY001200,deposit,2026-07-11 18:17:00,INR,30680.45,736.33,success
PSP001201,PAY001201,deposit,2026-07-11 17:07:00,MYR,1231.33,29.55,success
PSP001202,PAY001202,payout,2026-07-11 19:09:00,MYR,72.95,1.75,success
PSP001203,PAY001203,deposit,2026-07-11 19:54:00,MYR,1705.11,40.92,success
PSP001204,PAY001204,deposit,2026-07-11 20:56:00,MYR,375.17,9.0,success
PSP001205,PAY001205,payout,2026-07-12 11:03:00,INR,5929.71,142.31,success
PSP001206,PAY001206,deposit,2026-07-12 10:53:00,INR,49490.81,1187.78,success
PSP001207,PAY001207,deposit,2026-07-12 12:37:00,INR,43668.23,1048.04,success
PSP001208,PAY001208,payout,2026-07-12 12:06:00,MYR,52.48,1.26,success
PSP001209,PAY001209,payout,2026-07-12 13:23:00,MYR,1137.92,27.31,success
PSP001210,PAY001210,deposit,2026-07-12 15:41:00,MYR,268.33,6.44,success
PSP001211,PAY001211,deposit,2026-07-12 19:16:00,INR,15001.67,360.04,success
PSP001212,PAY001212,deposit,2026-07-12 20:24:00,INR,31648.78,759.57,success
PSP001213,PAY001213,payout,2026-07-12 21:11:00,INR,19443.31,466.64,success
PSP001214,PAY001214,deposit,2026-07-12 20:21:00,INR,20938.21,502.52,success
PSP001215,PAY001215,deposit,2026-07-12 20:21:00,INR,13593.13,326.24,success
PSP001216,PAY001216,deposit,2026-07-12 21:05:00,INR,37748.87,905.97,success
PSP001217,PAY001217,deposit,2026-07-12 21:29:00,MYR,1581.13,37.95,success
PSP001218,PAY001218,deposit,2026-07-12 21:58:00,MYR,321.61,7.72,success
PSP001219,PAY001219,deposit,2026-07-12 22:03:00,INR,18454.85,442.92,success
PSP001220,PAY001220,deposit,2026-07-13 09:57:00,INR,24026.6,576.64,success
PSP001221,PAY001221,deposit,2026-07-13 09:27:00,MYR,318.66,7.65,success
PSP001222,PAY001222,deposit,2026-07-13 09:11:00,MYR,85.17,2.04,success
PSP001223,PAY001223,deposit,2026-07-13 12:59:00,MYR,541.06,12.99,success
PSP001224,PAY001224,deposit,2026-07-13 13:54:00,MYR,1945.63,46.7,success
PSP001225,PAY001225,deposit,2026-07-13 13:56:00,MYR,1734.86,41.64,success
PSP001226,PAY001226,deposit,2026-07-13 13:40:00,INR,9181.67,220.36,success
PSP001227,PAY001227,deposit,2026-07-13 13:06:00,INR,10718.25,257.24,success
PSP001228,PAY001228,deposit,2026-07-13 16:27:00,INR,25190.12,604.56,success
PSP001229,PAY001229,deposit,2026-07-13 15:21:00,INR,44957.67,1078.98,success
PSP001230,PAY001230,deposit,2026-07-13 17:10:00,INR,47625.4,1143.01,success
PSP001231,PAY001231,deposit,2026-07-13 17:32:00,MYR,1697.81,40.75,success
PSP001232,PAY001232,payout,2026-07-13 17:34:00,INR,11810.28,283.45,success
PSP001233,PAY001233,deposit,2026-07-13 19:04:00,INR,34640.1,831.36,success
PSP001234,PAY001234,payout,2026-07-13 18:58:00,INR,5186.29,124.47,success
PSP001235,PAY001235,deposit,2026-07-13 17:38:00,MYR,1474.67,35.39,success
PSP001236,PAY001236,deposit,2026-07-13 18:38:00,INR,10782.74,258.79,success
PSP001237,PAY001237,deposit,2026-07-13 18:25:00,MYR,1766.83,42.4,success
PSP001238,PAY001238,deposit,2026-07-13 21:18:00,INR,22373.95,536.97,success
PSP001239,PAY001239,payout,2026-07-13 20:47:00,INR,15507.46,372.18,success
PSP001240,PAY001240,deposit,2026-07-13 21:42:00,INR,36139.08,867.34,success
PSP001241,PAY001241,deposit,2026-07-13 21:13:00,INR,49615.77,1190.78,success
PSP001242,PAY001242,deposit,2026-07-13 21:47:00,MYR,1273.32,30.56,success
PSP001243,PAY001243,deposit,2026-07-13 22:57:00,MYR,550.47,13.21,success
PSP001244,PAY001244,deposit,2026-07-13 23:40:00,MYR,1021.03,24.5,success
PSP001245,PAY001245,deposit,2026-07-14 09:42:00,INR,24635.23,591.25,success
PSP001246,PAY001246,deposit,2026-07-14 11:01:00,MYR,159.15,3.82,success
PSP001247,PAY001247,payout,2026-07-14 12:24:00,MYR,479.2,11.5,success
PSP001248,PAY001248,deposit,2026-07-14 10:38:00,INR,38261.21,918.27,success
PSP001249,PAY001249,deposit,2026-07-14 12:51:00,MYR,959.6,23.03,success
PSP001250,PAY001250,deposit,2026-07-14 10:48:00,INR,16526.39,396.63,success
PSP001251,PAY001251,deposit,2026-07-14 10:47:00,MYR,1231.94,29.57,success
PSP001252,PAY001252,deposit,2026-07-14 12:22:00,MYR,1566.12,37.59,success
PSP001253,PAY001253,deposit,2026-07-14 13:02:00,MYR,760.46,18.25,success
PSP001254,PAY001254,deposit,2026-07-14 14:06:00,MYR,915.92,21.98,success
PSP001255,PAY001255,deposit,2026-07-14 14:28:00,MYR,1531.58,36.76,success
PSP001256,PAY001256,deposit,2026-07-14 14:07:00,MYR,1950.72,46.82,success
PSP001257,PAY001257,deposit,2026-07-14 14:44:00,INR,15092.45,362.22,success
PSP001258,PAY001258,deposit,2026-07-14 15:33:00,MYR,671.6,16.12,success
PSP001259,PAY001259,deposit,2026-07-14 14:38:00,INR,22285.11,534.84,success
PSP001260,PAY001260,deposit,2026-07-14 16:15:00,INR,36281.03,870.74,success
PSP001261,PAY001261,payout,2026-07-14 15:58:00,INR,17775.67,426.62,success
PSP001262,PAY001262,deposit,2026-07-14 14:19:00,MYR,146.85,3.52,success
PSP001263,PAY001263,deposit,2026-07-14 16:59:00,MYR,893.11,21.43,success
PSP001264,PAY001264,deposit,2026-07-14 17:42:00,MYR,669.35,16.06,success
PSP001265,PAY001265,payout,2026-07-14 18:36:00,INR,14983.24,359.6,success
PSP001266,PAY001266,deposit,2026-07-14 19:29:00,MYR,1106.77,26.56,success
PSP001267,PAY001267,deposit,2026-07-14 17:09:00,MYR,1551.04,37.22,success
PSP001268,PAY001268,deposit,2026-07-14 19:02:00,MYR,1813.05,43.51,success
PSP001269,PAY001269,deposit,2026-07-14 20:00:00,INR,11770.27,282.49,success
PSP001270,PAY001270,payout,2026-07-14 18:35:00,INR,7129.89,171.12,success
PSP001271,PAY001271,deposit,2026-07-14 22:47:00,INR,20117.25,482.81,success
PSP001272,PAY001272,deposit,2026-07-15 10:18:00,INR,45692.62,1096.62,success
PSP001273,PAY001273,deposit,2026-07-15 09:35:00,INR,48009.52,1152.23,success
PSP001274,PAY001274,deposit,2026-07-15 08:42:00,MYR,1279.72,30.71,success
PSP001275,PAY001275,deposit,2026-07-15 11:05:00,INR,26822.24,643.73,success
PSP001276,PAY001276,deposit,2026-07-15 09:43:00,INR,30696.56,736.72,success
PSP001277,PAY001277,deposit,2026-07-15 11:48:00,INR,40978.91,983.49,success
PSP001278,PAY001278,deposit,2026-07-15 12:52:00,INR,9492.85,227.83,success
PSP001279,PAY001279,deposit,2026-07-15 13:00:00,MYR,1782.11,42.77,success
PSP001280,PAY001280,deposit,2026-07-15 12:29:00,MYR,67.18,1.61,success
PSP001281,PAY001281,deposit,2026-07-15 14:37:00,MYR,1181.22,28.35,success
PSP001282,PAY001282,deposit,2026-07-15 16:07:00,MYR,1546.76,37.12,success
PSP001283,PAY001283,deposit,2026-07-15 15:10:00,MYR,330.63,7.94,success
PSP001284,PAY001284,payout,2026-07-15 17:14:00,MYR,720.9,17.3,success
PSP001285,PAY001285,deposit,2026-07-15 18:36:00,INR,16709.32,401.02,success
PSP001286,PAY001286,deposit,2026-07-15 19:21:00,INR,15495.01,371.88,success
PSP001287,PAY001287,deposit,2026-07-15 17:48:00,INR,38731.09,929.55,success
PSP001288,PAY001288,deposit,2026-07-15 18:36:00,MYR,80.09,1.92,success
PSP001289,PAY001289,deposit,2026-07-15 19:29:00,INR,10332.57,247.98,success
PSP001290,PAY001290,deposit,2026-07-15 20:49:00,INR,25581.81,613.96,success
PSP001291,PAY001291,payout,2026-07-15 20:39:00,INR,3782.38,90.78,success
PSP001292,PAY001292,deposit,2026-07-15 19:32:00,MYR,847.8,20.35,success
PSP001293,PAY001293,deposit,2026-07-15 21:39:00,MYR,250.62,6.01,success
PSP001294,PAY001294,deposit,2026-07-15 20:12:00,INR,20315.26,487.57,success
PSP001295,PAY001295,deposit,2026-07-15 23:03:00,MYR,885.27,21.25,success
PSP001296,PAY001296,deposit,2026-07-16 09:50:00,INR,32696.42,784.71,success
PSP001297,PAY001297,deposit,2026-07-16 09:37:00,MYR,1467.37,35.22,success
PSP001298,PAY001298,deposit,2026-07-16 09:54:00,INR,28446.67,682.72,success
PSP001299,PAY001299,deposit,2026-07-16 10:11:00,INR,38233.25,917.6,success
PSP001300,PAY001300,deposit,2026-07-16 14:01:00,INR,18899.35,453.58,success
PSP001301,PAY001301,deposit,2026-07-16 13:37:00,INR,46846.43,1124.31,success
PSP001302,PAY001302,deposit,2026-07-16 13:07:00,INR,39434.56,946.43,success
PSP001303,PAY001303,deposit,2026-07-16 14:38:00,INR,45494.55,1091.87,success
PSP001304,PAY001304,deposit,2026-07-16 18:01:00,MYR,683.22,16.4,success
PSP001305,PAY001305,deposit,2026-07-16 19:03:00,INR,27204.01,652.9,success
PSP001306,PAY001306,deposit,2026-07-16 19:02:00,INR,17758.99,426.22,success
PSP001307,PAY001307,deposit,2026-07-16 20:54:00,MYR,1938.4,46.52,success
PSP001308,PAY001308,deposit,2026-07-16 21:18:00,MYR,643.52,15.44,success
PSP001309,PAY001309,deposit,2026-07-16 22:41:00,MYR,750.2,18.0,success
PSP001310,PAY001310,deposit,2026-07-16 21:36:00,INR,10216.21,245.19,success
PSP001311,PAY001311,deposit,2026-07-17 08:47:00,INR,11664.82,279.96,success
PSP001312,PAY001312,deposit,2026-07-17 09:11:00,INR,44402.44,1065.66,success
PSP001313,PAY001313,deposit,2026-07-17 11:22:00,INR,16766.98,402.41,success
PSP001314,PAY001314,deposit,2026-07-17 11:23:00,MYR,676.05,16.23,success
PSP001315,PAY001315,payout,2026-07-17 11:55:00,INR,19217.14,461.21,success
PSP001316,PAY001316,deposit,2026-07-17 15:21:00,INR,1208.93,29.01,success
PSP001317,PAY001317,payout,2026-07-17 15:32:00,INR,1133.01,27.19,success
PSP001318,PAY001318,deposit,2026-07-17 16:09:00,MYR,829.14,19.9,success
PSP001319,PAY001319,deposit,2026-07-17 18:33:00,MYR,1497.57,35.94,success
PSP001320,PAY001320,deposit,2026-07-17 18:04:00,MYR,532.91,12.79,success
PSP001321,PAY001321,deposit,2026-07-17 17:12:00,MYR,1533.64,36.81,success
PSP001322,PAY001322,deposit,2026-07-17 16:59:00,MYR,1930.56,46.33,success
PSP001323,PAY001323,deposit,2026-07-17 17:49:00,INR,6453.75,154.89,success
PSP001324,PAY001324,deposit,2026-07-17 17:47:00,MYR,1120.0,26.88,success
PSP001325,PAY001325,deposit,2026-07-17 22:37:00,INR,10146.46,243.52,success
PSP001326,PAY001326,payout,2026-07-17 20:45:00,INR,13735.11,329.64,success
PSP001327,PAY001327,payout,2026-07-17 22:24:00,INR,14108.97,338.62,success
PSP001328,PAY001328,deposit,2026-07-17 23:36:00,MYR,1280.77,30.74,success
PSP001329,PAY001329,deposit,2026-07-18 10:30:00,INR,42985.61,1031.65,success
PSP001330,PAY001330,deposit,2026-07-18 12:37:00,MYR,1944.86,46.68,success
PSP001331,PAY001331,deposit,2026-07-18 11:41:00,MYR,30.7,0.74,success
PSP001332,PAY001332,deposit,2026-07-18 12:56:00,MYR,146.67,3.52,success
PSP001333,PAY001333,deposit,2026-07-18 12:22:00,INR,38347.35,920.34,success
PSP001334,PAY001334,deposit,2026-07-18 12:52:00,INR,29775.11,714.6,success
PSP001335,PAY001335,deposit,2026-07-18 13:47:00,MYR,306.67,7.36,success
PSP001336,PAY001336,deposit,2026-07-18 13:47:00,INR,33775.78,810.62,success
PSP001337,PAY001337,deposit,2026-07-18 15:47:00,INR,5579.3,133.9,success
PSP001338,PAY001338,payout,2026-07-18 13:47:00,MYR,422.83,10.15,success
PSP001339,PAY001339,deposit,2026-07-18 13:30:00,MYR,1754.21,42.1,success
PSP001340,PAY001340,deposit,2026-07-18 14:27:00,MYR,869.04,20.86,success
PSP001341,PAY001341,deposit,2026-07-18 14:26:00,MYR,1059.99,25.44,success
PSP001342,PAY001342,payout,2026-07-18 17:08:00,MYR,1105.23,26.53,success
PSP001343,PAY001343,deposit,2026-07-18 17:27:00,INR,42195.09,1012.68,success
PSP001344,PAY001344,deposit,2026-07-18 17:35:00,MYR,856.7,20.56,success
PSP001345,PAY001345,deposit,2026-07-18 19:11:00,INR,12515.84,300.38,success
PSP001346,PAY001346,deposit,2026-07-18 20:20:00,MYR,1994.69,47.87,success
PSP001347,PAY001347,deposit,2026-07-18 19:03:00,MYR,112.94,2.71,success
PSP001348,PAY001348,deposit,2026-07-18 20:50:00,INR,48353.12,1160.47,success
PSP001349,PAY001349,deposit,2026-07-18 22:23:00,MYR,714.19,17.14,success
PSP001350,PAY001350,deposit,2026-07-18 22:36:00,MYR,103.43,2.48,success
PSP001351,PAY001351,deposit,2026-07-18 21:46:00,MYR,455.6,10.93,success
PSP001352,PAY001352,deposit,2026-07-19 10:10:00,MYR,1609.73,38.63,success
PSP001353,PAY001353,deposit,2026-07-19 11:04:00,MYR,724.19,17.38,success
PSP001354,PAY001354,deposit,2026-07-19 12:50:00,MYR,932.66,22.38,success
PSP001355,PAY001355,payout,2026-07-19 12:53:00,INR,16642.81,399.43,success
PSP001356,PAY001356,deposit,2026-07-19 11:34:00,MYR,1694.1,40.66,success
PSP001357,PAY001357,deposit,2026-07-19 12:43:00,MYR,653.57,15.69,success
PSP001358,PAY001358,deposit,2026-07-19 14:10:00,INR,31279.09,750.7,success
PSP001359,PAY001359,deposit,2026-07-19 14:05:00,MYR,720.67,17.3,success
PSP001360,PAY001360,deposit,2026-07-19 13:48:00,MYR,665.84,15.98,success
PSP001361,PAY001361,deposit,2026-07-19 16:08:00,MYR,613.52,14.72,success
PSP001362,PAY001362,deposit,2026-07-19 14:16:00,INR,10331.67,247.96,success
PSP001363,PAY001363,deposit,2026-07-19 16:19:00,MYR,1440.3,34.57,success
PSP001364,PAY001364,deposit,2026-07-19 16:01:00,MYR,234.14,5.62,success
PSP001365,PAY001365,deposit,2026-07-19 15:02:00,INR,22405.53,537.73,success
PSP001366,PAY001366,deposit,2026-07-19 16:12:00,INR,1804.78,43.31,success
PSP001367,PAY001367,deposit,2026-07-19 17:40:00,INR,22297.62,535.14,success
PSP001368,PAY001368,deposit,2026-07-19 19:36:00,INR,42947.8,1030.75,success
PSP001369,PAY001369,deposit,2026-07-19 19:14:00,MYR,1996.79,47.92,success
PSP001370,PAY001370,deposit,2026-07-19 21:06:00,INR,20281.03,486.74,success
PSP001371,PAY001371,deposit,2026-07-19 20:48:00,MYR,1612.75,38.71,success
PSP001372,PAY001372,payout,2026-07-19 21:17:00,MYR,449.36,10.78,success
PSP001373,PAY001373,deposit,2026-07-19 22:16:00,INR,39880.08,957.12,success
PSP001374,PAY001374,deposit,2026-07-19 22:43:00,INR,35563.52,853.52,success
PSP001375,PAY001375,deposit,2026-07-19 23:23:00,INR,36145.26,867.49,success
PSP001376,PAY001376,deposit,2026-07-20 10:25:00,INR,41912.36,1005.9,success
PSP001377,PAY001377,deposit,2026-07-20 09:21:00,MYR,157.38,3.78,success
PSP001378,PAY001378,deposit,2026-07-20 11:50:00,MYR,1794.81,43.08,success
PSP001379,PAY001379,deposit,2026-07-20 11:19:00,INR,3737.93,89.71,success
PSP001380,PAY001380,deposit,2026-07-20 13:07:00,MYR,1435.82,34.46,success
PSP001381,PAY001381,deposit,2026-07-20 12:37:00,INR,33259.14,798.22,success
PSP001382,PAY001382,deposit,2026-07-20 13:38:00,MYR,1602.88,38.47,success
PSP001383,PAY001383,payout,2026-07-20 14:19:00,INR,21922.27,526.13,success
PSP001384,PAY001384,deposit,2026-07-20 15:49:00,MYR,1239.29,29.74,success
PSP001385,PAY001385,deposit,2026-07-20 15:46:00,INR,48999.21,1175.98,success
PSP001386,PAY001386,deposit,2026-07-20 16:35:00,INR,36569.02,877.66,success
PSP001387,PAY001387,deposit,2026-07-20 18:20:00,INR,35195.97,844.7,success
PSP001388,PAY001388,deposit,2026-07-20 17:04:00,MYR,302.86,7.27,success
PSP001389,PAY001389,deposit,2026-07-20 17:28:00,INR,35509.52,852.23,success
PSP001390,PAY001390,deposit,2026-07-20 18:06:00,INR,10430.06,250.32,success
PSP001391,PAY001391,deposit,2026-07-20 16:56:00,INR,26431.43,634.35,success
PSP001392,PAY001392,deposit,2026-07-20 17:20:00,INR,34294.15,823.06,success
PSP001393,PAY001393,deposit,2026-07-20 19:07:00,INR,1122.63,26.94,success
PSP001394,PAY001394,deposit,2026-07-20 19:53:00,MYR,1139.83,27.36,success
PSP001395,PAY001395,deposit,2026-07-21 10:11:00,INR,9498.44,227.96,success
PSP001396,PAY001396,deposit,2026-07-21 11:49:00,INR,30186.06,724.47,success
PSP001397,PAY001397,deposit,2026-07-21 11:33:00,MYR,1029.44,24.71,success
PSP001398,PAY001398,deposit,2026-07-21 11:36:00,INR,40456.64,970.96,success
PSP001399,PAY001399,payout,2026-07-21 11:09:00,MYR,793.84,19.05,success
PSP001400,PAY001400,deposit,2026-07-21 11:57:00,INR,49868.42,1196.84,success
PSP001401,PAY001401,deposit,2026-07-21 10:49:00,MYR,1347.35,32.34,success
PSP001402,PAY001402,deposit,2026-07-21 12:50:00,INR,48039.16,1152.94,success
PSP001403,PAY001403,deposit,2026-07-21 13:42:00,MYR,1835.72,44.06,success
PSP001404,PAY001404,deposit,2026-07-21 13:03:00,INR,33343.87,800.25,success
PSP001405,PAY001405,deposit,2026-07-21 13:30:00,MYR,586.65,14.08,success
PSP001406,PAY001406,payout,2026-07-21 15:23:00,INR,10773.3,258.56,success
PSP001407,PAY001407,deposit,2026-07-21 16:16:00,MYR,663.38,15.92,success
PSP001408,PAY001408,deposit,2026-07-21 15:42:00,MYR,1548.56,37.17,success
PSP001409,PAY001409,deposit,2026-07-21 18:23:00,INR,15702.43,376.86,success
PSP001410,PAY001410,deposit,2026-07-21 16:22:00,INR,26947.46,646.74,success
PSP001411,PAY001411,deposit,2026-07-21 19:20:00,MYR,133.3,3.2,success
PSP001412,PAY001412,deposit,2026-07-21 18:49:00,MYR,1702.96,40.87,success
PSP001413,PAY001413,deposit,2026-07-21 18:53:00,INR,23133.07,555.19,success
PSP001414,PAY001414,deposit,2026-07-21 20:37:00,INR,35844.71,860.27,success
PSP001415,PAY001415,deposit,2026-07-21 21:06:00,INR,10698.48,256.76,success
PSP001416,PAY001416,deposit,2026-07-22 09:31:00,MYR,1329.4,31.91,success
PSP001417,PAY001417,deposit,2026-07-22 10:30:00,MYR,1837.64,44.1,success
PSP001418,PAY001418,deposit,2026-07-22 10:06:00,INR,31277.31,750.66,success
PSP001419,PAY001419,deposit,2026-07-22 11:58:00,MYR,433.61,10.41,success
PSP001420,PAY001420,deposit,2026-07-22 11:14:00,MYR,849.3,20.38,success
PSP001421,PAY001421,payout,2026-07-22 11:55:00,MYR,1078.36,25.88,success
PSP001422,PAY001422,payout,2026-07-22 12:19:00,INR,1866.99,44.81,success
PSP001423,PAY001423,deposit,2026-07-22 12:38:00,INR,6206.28,148.95,success
PSP001424,PAY001424,deposit,2026-07-22 13:20:00,INR,47203.4,1132.88,success
PSP001425,PAY001425,deposit,2026-07-22 14:55:00,MYR,590.87,14.18,success
PSP001426,PAY001426,deposit,2026-07-22 13:49:00,INR,41232.44,989.58,success
PSP001427,PAY001427,deposit,2026-07-22 15:01:00,MYR,1991.25,47.79,success
PSP001428,PAY001428,payout,2026-07-22 14:58:00,INR,21191.96,508.61,success
PSP001429,PAY001429,deposit,2026-07-22 15:07:00,INR,22186.37,532.47,success
PSP001430,PAY001430,deposit,2026-07-22 15:22:00,INR,38456.11,922.95,success
PSP001431,PAY001431,deposit,2026-07-22 15:16:00,INR,28655.67,687.74,success
PSP001432,PAY001432,deposit,2026-07-22 17:39:00,MYR,940.21,22.57,success
PSP001433,PAY001433,deposit,2026-07-22 16:33:00,MYR,1026.02,24.62,success
PSP001434,PAY001434,deposit,2026-07-22 17:48:00,INR,1752.83,42.07,success
PSP001435,PAY001435,deposit,2026-07-22 16:54:00,INR,28064.23,673.54,success
PSP001436,PAY001436,deposit,2026-07-22 19:31:00,MYR,837.55,20.1,success
PSP001437,PAY001437,deposit,2026-07-22 17:56:00,INR,18833.42,452.0,success
PSP001438,PAY001438,deposit,2026-07-22 20:46:00,INR,19370.06,464.88,success
PSP001439,PAY001439,deposit,2026-07-22 22:18:00,MYR,1718.3,41.24,success
PSP001440,PAY001440,deposit,2026-07-22 23:37:00,INR,46891.94,1125.41,success
PSP001441,PAY001441,deposit,2026-07-22 21:55:00,MYR,915.85,21.98,success
PSP001442,PAY001442,deposit,2026-07-22 23:45:00,MYR,1960.86,47.06,success
PSP001443,PAY001443,payout,2026-07-23 10:02:00,MYR,623.71,14.97,success
PSP001444,PAY001444,deposit,2026-07-23 10:44:00,INR,48170.46,1156.09,success
PSP001445,PAY001445,deposit,2026-07-23 10:22:00,INR,21870.96,524.9,success
PSP001446,PAY001446,deposit,2026-07-23 12:30:00,INR,42658.34,1023.8,success
PSP001447,PAY001447,deposit,2026-07-23 13:13:00,MYR,859.65,20.63,success
PSP001448,PAY001448,deposit,2026-07-23 13:06:00,MYR,943.13,22.64,success
PSP001449,PAY001449,deposit,2026-07-23 13:36:00,MYR,435.65,10.46,success
PSP001450,PAY001450,deposit,2026-07-23 15:10:00,INR,45067.54,1081.62,success
PSP001451,PAY001451,deposit,2026-07-23 15:15:00,MYR,450.62,10.81,success
PSP001452,PAY001452,payout,2026-07-23 18:04:00,INR,8229.35,197.5,success
PSP001453,PAY001453,deposit,2026-07-23 16:11:00,INR,27808.81,667.41,success
PSP001454,PAY001454,payout,2026-07-23 18:48:00,MYR,274.16,6.58,success
PSP001455,PAY001455,deposit,2026-07-23 20:31:00,INR,14029.34,336.7,success
PSP001456,PAY001456,deposit,2026-07-23 18:28:00,INR,39202.02,940.85,success
PSP001457,PAY001457,deposit,2026-07-23 19:31:00,MYR,1740.02,41.76,success
PSP001458,PAY001458,deposit,2026-07-23 20:30:00,MYR,1478.58,35.49,success
PSP001459,PAY001459,deposit,2026-07-23 20:54:00,INR,1562.57,37.5,success
PSP001460,PAY001460,deposit,2026-07-23 21:23:00,INR,10548.85,253.17,success
PSP001461,PAY001461,deposit,2026-07-23 22:07:00,MYR,1257.77,30.19,success
PSP001462,PAY001462,deposit,2026-07-23 21:24:00,MYR,600.79,14.42,success
PSP001463,PAY001463,payout,2026-07-24 08:58:00,INR,4836.34,116.07,success
PSP001464,PAY001464,deposit,2026-07-24 10:02:00,MYR,1268.5,30.44,success
PSP001465,PAY001465,deposit,2026-07-24 09:22:00,INR,45504.65,1092.11,success
PSP001466,PAY001466,deposit,2026-07-24 12:34:00,INR,23904.25,573.7,success
PSP001467,PAY001467,deposit,2026-07-24 13:35:00,INR,46581.64,1117.96,success
PSP001468,PAY001468,deposit,2026-07-24 14:22:00,INR,48529.69,1164.71,success
PSP001469,PAY001469,deposit,2026-07-24 12:02:00,MYR,1776.39,42.63,success
PSP001470,PAY001470,deposit,2026-07-24 12:44:00,INR,45879.82,1101.12,success
PSP001471,PAY001471,deposit,2026-07-24 12:47:00,INR,14971.3,359.31,success
PSP001472,PAY001472,deposit,2026-07-24 14:27:00,MYR,1983.65,47.61,success
PSP001473,PAY001473,payout,2026-07-24 13:03:00,MYR,1288.86,30.93,success
PSP001474,PAY001474,deposit,2026-07-24 14:27:00,MYR,1309.33,31.42,success
PSP001475,PAY001475,deposit,2026-07-24 16:37:00,MYR,109.7,2.63,success
PSP001476,PAY001476,deposit,2026-07-24 17:04:00,INR,6967.17,167.21,success
PSP001477,PAY001477,deposit,2026-07-24 16:42:00,INR,45274.47,1086.59,success
PSP001478,PAY001478,deposit,2026-07-24 17:05:00,INR,34994.38,839.87,success
PSP001479,PAY001479,deposit,2026-07-24 17:29:00,MYR,290.71,6.98,success
PSP001480,PAY001480,deposit,2026-07-24 17:27:00,MYR,584.83,14.04,success
PSP001481,PAY001481,deposit,2026-07-24 19:10:00,MYR,1616.79,38.8,success
PSP001482,PAY001482,payout,2026-07-24 19:12:00,INR,20492.05,491.81,success
PSP001483,PAY001483,payout,2026-07-24 20:01:00,INR,4596.97,110.33,success
PSP001484,PAY001484,deposit,2026-07-24 20:55:00,INR,36293.8,871.05,success
PSP001485,PAY001485,deposit,2026-07-25 09:40:00,INR,31734.64,761.63,success
PSP001486,PAY001486,deposit,2026-07-25 09:09:00,INR,35355.31,848.53,success
PSP001487,PAY001487,deposit,2026-07-25 11:40:00,INR,690.14,16.56,success
PSP001488,PAY001488,deposit,2026-07-25 11:25:00,INR,19651.6,471.64,success
PSP001489,PAY001489,payout,2026-07-25 10:52:00,INR,18133.85,435.21,success
PSP001490,PAY001490,deposit,2026-07-25 10:58:00,INR,22404.56,537.71,success
PSP001491,PAY001491,deposit,2026-07-25 12:33:00,INR,13531.45,324.75,success
PSP001492,PAY001492,deposit,2026-07-25 11:47:00,INR,9815.83,235.58,success
PSP001493,PAY001493,deposit,2026-07-25 12:37:00,INR,30276.92,726.65,success
PSP001494,PAY001494,deposit,2026-07-25 12:22:00,MYR,1654.2,39.7,success
PSP001495,PAY001495,deposit,2026-07-25 12:32:00,INR,14431.73,346.36,success
PSP001496,PAY001496,deposit,2026-07-25 12:58:00,INR,45183.33,1084.4,success
PSP001497,PAY001497,deposit,2026-07-25 15:53:00,MYR,53.64,1.29,success
PSP001498,PAY001498,deposit,2026-07-25 15:38:00,MYR,1405.21,33.73,success
PSP001499,PAY001499,deposit,2026-07-25 15:06:00,INR,22813.95,547.53,success
PSP001500,PAY001500,deposit,2026-07-25 14:18:00,MYR,647.55,15.54,success
PSP001501,PAY001501,deposit,2026-07-25 15:32:00,INR,20781.75,498.76,success
PSP001502,PAY001502,deposit,2026-07-25 14:15:00,MYR,920.79,22.1,success
PSP001503,PAY001503,deposit,2026-07-25 15:15:00,MYR,1750.52,42.01,success
PSP001504,PAY001504,payout,2026-07-25 16:50:00,INR,11443.91,274.65,success
PSP001505,PAY001505,deposit,2026-07-25 14:21:00,INR,11241.19,269.79,success
PSP001506,PAY001506,payout,2026-07-25 16:25:00,MYR,295.06,7.08,success
PSP001507,PAY001507,payout,2026-07-25 15:26:00,INR,7615.69,182.78,success
PSP001508,PAY001508,deposit,2026-07-25 17:31:00,MYR,990.06,23.76,success
PSP001509,PAY001509,deposit,2026-07-25 16:54:00,MYR,1907.31,45.78,success
PSP001510,PAY001510,deposit,2026-07-25 16:15:00,MYR,1888.38,45.32,success
PSP001511,PAY001511,deposit,2026-07-25 17:36:00,MYR,1274.07,30.58,success
PSP001512,PAY001512,payout,2026-07-25 19:17:00,MYR,822.62,19.74,success
PSP001513,PAY001513,deposit,2026-07-25 17:25:00,MYR,1620.03,38.88,success
PSP001514,PAY001514,deposit,2026-07-25 18:11:00,MYR,758.92,18.21,success
PSP001515,PAY001515,deposit,2026-07-25 19:46:00,MYR,1278.73,30.69,success
PSP001516,PAY001516,deposit,2026-07-25 20:40:00,MYR,1593.82,38.25,success
PSP001517,PAY001517,deposit,2026-07-25 20:56:00,INR,48571.22,1165.71,success
PSP001518,PAY001518,deposit,2026-07-25 22:11:00,INR,24685.1,592.44,success
PSP001519,PAY001519,deposit,2026-07-25 21:18:00,INR,19515.1,468.36,success
PSP001520,PAY001520,deposit,2026-07-25 21:55:00,MYR,941.5,22.6,success
PSP001521,PAY001521,deposit,2026-07-26 09:37:00,MYR,1588.82,38.13,success
PSP001522,PAY001522,deposit,2026-07-26 09:56:00,INR,23950.47,574.81,success
PSP001523,PAY001523,deposit,2026-07-26 11:51:00,INR,28312.96,679.51,success
PSP001524,PAY001524,deposit,2026-07-26 13:31:00,MYR,424.11,10.18,success
PSP001525,PAY001525,deposit,2026-07-26 11:37:00,INR,36907.0,885.77,success
PSP001526,PAY001526,deposit,2026-07-26 12:42:00,MYR,863.29,20.72,success
PSP001527,PAY001527,deposit,2026-07-26 15:31:00,MYR,79.81,1.92,success
PSP001528,PAY001528,deposit,2026-07-26 13:24:00,MYR,1558.32,37.4,success
PSP001529,PAY001529,payout,2026-07-26 13:52:00,MYR,1003.95,24.09,success
PSP001530,PAY001530,payout,2026-07-26 15:25:00,MYR,937.56,22.5,success
PSP001531,PAY001531,deposit,2026-07-26 14:16:00,INR,47827.23,1147.85,success
PSP001532,PAY001532,payout,2026-07-26 16:15:00,MYR,223.14,5.36,success
PSP001533,PAY001533,payout,2026-07-26 16:16:00,INR,10564.6,253.55,success
PSP001534,PAY001534,deposit,2026-07-26 17:41:00,INR,28498.04,683.95,success
PSP001535,PAY001535,deposit,2026-07-26 15:38:00,INR,25085.49,602.05,success
PSP001536,PAY001536,deposit,2026-07-26 17:30:00,INR,47036.08,1128.87,success
PSP001537,PAY001537,deposit,2026-07-26 18:02:00,MYR,189.88,4.56,success
PSP001538,PAY001538,payout,2026-07-26 19:54:00,INR,2372.37,56.94,success
PSP001539,PAY001539,deposit,2026-07-26 19:09:00,MYR,1651.01,39.62,success
PSP001540,PAY001540,deposit,2026-07-26 19:37:00,INR,11756.11,282.15,success
PSP001541,PAY001541,deposit,2026-07-26 19:46:00,INR,24195.31,580.69,success
PSP001542,PAY001542,deposit,2026-07-26 21:07:00,INR,25278.9,606.69,success
PSP001543,PAY001543,deposit,2026-07-26 22:57:00,MYR,999.69,23.99,success
PSP001544,PAY001544,deposit,2026-07-26 21:04:00,MYR,424.25,10.18,success
PSP001545,PAY001545,deposit,2026-07-27 08:49:00,INR,17794.39,427.07,success
PSP001546,PAY001546,deposit,2026-07-27 09:29:00,MYR,812.45,19.5,success
PSP001547,PAY001547,deposit,2026-07-27 10:58:00,INR,13649.51,327.59,success
PSP001548,PAY001548,deposit,2026-07-27 10:48:00,MYR,1515.72,36.38,success
PSP001549,PAY001549,deposit,2026-07-27 13:12:00,INR,19935.31,478.45,success
PSP001550,PAY001550,deposit,2026-07-27 11:36:00,MYR,1546.93,37.13,success
PSP001551,PAY001551,deposit,2026-07-27 12:03:00,INR,37269.26,894.46,success
PSP001552,PAY001552,payout,2026-07-27 14:01:00,MYR,1171.52,28.12,success
PSP001553,PAY001553,deposit,2026-07-27 14:01:00,MYR,1146.69,27.52,success
PSP001554,PAY001554,deposit,2026-07-27 14:52:00,INR,41564.57,997.55,success
PSP001555,PAY001555,deposit,2026-07-27 15:47:00,MYR,1448.34,34.76,success
PSP001556,PAY001556,deposit,2026-07-27 15:18:00,INR,28261.08,678.27,success
PSP001557,PAY001557,payout,2026-07-27 14:28:00,INR,22472.42,539.34,success
PSP001558,PAY001558,payout,2026-07-27 15:49:00,INR,23665.17,567.96,success
PSP001559,PAY001559,deposit,2026-07-27 16:39:00,MYR,221.55,5.32,success
PSP001560,PAY001560,deposit,2026-07-27 16:54:00,INR,4266.93,102.41,success
PSP001561,PAY001561,deposit,2026-07-27 17:01:00,INR,44976.82,1079.44,success
PSP001562,PAY001562,payout,2026-07-27 18:28:00,MYR,196.57,4.72,success
PSP001563,PAY001563,payout,2026-07-27 16:21:00,INR,5129.41,123.11,success
PSP001564,PAY001564,deposit,2026-07-27 17:21:00,INR,34898.47,837.56,success
PSP001565,PAY001565,deposit,2026-07-27 16:53:00,INR,3632.55,87.18,success
PSP001566,PAY001566,deposit,2026-07-27 18:35:00,INR,1979.96,47.52,success
PSP001567,PAY001567,deposit,2026-07-27 16:51:00,MYR,1166.22,27.99,success
PSP001568,PAY001568,deposit,2026-07-27 19:30:00,INR,35640.14,855.36,success
PSP001569,PAY001569,deposit,2026-07-27 18:30:00,MYR,1927.48,46.26,success
PSP001570,PAY001570,payout,2026-07-27 20:09:00,MYR,1154.71,27.71,success
PSP001571,PAY001571,deposit,2026-07-27 20:26:00,MYR,594.44,14.27,success
PSP001572,PAY001572,deposit,2026-07-28 12:09:00,MYR,1102.84,26.47,success
PSP001573,PAY001573,deposit,2026-07-28 14:18:00,MYR,317.02,7.61,success
PSP001574,PAY001574,deposit,2026-07-28 13:09:00,MYR,763.06,18.31,success
PSP001575,PAY001575,deposit,2026-07-28 13:57:00,MYR,1361.15,32.67,success
PSP001576,PAY001576,deposit,2026-07-28 15:45:00,MYR,1773.0,42.55,success
PSP001577,PAY001577,deposit,2026-07-28 17:24:00,MYR,1514.8,36.36,success
PSP001578,PAY001578,deposit,2026-07-28 16:52:00,INR,30140.23,723.37,success
PSP001579,PAY001579,deposit,2026-07-28 15:32:00,INR,7406.3,177.75,success
PSP001580,PAY001580,deposit,2026-07-28 17:00:00,MYR,1765.02,42.36,success
PSP001581,PAY001581,deposit,2026-07-28 17:36:00,INR,700.0,16.8,success
PSP001582,PAY001582,deposit,2026-07-28 17:28:00,INR,24714.41,593.15,success
PSP001583,PAY001583,deposit,2026-07-28 18:48:00,MYR,1060.55,25.45,success
PSP001584,PAY001584,deposit,2026-07-28 20:11:00,MYR,474.86,11.4,success
PSP001585,PAY001585,payout,2026-07-28 19:58:00,INR,18383.45,441.2,success
PSP001586,PAY001586,deposit,2026-07-28 20:40:00,INR,34899.4,837.59,success
PSP001587,PAY001587,payout,2026-07-28 20:25:00,MYR,733.47,17.6,success
PSP001588,PAY001588,deposit,2026-07-28 21:44:00,INR,15141.31,363.39,success
PSP001589,PAY001589,deposit,2026-07-28 22:51:00,INR,47575.13,1141.8,success
PSP001590,PAY001590,deposit,2026-07-29 10:05:00,MYR,706.04,16.94,success
PSP001591,PAY001591,deposit,2026-07-29 11:03:00,MYR,1281.38,30.75,success
PSP001592,PAY001592,payout,2026-07-29 08:47:00,MYR,449.4,10.79,success
PSP001593,PAY001593,deposit,2026-07-29 09:09:00,MYR,1513.25,36.32,success
PSP001594,PAY001594,deposit,2026-07-29 10:34:00,MYR,1989.44,47.75,success
PSP001595,PAY001595,deposit,2026-07-29 11:18:00,MYR,965.5,23.17,success
PSP001596,PAY001596,payout,2026-07-29 11:51:00,INR,11966.18,287.19,success
PSP001597,PAY001597,deposit,2026-07-29 12:23:00,MYR,1118.67,26.85,success
PSP001598,PAY001598,payout,2026-07-29 14:34:00,MYR,794.06,19.06,success
PSP001599,PAY001599,deposit,2026-07-29 12:37:00,INR,3920.43,94.09,success
PSP001600,PAY001600,payout,2026-07-29 14:09:00,MYR,1059.53,25.43,success
PSP001601,PAY001601,deposit,2026-07-29 16:01:00,INR,35061.72,841.48,success
PSP001602,PAY001602,payout,2026-07-29 17:01:00,MYR,94.05,2.26,success
PSP001603,PAY001603,deposit,2026-07-29 15:07:00,MYR,1938.07,46.51,success
PSP001604,PAY001604,deposit,2026-07-29 19:05:00,MYR,792.99,19.03,success
PSP001605,PAY001605,deposit,2026-07-29 17:22:00,INR,15462.69,371.1,success
PSP001606,PAY001606,deposit,2026-07-29 17:35:00,MYR,1622.58,38.94,success
PSP001607,PAY001607,deposit,2026-07-29 19:26:00,INR,1672.07,40.13,success
PSP001608,PAY001608,payout,2026-07-29 20:07:00,MYR,1178.51,28.28,success
PSP001609,PAY001609,payout,2026-07-29 21:15:00,INR,7671.23,184.11,success
PSP001610,PAY001610,deposit,2026-07-29 21:50:00,MYR,547.67,13.14,success
PSP001611,PAY001611,deposit,2026-07-29 20:59:00,MYR,1816.03,43.58,success
PSP001612,PAY001612,deposit,2026-07-30 10:02:00,INR,9746.14,233.91,success
PSP001613,PAY001613,deposit,2026-07-30 12:20:00,MYR,161.63,3.88,success
PSP001614,PAY001614,deposit,2026-07-30 10:45:00,MYR,487.53,11.7,success
PSP001615,PAY001615,deposit,2026-07-30 10:47:00,INR,1054.08,25.3,success
PSP001616,PAY001616,payout,2026-07-30 10:40:00,INR,15174.23,364.18,success
PSP001617,PAY001617,deposit,2026-07-30 11:35:00,INR,43098.99,1034.38,success
PSP001618,PAY001618,deposit,2026-07-30 13:05:00,MYR,225.12,5.4,success
PSP001619,PAY001619,deposit,2026-07-30 12:10:00,INR,42963.36,1031.12,success
PSP001620,PAY001620,deposit,2026-07-30 12:43:00,INR,28524.79,684.59,success
PSP001621,PAY001621,deposit,2026-07-30 13:10:00,MYR,1877.09,45.05,success
PSP001622,PAY001622,deposit,2026-07-30 13:57:00,INR,43598.1,1046.35,success
PSP001623,PAY001623,deposit,2026-07-30 15:11:00,INR,19843.42,476.24,success
PSP001624,PAY001624,deposit,2026-07-30 15:51:00,INR,24228.61,581.49,success
PSP001625,PAY001625,deposit,2026-07-30 16:01:00,MYR,505.44,12.13,success
PSP001626,PAY001626,deposit,2026-07-30 15:40:00,MYR,1211.65,29.08,success
PSP001627,PAY001627,deposit,2026-07-30 14:20:00,INR,38759.44,930.23,success
PSP001628,PAY001628,deposit,2026-07-30 16:11:00,MYR,1310.83,31.46,success
PSP001629,PAY001629,deposit,2026-07-30 16:35:00,MYR,1037.54,24.9,success
PSP001630,PAY001630,deposit,2026-07-30 17:37:00,INR,34725.49,833.41,success
PSP001631,PAY001631,deposit,2026-07-30 17:40:00,INR,46740.96,1121.78,success
PSP001632,PAY001632,deposit,2026-07-30 19:22:00,INR,45407.27,1089.77,success
PSP001633,PAY001633,deposit,2026-07-30 19:26:00,MYR,1656.7,39.76,success
PSP001634,PAY001634,deposit,2026-07-30 18:15:00,MYR,1349.28,32.38,success
PSP001635,PAY001635,payout,2026-07-30 20:25:00,INR,5507.83,132.19,success
PSP001636,PAY001636,deposit,2026-07-30 18:23:00,MYR,1176.05,28.23,success
PSP001637,PAY001637,deposit,2026-07-30 20:28:00,MYR,1208.32,29.0,success
PSP001638,PAY001638,deposit,2026-07-30 19:49:00,MYR,768.75,18.45,success
PSP001639,PAY001639,deposit,2026-07-30 18:56:00,MYR,1088.69,26.13,success
PSP001640,PAY001640,deposit,2026-07-30 20:06:00,INR,40749.17,977.98,success
PSP001641,PAY001641,deposit,2026-07-30 20:32:00,INR,46426.38,1114.23,success
PSP001642,PAY001642,deposit,2026-07-30 18:52:00,MYR,422.4,10.14,success
PSP001643,PAY001643,deposit,2026-07-30 20:13:00,MYR,891.23,21.39,success
PSP001644,PAY001644,deposit,2026-07-30 19:21:00,INR,38126.16,915.03,success
PSP001645,PAY001645,deposit,2026-07-30 19:44:00,INR,26993.52,647.84,success
PSP001646,PAY001646,deposit,2026-07-30 22:30:00,INR,10642.19,255.41,success
PSP001647,PAY001647,deposit,2026-07-30 21:30:00,INR,48853.39,1172.48,success
PSP001648,PAY001648,payout,2026-07-30 22:55:00,MYR,829.46,19.91,success
PSP001649,PAY001649,deposit,2026-07-31 09:27:00,MYR,1686.31,40.47,success
PSP001650,PAY001650,deposit,2026-07-31 10:45:00,MYR,1617.25,38.81,success
PSP001651,PAY001651,payout,2026-07-31 11:51:00,INR,14832.95,355.99,success
PSP001652,PAY001652,payout,2026-07-31 10:21:00,MYR,1113.73,26.73,success
PSP001653,PAY001653,deposit,2026-07-31 10:41:00,MYR,1837.72,44.11,success
PSP001654,PAY001654,deposit,2026-07-31 13:14:00,INR,22042.07,529.01,success
PSP001655,PAY001655,payout,2026-07-31 11:35:00,MYR,170.93,4.1,success
PSP001656,PAY001656,deposit,2026-07-31 12:56:00,MYR,1705.66,40.94,success
PSP001657,PAY001657,deposit,2026-07-31 14:35:00,MYR,890.2,21.36,success
PSP001658,PAY001658,deposit,2026-07-31 14:27:00,MYR,1242.81,29.83,success
PSP001659,PAY001659,deposit,2026-07-31 15:49:00,INR,30247.2,725.93,success
PSP001660,PAY001660,deposit,2026-07-31 14:38:00,INR,11287.45,270.9,success
PSP001661,PAY001661,payout,2026-07-31 15:41:00,MYR,1181.5,28.36,success
PSP001662,PAY001662,deposit,2026-07-31 15:26:00,MYR,510.82,12.26,success
PSP001663,PAY001663,deposit,2026-07-31 15:31:00,INR,18296.27,439.11,success
PSP001664,PAY001664,deposit,2026-07-31 17:46:00,MYR,206.24,4.95,success
PSP001665,PAY001665,deposit,2026-07-31 17:31:00,INR,24187.27,580.49,success
PSP001666,PAY001666,deposit,2026-07-31 18:17:00,INR,18546.31,445.11,success
PSP001667,PAY001667,payout,2026-07-31 17:41:00,INR,2063.37,49.52,success
PSP001668,PAY001668,deposit,2026-07-31 19:21:00,MYR,309.02,7.42,success
PSP001669,PAY001669,deposit,2026-07-31 18:04:00,INR,8748.13,209.96,success
PSP001670,PAY001670,deposit,2026-07-31 19:23:00,INR,32903.78,789.69,success
PSP001671,PAY001671,deposit,2026-07-31 20:29:00,MYR,495.4,11.89,success
PSP001672,PAY001672,payout,2026-07-31 20:26:00,INR,7406.19,177.75,success
PSP001673,PAY001673,payout,2026-07-31 20:38:00,INR,19462.73,467.11,success
PSP001674,PAY001674,deposit,2026-07-31 21:32:00,INR,16611.15,398.67,success
PSP001675,PAY001675,deposit,2026-08-01 08:49:00,MYR,1016.8,24.4,success
PSP001676,PAY001676,deposit,2026-08-01 10:46:00,INR,8217.52,197.22,success
PSP001677,PAY001677,payout,2026-08-01 12:25:00,MYR,631.81,15.16,success
PSP001678,PAY001678,deposit,2026-08-01 10:56:00,INR,32186.74,772.48,success
PSP001679,PAY001679,deposit,2026-08-01 12:58:00,MYR,937.72,22.51,success
PSP001680,PAY001680,deposit,2026-08-01 13:19:00,MYR,1780.92,42.74,success
PSP001681,PAY001681,deposit,2026-08-01 13:23:00,MYR,1445.16,34.68,success
PSP001682,PAY001682,deposit,2026-08-01 14:10:00,MYR,358.78,8.61,success
PSP001683,PAY001683,deposit,2026-08-01 12:37:00,INR,42176.33,1012.23,success
PSP001684,PAY001684,deposit,2026-08-01 13:35:00,MYR,766.04,18.38,success
PSP001685,PAY001685,deposit,2026-08-01 17:12:00,INR,22059.11,529.42,success
PSP001686,PAY001686,payout,2026-08-01 17:30:00,INR,16811.43,403.47,success
PSP001687,PAY001687,deposit,2026-08-01 17:19:00,INR,45231.35,1085.55,success
PSP001688,PAY001688,deposit,2026-08-01 17:44:00,MYR,761.99,18.29,success
PSP001689,PAY001689,deposit,2026-08-01 18:30:00,INR,12645.62,303.49,success
PSP001690,PAY001690,deposit,2026-08-01 20:13:00,INR,17852.48,428.46,success
PSP001691,PAY001691,deposit,2026-08-01 21:04:00,MYR,728.91,17.49,success
PSP001692,PAY001692,deposit,2026-08-01 20:51:00,MYR,163.48,3.92,success
PSP001693,PAY001693,deposit,2026-08-01 20:12:00,MYR,51.78,1.24,success
PSP001694,PAY001694,deposit,2026-08-01 22:12:00,MYR,460.83,11.06,success
PSP001695,PAY001695,deposit,2026-08-01 22:00:00,INR,40026.3,960.63,success
PSP001696,PAY001696,deposit,2026-08-02 11:16:00,MYR,1608.41,38.6,success
PSP001697,PAY001697,payout,2026-08-02 09:03:00,MYR,1014.52,24.35,success
PSP001698,PAY001698,deposit,2026-08-02 11:02:00,INR,46680.91,1120.34,success
PSP001699,PAY001699,deposit,2026-08-02 11:31:00,MYR,313.58,7.53,success
PSP001700,PAY001700,deposit,2026-08-02 12:36:00,MYR,112.53,2.7,success
PSP001701,PAY001701,deposit,2026-08-02 12:33:00,INR,10086.38,242.07,success
PSP001702,PAY001702,deposit,2026-08-02 12:41:00,MYR,31.12,0.75,success
PSP001703,PAY001703,deposit,2026-08-02 15:06:00,INR,39457.1,946.97,success
PSP001704,PAY001704,deposit,2026-08-02 17:38:00,INR,6154.73,147.71,success
PSP001705,PAY001705,deposit,2026-08-02 16:27:00,MYR,1705.67,40.94,success
PSP001706,PAY001706,deposit,2026-08-02 18:32:00,MYR,1067.62,25.62,success
PSP001707,PAY001707,payout,2026-08-02 15:50:00,MYR,331.43,7.95,success
PSP001708,PAY001708,payout,2026-08-02 17:53:00,MYR,425.04,10.2,success
PSP001709,PAY001709,deposit,2026-08-02 16:52:00,MYR,239.8,5.76,success
PSP001710,PAY001710,payout,2026-08-02 17:34:00,INR,22445.12,538.68,success
PSP001711,PAY001711,deposit,2026-08-02 18:23:00,INR,25539.26,612.94,success
PSP001712,PAY001712,deposit,2026-08-02 18:47:00,MYR,619.2,14.86,success
PSP001713,PAY001713,payout,2026-08-02 18:05:00,MYR,1029.68,24.71,success
PSP001714,PAY001714,payout,2026-08-02 18:02:00,MYR,570.46,13.69,success
PSP001715,PAY001715,deposit,2026-08-02 20:53:00,MYR,988.44,23.72,success
PSP001716,PAY001716,deposit,2026-08-02 21:05:00,MYR,877.31,21.06,success
PSP001717,PAY001717,deposit,2026-08-02 22:58:00,INR,17137.51,411.3,success
PSP001718,PAY001718,deposit,2026-08-02 20:50:00,MYR,191.73,4.6,success
PSP001719,PAY001719,deposit,2026-08-03 11:03:00,MYR,1870.72,44.9,success
PSP001720,PAY001720,payout,2026-08-03 10:14:00,INR,1637.61,39.3,success
PSP001721,PAY001721,deposit,2026-08-03 10:20:00,MYR,1342.13,32.21,success
PSP001722,PAY001722,payout,2026-08-03 13:08:00,INR,3289.44,78.95,success
PSP001723,PAY001723,deposit,2026-08-03 12:28:00,INR,39582.36,949.98,success
PSP001724,PAY001724,deposit,2026-08-03 13:20:00,MYR,1242.41,29.82,success
PSP001725,PAY001725,payout,2026-08-03 12:40:00,MYR,810.42,19.45,success
PSP001726,PAY001726,deposit,2026-08-03 12:02:00,INR,34607.09,830.57,success
PSP001727,PAY001727,deposit,2026-08-03 13:57:00,MYR,1626.23,39.03,success
PSP001728,PAY001728,deposit,2026-08-03 13:54:00,MYR,853.4,20.48,success
PSP001729,PAY001729,deposit,2026-08-03 14:36:00,MYR,504.14,12.1,success
PSP001730,PAY001730,deposit,2026-08-03 15:37:00,INR,29590.31,710.17,success
PSP001731,PAY001731,deposit,2026-08-03 16:08:00,INR,7891.68,189.4,success
PSP001732,PAY001732,deposit,2026-08-03 19:00:00,MYR,501.33,12.03,success
PSP001733,PAY001733,deposit,2026-08-03 20:34:00,MYR,1466.88,35.21,success
PSP001734,PAY001734,deposit,2026-08-03 20:58:00,INR,18528.36,444.68,success
PSP001735,PAY001735,deposit,2026-08-03 20:36:00,MYR,1687.01,40.49,success
PSP001736,PAY001736,deposit,2026-08-03 21:38:00,INR,33087.31,794.1,success
PSP001737,PAY001737,deposit,2026-08-03 21:49:00,MYR,1498.2,35.96,success
PSP001738,PAY001738,deposit,2026-08-03 21:37:00,MYR,1740.22,41.77,success
PSP001739,PAY001739,deposit,2026-08-04 10:06:00,INR,5114.21,122.74,success
PSP001740,PAY001740,deposit,2026-08-04 13:23:00,INR,25882.83,621.19,success
PSP001741,PAY001741,deposit,2026-08-04 11:21:00,INR,2403.23,57.68,success
PSP001742,PAY001742,deposit,2026-08-04 11:59:00,MYR,694.24,16.66,success
PSP001743,PAY001743,deposit,2026-08-04 14:26:00,INR,34177.61,820.26,success
PSP001744,PAY001744,deposit,2026-08-04 12:44:00,MYR,886.83,21.28,success
PSP001745,PAY001745,deposit,2026-08-04 14:08:00,MYR,117.69,2.82,success
PSP001746,PAY001746,deposit,2026-08-04 15:01:00,MYR,964.8,23.16,success
PSP001747,PAY001747,deposit,2026-08-04 16:02:00,MYR,484.96,11.64,success
PSP001748,PAY001748,deposit,2026-08-04 15:59:00,INR,44629.9,1071.12,success
PSP001749,PAY001749,payout,2026-08-04 17:07:00,INR,7067.41,169.62,success
PSP001750,PAY001750,payout,2026-08-04 17:07:00,INR,6679.08,160.3,success
PSP001751,PAY001751,deposit,2026-08-04 19:49:00,INR,26995.25,647.89,success
PSP001752,PAY001752,deposit,2026-08-04 20:19:00,INR,38560.59,925.45,success
PSP001753,PAY001753,deposit,2026-08-04 20:05:00,MYR,1082.16,25.97,success
PSP001754,PAY001754,payout,2026-08-04 19:39:00,INR,14586.47,350.08,success
PSP001755,PAY001755,deposit,2026-08-04 21:17:00,INR,4444.01,106.66,success
PSP001756,PAY001756,deposit,2026-08-04 19:54:00,MYR,1864.23,44.74,success
PSP001757,PAY001757,deposit,2026-08-04 21:27:00,MYR,348.87,8.37,success
PSP001758,PAY001758,payout,2026-08-04 22:06:00,INR,8412.3,201.9,success
PSP001759,PAY001759,deposit,2026-08-04 20:33:00,INR,43724.45,1049.39,success
PSP001760,PAY001760,deposit,2026-08-04 21:18:00,INR,48274.61,1158.59,success
PSP001761,PAY001761,deposit,2026-08-05 11:39:00,MYR,1539.02,36.94,success
PSP001762,PAY001762,payout,2026-08-05 11:06:00,INR,20045.99,481.1,success
PSP001763,PAY001763,deposit,2026-08-05 12:12:00,INR,40426.79,970.24,success
PSP001764,PAY001764,deposit,2026-08-05 10:51:00,INR,49610.09,1190.64,success
PSP001765,PAY001765,deposit,2026-08-05 13:14:00,MYR,412.52,9.9,success
PSP001766,PAY001766,deposit,2026-08-05 12:57:00,INR,39736.93,953.69,success
PSP001767,PAY001767,deposit,2026-08-05 13:37:00,MYR,1253.52,30.08,success
PSP001768,PAY001768,payout,2026-08-05 14:14:00,INR,21286.82,510.88,success
PSP001769,PAY001769,payout,2026-08-05 13:06:00,MYR,295.77,7.1,success
PSP001770,PAY001770,deposit,2026-08-05 16:54:00,MYR,730.18,17.52,success
PSP001771,PAY001771,deposit,2026-08-05 14:43:00,MYR,1506.97,36.17,success
PSP001772,PAY001772,deposit,2026-08-05 17:19:00,MYR,1201.46,28.84,success
PSP001773,PAY001773,payout,2026-08-05 17:30:00,INR,12934.21,310.42,success
PSP001774,PAY001774,deposit,2026-08-05 19:20:00,MYR,1578.71,37.89,success
PSP001775,PAY001775,deposit,2026-08-05 18:02:00,INR,15025.84,360.62,success
PSP001776,PAY001776,deposit,2026-08-05 19:15:00,MYR,1400.94,33.62,success
PSP001777,PAY001777,deposit,2026-08-05 20:39:00,MYR,1963.18,47.12,success
PSP001778,PAY001778,deposit,2026-08-05 18:50:00,INR,20640.11,495.36,success
PSP001779,PAY001779,deposit,2026-08-05 22:16:00,MYR,1742.92,41.83,success
PSP001780,PAY001780,deposit,2026-08-05 21:46:00,INR,48744.63,1169.87,success
PSP001781,PAY001781,deposit,2026-08-05 21:18:00,INR,29320.3,703.69,success
PSP001782,PAY001782,deposit,2026-08-06 08:28:00,INR,37864.61,908.75,success
PSP001783,PAY001783,deposit,2026-08-06 11:16:00,MYR,227.86,5.47,success
PSP001784,PAY001784,deposit,2026-08-06 11:16:00,INR,5101.89,122.45,success
PSP001785,PAY001785,deposit,2026-08-06 12:46:00,INR,47474.7,1139.39,success
PSP001786,PAY001786,deposit,2026-08-06 12:30:00,INR,23726.54,569.44,success
PSP001787,PAY001787,deposit,2026-08-06 12:03:00,INR,44803.71,1075.29,success
PSP001788,PAY001788,deposit,2026-08-06 11:35:00,MYR,1410.37,33.85,success
PSP001789,PAY001789,payout,2026-08-06 15:14:00,INR,4977.31,119.46,success
PSP001790,PAY001790,deposit,2026-08-06 15:17:00,INR,34229.85,821.52,success
PSP001791,PAY001791,deposit,2026-08-06 16:30:00,INR,3438.9,82.53,success
PSP001792,PAY001792,deposit,2026-08-06 16:41:00,MYR,606.63,14.56,success
PSP001793,PAY001793,deposit,2026-08-06 18:47:00,MYR,560.64,13.46,success
PSP001794,PAY001794,deposit,2026-08-06 18:30:00,INR,32592.71,782.23,success
PSP001795,PAY001795,deposit,2026-08-06 17:11:00,INR,37465.89,899.18,success
PSP001796,PAY001796,deposit,2026-08-06 19:48:00,INR,6438.87,154.53,success
PSP001797,PAY001797,deposit,2026-08-06 18:09:00,INR,49908.18,1197.8,success
PSP001798,PAY001798,payout,2026-08-06 19:20:00,INR,24428.4,586.28,success
PSP001799,PAY001799,deposit,2026-08-06 19:17:00,INR,41583.55,998.01,success
PSP001800,PAY001800,deposit,2026-08-06 22:22:00,INR,7646.99,183.53,success
PSP001801,PAY001801,deposit,2026-08-06 21:48:00,INR,48873.88,1172.97,success
PSP001802,PAY001802,deposit,2026-08-06 20:55:00,MYR,1719.78,41.27,success
PSP001803,PAY001803,deposit,2026-08-07 09:38:00,MYR,995.13,23.88,success
PSP001804,PAY001804,deposit,2026-08-07 08:51:00,INR,23447.33,562.74,success
PSP001805,PAY001805,deposit,2026-08-07 10:41:00,INR,14809.11,355.42,success
PSP001806,PAY001806,deposit,2026-08-07 09:51:00,MYR,378.81,9.09,success
PSP001807,PAY001807,deposit,2026-08-07 11:49:00,INR,15508.19,372.2,success
PSP001808,PAY001808,deposit,2026-08-07 12:34:00,INR,42053.66,1009.29,success
PSP001809,PAY001809,deposit,2026-08-07 11:09:00,INR,45287.92,1086.91,success
PSP001810,PAY001810,deposit,2026-08-07 14:10:00,INR,11334.21,272.02,success
PSP001811,PAY001811,payout,2026-08-07 12:35:00,INR,13585.04,326.04,success
PSP001812,PAY001812,deposit,2026-08-07 12:55:00,MYR,154.05,3.7,success
PSP001813,PAY001813,deposit,2026-08-07 17:19:00,MYR,1522.74,36.55,success
PSP001814,PAY001814,payout,2026-08-07 15:02:00,INR,926.16,22.23,success
PSP001815,PAY001815,deposit,2026-08-07 15:44:00,MYR,977.61,23.46,success
PSP001816,PAY001816,deposit,2026-08-07 17:38:00,MYR,524.8,12.6,success
PSP001817,PAY001817,deposit,2026-08-07 17:33:00,INR,28419.09,682.06,success
PSP001818,PAY001818,deposit,2026-08-07 18:42:00,MYR,669.69,16.07,success
PSP001819,PAY001819,deposit,2026-08-07 18:30:00,MYR,686.86,16.48,success
PSP001820,PAY001820,deposit,2026-08-07 18:17:00,INR,28475.37,683.41,success
PSP001821,PAY001821,deposit,2026-08-07 20:48:00,MYR,950.15,22.8,success
PSP001822,PAY001822,deposit,2026-08-07 19:16:00,INR,22343.42,536.24,success
PSP001823,PAY001823,payout,2026-08-07 18:51:00,INR,1736.45,41.67,success
PSP001824,PAY001824,deposit,2026-08-07 21:17:00,MYR,1296.75,31.12,success
PSP001825,PAY001825,deposit,2026-08-07 20:13:00,INR,30782.81,738.79,success
PSP001826,PAY001826,deposit,2026-08-07 21:02:00,MYR,1500.44,36.01,success
PSP001827,PAY001827,deposit,2026-08-07 20:24:00,MYR,359.06,8.62,success
PSP001828,PAY001828,deposit,2026-08-07 21:59:00,MYR,1597.57,38.34,success
PSP001829,PAY001829,deposit,2026-08-07 22:12:00,INR,46278.15,1110.68,success
PSP001830,PAY001830,deposit,2026-08-08 12:26:00,MYR,1514.05,36.34,success
PSP001831,PAY001831,payout,2026-08-08 13:01:00,INR,24898.21,597.56,success
PSP001832,PAY001832,deposit,2026-08-08 11:09:00,MYR,491.41,11.79,success
PSP001833,PAY001833,payout,2026-08-08 13:47:00,INR,5697.29,136.73,success
PSP001834,PAY001834,deposit,2026-08-08 12:43:00,INR,31122.99,746.95,success
PSP001835,PAY001835,payout,2026-08-08 14:55:00,INR,21348.12,512.35,success
PSP001836,PAY001836,deposit,2026-08-08 13:13:00,INR,23949.64,574.79,success
PSP001837,PAY001837,deposit,2026-08-08 15:15:00,MYR,1378.35,33.08,success
PSP001838,PAY001838,payout,2026-08-08 15:39:00,INR,2649.01,63.58,success
PSP001839,PAY001839,deposit,2026-08-08 16:35:00,MYR,554.3,13.3,success
PSP001840,PAY001840,deposit,2026-08-08 17:00:00,MYR,1662.69,39.9,success
PSP001841,PAY001841,deposit,2026-08-08 16:23:00,INR,9020.68,216.5,success
PSP001842,PAY001842,deposit,2026-08-08 15:03:00,MYR,1854.64,44.51,success
PSP001843,PAY001843,deposit,2026-08-08 15:33:00,MYR,945.79,22.7,success
PSP001844,PAY001844,deposit,2026-08-08 17:12:00,INR,45091.13,1082.19,success
PSP001845,PAY001845,deposit,2026-08-08 18:57:00,INR,45511.98,1092.29,success
PSP001846,PAY001846,deposit,2026-08-08 18:42:00,INR,27181.76,652.36,success
PSP001847,PAY001847,deposit,2026-08-08 21:21:00,INR,25666.59,616.0,success
PSP001848,PAY001848,deposit,2026-08-08 22:41:00,INR,4636.61,111.28,success
PSP001849,PAY001849,deposit,2026-08-08 21:23:00,INR,27670.92,664.1,success
PSP001850,PAY001850,deposit,2026-08-08 21:37:00,MYR,305.23,7.33,success
PSP001851,PAY001851,deposit,2026-08-09 10:53:00,INR,4036.04,96.86,success
PSP001852,PAY001852,deposit,2026-08-09 11:06:00,INR,23314.51,559.55,success
PSP001853,PAY001853,deposit,2026-08-09 11:44:00,MYR,1566.69,37.6,success
PSP001854,PAY001854,payout,2026-08-09 10:20:00,INR,2891.91,69.41,success
PSP001855,PAY001855,deposit,2026-08-09 10:33:00,INR,24298.6,583.17,success
PSP001856,PAY001856,deposit,2026-08-09 12:03:00,MYR,1446.87,34.72,success
PSP001857,PAY001857,deposit,2026-08-09 11:51:00,MYR,1301.85,31.24,success
PSP001858,PAY001858,deposit,2026-08-09 13:16:00,INR,30217.24,725.21,success
PSP001859,PAY001859,deposit,2026-08-09 11:30:00,MYR,1823.2,43.76,success
PSP001860,PAY001860,deposit,2026-08-09 11:35:00,INR,25320.06,607.68,success
PSP001861,PAY001861,deposit,2026-08-09 12:21:00,MYR,886.34,21.27,success
PSP001862,PAY001862,deposit,2026-08-09 13:53:00,INR,44346.74,1064.32,success
PSP001863,PAY001863,deposit,2026-08-09 12:58:00,MYR,571.91,13.73,success
PSP001864,PAY001864,deposit,2026-08-09 14:19:00,MYR,843.56,20.25,success
PSP001865,PAY001865,deposit,2026-08-09 14:49:00,INR,33235.53,797.65,success
PSP001866,PAY001866,deposit,2026-08-09 15:45:00,INR,36615.18,878.76,success
PSP001867,PAY001867,payout,2026-08-09 15:20:00,INR,10793.23,259.04,success
PSP001868,PAY001868,deposit,2026-08-09 17:01:00,MYR,1551.56,37.24,success
PSP001869,PAY001869,deposit,2026-08-09 14:36:00,INR,13756.63,330.16,success
PSP001870,PAY001870,deposit,2026-08-09 15:09:00,INR,41827.46,1003.86,success
PSP001871,PAY001871,deposit,2026-08-09 18:15:00,INR,48126.53,1155.04,success
PSP001872,PAY001872,deposit,2026-08-09 17:17:00,MYR,1045.86,25.1,success
PSP001873,PAY001873,deposit,2026-08-09 17:18:00,INR,20285.58,486.85,success
PSP001874,PAY001874,deposit,2026-08-09 18:34:00,INR,31144.2,747.46,success
PSP001875,PAY001875,payout,2026-08-09 18:44:00,INR,10811.54,259.48,success
PSP001876,PAY001876,deposit,2026-08-09 20:41:00,INR,18728.7,449.49,success
PSP001877,PAY001877,deposit,2026-08-09 18:44:00,INR,4567.33,109.62,success
PSP001878,PAY001878,deposit,2026-08-09 20:21:00,MYR,338.64,8.13,success
PSP001879,PAY001879,deposit,2026-08-09 20:37:00,MYR,397.58,9.54,success
PSP001880,PAY001880,deposit,2026-08-09 20:00:00,MYR,608.85,14.61,success
PSP001881,PAY001881,deposit,2026-08-09 21:13:00,INR,20853.99,500.5,success
PSP001882,PAY001882,deposit,2026-08-09 20:12:00,MYR,1025.28,24.61,success
PSP001883,PAY001883,deposit,2026-08-09 22:15:00,INR,12451.45,298.83,success
PSP001884,PAY001884,deposit,2026-08-09 20:48:00,INR,16911.79,405.88,success
PSP001885,PAY001885,deposit,2026-08-09 23:10:00,INR,2358.28,56.6,success
PSP001886,PAY001886,deposit,2026-08-09 21:15:00,INR,12321.45,295.71,success
PSP001887,PAY001887,deposit,2026-08-09 22:14:00,MYR,537.7,12.9,success
PSP001888,PAY001888,deposit,2026-08-10 08:42:00,INR,40431.9,970.37,success
PSP001889,PAY001889,deposit,2026-08-10 09:06:00,INR,26547.47,637.14,success
PSP001890,PAY001890,deposit,2026-08-10 10:15:00,INR,12434.27,298.42,success
PSP001891,PAY001891,deposit,2026-08-10 11:37:00,INR,20547.23,493.13,success
PSP001892,PAY001892,deposit,2026-08-10 10:41:00,INR,36306.36,871.35,success
PSP001893,PAY001893,deposit,2026-08-10 11:26:00,MYR,1983.1,47.59,success
PSP001894,PAY001894,deposit,2026-08-10 11:07:00,MYR,1786.89,42.89,success
PSP001895,PAY001895,payout,2026-08-10 12:17:00,INR,25193.07,604.63,success
PSP001896,PAY001896,deposit,2026-08-10 12:42:00,INR,6044.72,145.07,success
PSP001897,PAY001897,deposit,2026-08-10 15:01:00,INR,17025.67,408.62,success
PSP001898,PAY001898,deposit,2026-08-10 15:08:00,MYR,1651.39,39.63,success
PSP001899,PAY001899,deposit,2026-08-10 15:25:00,MYR,801.77,19.24,success
PSP001900,PAY001900,deposit,2026-08-10 16:14:00,MYR,180.22,4.33,success
PSP001901,PAY001901,deposit,2026-08-10 16:08:00,INR,14698.39,352.76,success
PSP001902,PAY001902,deposit,2026-08-10 14:06:00,INR,24128.67,579.09,success
PSP001903,PAY001903,deposit,2026-08-10 14:40:00,INR,10137.94,243.31,success
PSP001904,PAY001904,deposit,2026-08-10 15:36:00,INR,14113.47,338.72,success
PSP001905,PAY001905,deposit,2026-08-10 15:59:00,INR,34923.15,838.16,success
PSP001906,PAY001906,deposit,2026-08-10 18:25:00,MYR,1664.28,39.94,success
PSP001907,PAY001907,deposit,2026-08-10 16:27:00,MYR,874.48,20.99,success
PSP001908,PAY001908,deposit,2026-08-10 17:47:00,INR,21612.54,518.7,success
PSP001909,PAY001909,deposit,2026-08-10 19:03:00,INR,26252.7,630.06,success
PSP001910,PAY001910,deposit,2026-08-10 18:49:00,MYR,1641.8,39.4,success
PSP001911,PAY001911,payout,2026-08-10 19:40:00,INR,8681.4,208.35,success
PSP001912,PAY001912,deposit,2026-08-10 20:47:00,INR,44925.93,1078.22,success
PSP001913,PAY001913,deposit,2026-08-10 20:16:00,MYR,889.39,21.35,success
PSP001914,PAY001914,deposit,2026-08-10 21:14:00,MYR,1298.98,31.18,success
PSP001915,PAY001915,payout,2026-08-11 08:27:00,INR,8003.85,192.09,success
PSP001916,PAY001916,deposit,2026-08-11 10:44:00,INR,745.47,17.89,success
PSP001917,PAY001917,deposit,2026-08-11 12:00:00,INR,24105.9,578.54,success
PSP001918,PAY001918,deposit,2026-08-11 10:56:00,INR,12070.5,289.69,success
PSP001919,PAY001919,deposit,2026-08-11 11:42:00,INR,22850.93,548.42,success
PSP001920,PAY001920,payout,2026-08-11 13:49:00,INR,15129.37,363.1,success
PSP001921,PAY001921,payout,2026-08-11 15:32:00,MYR,1230.47,29.53,success
PSP001922,PAY001922,deposit,2026-08-11 16:36:00,INR,31376.89,753.05,success
PSP001923,PAY001923,deposit,2026-08-11 17:16:00,MYR,1665.66,39.98,success
PSP001924,PAY001924,deposit,2026-08-11 17:12:00,MYR,612.23,14.69,success
PSP001925,PAY001925,deposit,2026-08-11 19:27:00,MYR,518.96,12.46,success
PSP001926,PAY001926,deposit,2026-08-12 10:53:00,INR,44423.25,1066.16,success
PSP001927,PAY001927,deposit,2026-08-12 09:42:00,INR,5863.57,140.73,success
PSP001928,PAY001928,deposit,2026-08-12 11:36:00,INR,20508.5,492.2,success
PSP001929,PAY001929,deposit,2026-08-12 11:32:00,MYR,1980.34,47.53,success
PSP001930,PAY001930,deposit,2026-08-12 10:13:00,MYR,1534.67,36.83,success
PSP001931,PAY001931,deposit,2026-08-12 11:48:00,MYR,639.72,15.35,success
PSP001932,PAY001932,deposit,2026-08-12 13:42:00,INR,32684.38,784.43,success
PSP001933,PAY001933,payout,2026-08-12 14:12:00,INR,21156.41,507.75,success
PSP001934,PAY001934,deposit,2026-08-12 14:59:00,INR,30695.35,736.69,success
PSP001935,PAY001935,deposit,2026-08-12 14:17:00,INR,27452.77,658.87,success
PSP001936,PAY001936,payout,2026-08-12 16:12:00,MYR,529.69,12.71,success
PSP001937,PAY001937,deposit,2026-08-12 16:59:00,MYR,59.42,1.43,success
PSP001938,PAY001938,deposit,2026-08-12 18:51:00,MYR,1539.99,36.96,success
PSP001939,PAY001939,deposit,2026-08-12 17:43:00,MYR,526.3,12.63,success
PSP001940,PAY001940,payout,2026-08-12 18:33:00,MYR,349.89,8.4,success
PSP001941,PAY001941,deposit,2026-08-12 17:59:00,MYR,1713.63,41.13,success
PSP001942,PAY001942,deposit,2026-08-12 19:29:00,INR,21995.28,527.89,success
PSP001943,PAY001943,deposit,2026-08-12 21:09:00,MYR,260.06,6.24,success
PSP001944,PAY001944,deposit,2026-08-12 21:05:00,INR,40808.53,979.4,success
PSP001945,PAY001945,deposit,2026-08-12 20:10:00,INR,19071.98,457.73,success
PSP001946,PAY001946,deposit,2026-08-12 21:22:00,MYR,1719.94,41.28,success
PSP001947,PAY001947,payout,2026-08-12 22:28:00,MYR,1141.5,27.4,success
PSP001948,PAY001948,deposit,2026-08-13 10:01:00,MYR,129.09,3.1,success
PSP001949,PAY001949,payout,2026-08-13 11:08:00,MYR,601.2,14.43,success
PSP001950,PAY001950,deposit,2026-08-13 12:09:00,MYR,1774.31,42.58,success
PSP001951,PAY001951,deposit,2026-08-13 13:29:00,MYR,708.76,17.01,success
PSP001952,PAY001952,deposit,2026-08-13 13:16:00,INR,36386.91,873.29,success
PSP001953,PAY001953,deposit,2026-08-13 14:10:00,MYR,1143.88,27.45,success
PSP001954,PAY001954,deposit,2026-08-13 13:30:00,MYR,1359.03,32.62,success
PSP001955,PAY001955,deposit,2026-08-13 13:16:00,INR,11989.6,287.75,success
PSP001956,PAY001956,deposit,2026-08-13 14:39:00,MYR,429.16,10.3,success
PSP001957,PAY001957,deposit,2026-08-13 13:56:00,MYR,944.58,22.67,success
PSP001958,PAY001958,deposit,2026-08-13 13:14:00,INR,30344.9,728.28,success
PSP001959,PAY001959,deposit,2026-08-13 15:38:00,INR,12279.66,294.71,success
PSP001960,PAY001960,deposit,2026-08-13 14:57:00,MYR,1105.84,26.54,success
PSP001961,PAY001961,deposit,2026-08-13 16:54:00,INR,4179.63,100.31,success
PSP001962,PAY001962,payout,2026-08-13 15:07:00,MYR,962.39,23.1,success
PSP001963,PAY001963,deposit,2026-08-13 14:49:00,MYR,609.21,14.62,success
PSP001964,PAY001964,deposit,2026-08-13 15:53:00,INR,49748.98,1193.98,success
PSP001965,PAY001965,deposit,2026-08-13 17:14:00,INR,20218.8,485.25,success
PSP001966,PAY001966,deposit,2026-08-13 16:14:00,INR,33530.18,804.72,success
PSP001967,PAY001967,deposit,2026-08-13 17:46:00,INR,32133.59,771.21,success
PSP001968,PAY001968,deposit,2026-08-13 17:36:00,INR,13424.37,322.18,success
PSP001969,PAY001969,deposit,2026-08-13 18:49:00,MYR,1575.26,37.81,success
PSP001970,PAY001970,deposit,2026-08-13 17:26:00,MYR,1737.17,41.69,success
PSP001971,PAY001971,deposit,2026-08-13 20:59:00,INR,9272.22,222.53,success
PSP001972,PAY001972,deposit,2026-08-13 20:51:00,MYR,1157.68,27.78,success
PSP001973,PAY001973,deposit,2026-08-13 20:49:00,INR,36099.55,866.39,success
PSP001974,PAY001974,deposit,2026-08-13 21:37:00,INR,20431.64,490.36,success
PSP001975,PAY001975,deposit,2026-08-13 20:05:00,MYR,1724.4,41.39,success
PSP001976,PAY001976,payout,2026-08-13 20:51:00,INR,2917.24,70.01,success
PSP001977,PAY001977,deposit,2026-08-13 21:05:00,INR,33857.21,812.57,success
PSP001978,PAY001978,deposit,2026-08-14 09:59:00,MYR,1091.98,26.21,success
PSP001979,PAY001979,deposit,2026-08-14 08:44:00,INR,28686.87,688.48,success
PSP001980,PAY001980,deposit,2026-08-14 11:24:00,INR,7367.83,176.83,success
PSP001981,PAY001981,payout,2026-08-14 11:39:00,MYR,751.97,18.05,success
PSP001982,PAY001982,payout,2026-08-14 11:46:00,MYR,409.78,9.83,success
PSP001983,PAY001983,payout,2026-08-14 10:06:00,INR,22672.8,544.15,success
PSP001984,PAY001984,deposit,2026-08-14 13:19:00,MYR,1334.76,32.03,success
PSP001985,PAY001985,deposit,2026-08-14 14:00:00,MYR,1307.29,31.37,success
PSP001986,PAY001986,payout,2026-08-14 13:19:00,MYR,747.2,17.93,success
PSP001987,PAY001987,deposit,2026-08-14 16:09:00,INR,31490.26,755.77,success
PSP001988,PAY001988,deposit,2026-08-14 15:24:00,INR,5037.45,120.9,success
PSP001989,PAY001989,deposit,2026-08-14 18:41:00,MYR,416.1,9.99,success
PSP001990,PAY001990,deposit,2026-08-14 17:54:00,INR,14107.55,338.58,success
PSP001991,PAY001991,payout,2026-08-14 20:11:00,INR,12940.43,310.57,success
PSP001992,PAY001992,deposit,2026-08-14 20:15:00,MYR,1833.18,44.0,success
PSP001993,PAY001993,payout,2026-08-14 21:03:00,INR,8671.77,208.12,success
PSP001994,PAY001994,deposit,2026-08-14 21:20:00,MYR,1587.34,38.1,success
PSP001995,PAY001995,deposit,2026-08-14 20:36:00,INR,34275.77,822.62,success
PSP001996,PAY001996,deposit,2026-08-14 21:13:00,INR,33346.72,800.32,success
PSP001997,PAY001997,deposit,2026-08-14 22:09:00,MYR,1380.66,33.14,success
PSP001998,PAY001998,payout,2026-08-14 22:20:00,INR,7675.84,184.22,success
PSP001999,PAY001999,payout,2026-08-14 22:34:00,MYR,363.03,8.71,success
PSP002000,PAY002000,deposit,2026-08-17 09:15:00,MYR,306.5,7.36,success
PSP002001,PAY002001,deposit,2026-08-13 14:20:00,INR,25000.0,600.0,success
